7
0 2 0 4674
645.854 621.563 0 0 0 255
647.354 621.563 0 0 0 255
647.24 622.137 0 0 0 255
645.854 621.563 0 0 0 255
647.24 622.137 0 0 0 255
646.914 622.624 0 0 0 255
645.854 621.563 0 0 0 255
646.914 622.624 0 0 0 255
646.428 622.949 0 0 0 255
645.854 621.563 0 0 0 255
646.428 622.949 0 0 0 255
645.854 623.063 0 0 0 255
645.854 621.563 0 0 0 255
645.854 623.063 0 0 0 255
645.28 622.949 0 0 0 255
645.854 621.563 0 0 0 255
645.28 622.949 0 0 0 255
644.793 622.624 0 0 0 255
645.854 621.563 0 0 0 255
644.793 622.624 0 0 0 255
644.468 622.137 0 0 0 255
645.854 621.563 0 0 0 255
644.468 622.137 0 0 0 255
644.354 621.563 0 0 0 255
645.854 621.563 0 0 0 255
644.354 621.563 0 0 0 255
644.468 620.989 0 0 0 255
645.854 621.563 0 0 0 255
644.468 620.989 0 0 0 255
644.793 620.502 0 0 0 255
645.854 621.563 0 0 0 255
644.793 620.502 0 0 0 255
645.28 620.177 0 0 0 255
645.854 621.563 0 0 0 255
645.28 620.177 0 0 0 255
645.854 620.063 0 0 0 255
645.854 621.563 0 0 0 255
645.854 620.063 0 0 0 255
646.428 620.177 0 0 0 255
645.854 621.563 0 0 0 255
646.428 620.177 0 0 0 255
646.914 620.502 0 0 0 255
645.854 621.563 0 0 0 255
646.914 620.502 0 0 0 255
647.24 620.989 0 0 0 255
645.854 621.563 0 0 0 255
647.24 620.989 0 0 0 255
647.354 621.563 0 0 0 255
646.937 620.526 0 0 0 255
644.77 622.6 0 0 0 255
646.924 620.511 0 0 0 255
644.77 622.6 0 0 0 255
644.757 622.586 0 0 0 255
646.924 620.511 0 0 0 255
645.84 621.549 0 0 0 255
647.34 621.549 0 0 0 255
647.139 622.299 0 0 0 255
645.84 621.549 0 0 0 255
647.139 622.299 0 0 0 255
646.59 622.848 0 0 0 255
645.84 621.549 0 0 0 255
646.59 622.848 0 0 0 255
645.84 623.049 0 0 0 255
645.84 621.549 0 0 0 255
645.84 623.049 0 0 0 255
645.09 622.848 0 0 0 255
645.84 621.549 0 0 0 255
645.09 622.848 0 0 0 255
644.541 622.299 0 0 0 255
645.84 621.549 0 0 0 255
644.541 622.299 0 0 0 255
644.34 621.549 0 0 0 255
645.84 621.549 0 0 0 255
644.34 621.549 0 0 0 255
644.541 620.799 0 0 0 255
645.84 621.549 0 0 0 255
644.541 620.799 0 0 0 255
645.09 620.25 0 0 0 255
645.84 621.549 0 0 0 255
645.09 620.25 0 0 0 255
645.84 620.049 0 0 0 255
645.84 621.549 0 0 0 255
645.84 620.049 0 0 0 255
646.59 620.25 0 0 0 255
645.84 621.549 0 0 0 255
646.59 620.25 0 0 0 255
647.139 620.799 0 0 0 255
645.84 621.549 0 0 0 255
647.139 620.799 0 0 0 255
647.34 621.549 0 0 0 255
646.923 620.51 0 0 0 255
644.757 622.587 0 0 0 255
646.881 620.467 0 0 0 255
644.757 622.587 0 0 0 255
644.716 622.544 0 0 0 255
646.881 620.467 0 0 0 255
645.799 621.505 0 0 0 255
647.299 621.505 0 0 0 255
647.098 622.255 0 0 0 255
645.799 621.505 0 0 0 255
647.098 622.255 0 0 0 255
646.549 622.804 0 0 0 255
645.799 621.505 0 0 0 255
646.549 622.804 0 0 0 255
645.799 623.005 0 0 0 255
645.799 621.505 0 0 0 255
645.799 623.005 0 0 0 255
645.049 622.804 0 0 0 255
645.799 621.505 0 0 0 255
645.049 622.804 0 0 0 255
644.5 622.255 0 0 0 255
645.799 621.505 0 0 0 255
644.5 622.255 0 0 0 255
644.299 621.505 0 0 0 255
645.799 621.505 0 0 0 255
644.299 621.505 0 0 0 255
644.5 620.755 0 0 0 255
645.799 621.505 0 0 0 255
644.5 620.755 0 0 0 255
645.049 620.206 0 0 0 255
645.799 621.505 0 0 0 255
645.049 620.206 0 0 0 255
645.799 620.005 0 0 0 255
645.799 621.505 0 0 0 255
645.799 620.005 0 0 0 255
646.549 620.206 0 0 0 255
645.799 621.505 0 0 0 255
646.549 620.206 0 0 0 255
647.098 620.755 0 0 0 255
645.799 621.505 0 0 0 255
647.098 620.755 0 0 0 255
647.299 621.505 0 0 0 255
646.88 620.466 0 0 0 255
644.717 622.545 0 0 0 255
646.812 620.394 0 0 0 255
644.717 622.545 0 0 0 255
644.648 622.473 0 0 0 255
646.812 620.394 0 0 0 255
645.73 621.434 0 0 0 255
647.23 621.434 0 0 0 255
647.029 622.184 0 0 0 255
645.73 621.434 0 0 0 255
647.029 622.184 0 0 0 255
646.48 622.733 0 0 0 255
645.73 621.434 0 0 0 255
646.48 622.733 0 0 0 255
645.73 622.934 0 0 0 255
645.73 621.434 0 0 0 255
645.73 622.934 0 0 0 255
644.98 622.733 0 0 0 255
645.73 621.434 0 0 0 255
644.98 622.733 0 0 0 255
644.431 622.184 0 0 0 255
645.73 621.434 0 0 0 255
644.431 622.184 0 0 0 255
644.23 621.434 0 0 0 255
645.73 621.434 0 0 0 255
644.23 621.434 0 0 0 255
644.431 620.684 0 0 0 255
645.73 621.434 0 0 0 255
644.431 620.684 0 0 0 255
644.98 620.135 0 0 0 255
645.73 621.434 0 0 0 255
644.98 620.135 0 0 0 255
645.73 619.934 0 0 0 255
645.73 621.434 0 0 0 255
645.73 619.934 0 0 0 255
646.48 620.135 0 0 0 255
645.73 621.434 0 0 0 255
646.48 620.135 0 0 0 255
647.029 620.684 0 0 0 255
645.73 621.434 0 0 0 255
647.029 620.684 0 0 0 255
647.23 621.434 0 0 0 255
646.812 620.395 0 0 0 255
644.648 622.473 0 0 0 255
646.715 620.294 0 0 0 255
644.648 622.473 0 0 0 255
644.552 622.372 0 0 0 255
646.715 620.294 0 0 0 255
645.633 621.333 0 0 0 255
647.133 621.333 0 0 0 255
646.932 622.083 0 0 0 255
645.633 621.333 0 0 0 255
646.932 622.083 0 0 0 255
646.383 622.632 0 0 0 255
645.633 621.333 0 0 0 255
646.383 622.632 0 0 0 255
645.633 622.833 0 0 0 255
645.633 621.333 0 0 0 255
645.633 622.833 0 0 0 255
644.883 622.632 0 0 0 255
645.633 621.333 0 0 0 255
644.883 622.632 0 0 0 255
644.334 622.083 0 0 0 255
645.633 621.333 0 0 0 255
644.334 622.083 0 0 0 255
644.133 621.333 0 0 0 255
645.633 621.333 0 0 0 255
644.133 621.333 0 0 0 255
644.334 620.583 0 0 0 255
645.633 621.333 0 0 0 255
644.334 620.583 0 0 0 255
644.883 620.034 0 0 0 255
645.633 621.333 0 0 0 255
644.883 620.034 0 0 0 255
645.633 619.833 0 0 0 255
645.633 621.333 0 0 0 255
645.633 619.833 0 0 0 255
646.383 620.034 0 0 0 255
645.633 621.333 0 0 0 255
646.383 620.034 0 0 0 255
646.932 620.583 0 0 0 255
645.633 621.333 0 0 0 255
646.932 620.583 0 0 0 255
647.133 621.333 0 0 0 255
646.716 620.295 0 0 0 255
644.551 622.372 0 0 0 255
646.592 620.166 0 0 0 255
644.551 622.372 0 0 0 255
644.427 622.243 0 0 0 255
646.592 620.166 0 0 0 255
645.51 621.204 0 0 0 255
647.01 621.204 0 0 0 255
646.809 621.954 0 0 0 255
645.51 621.204 0 0 0 255
646.809 621.954 0 0 0 255
646.26 622.503 0 0 0 255
645.51 621.204 0 0 0 255
646.26 622.503 0 0 0 255
645.51 622.704 0 0 0 255
645.51 621.204 0 0 0 255
645.51 622.704 0 0 0 255
644.76 622.503 0 0 0 255
645.51 621.204 0 0 0 255
644.76 622.503 0 0 0 255
644.211 621.954 0 0 0 255
645.51 621.204 0 0 0 255
644.211 621.954 0 0 0 255
644.01 621.204 0 0 0 255
645.51 621.204 0 0 0 255
644.01 621.204 0 0 0 255
644.211 620.454 0 0 0 255
645.51 621.204 0 0 0 255
644.211 620.454 0 0 0 255
644.76 619.905 0 0 0 255
645.51 621.204 0 0 0 255
644.76 619.905 0 0 0 255
645.51 619.704 0 0 0 255
645.51 621.204 0 0 0 255
645.51 619.704 0 0 0 255
646.26 619.905 0 0 0 255
645.51 621.204 0 0 0 255
646.26 619.905 0 0 0 255
646.809 620.454 0 0 0 255
645.51 621.204 0 0 0 255
646.809 620.454 0 0 0 255
647.01 621.204 0 0 0 255
646.592 620.166 0 0 0 255
644.427 622.243 0 0 0 255
646.44 620.008 0 0 0 255
644.427 622.243 0 0 0 255
644.276 622.085 0 0 0 255
646.44 620.008 0 0 0 255
645.358 621.046 0 0 0 255
646.858 621.046 0 0 0 255
646.657 621.796 0 0 0 255
645.358 621.046 0 0 0 255
646.657 621.796 0 0 0 255
646.108 622.345 0 0 0 255
645.358 621.046 0 0 0 255
646.108 622.345 0 0 0 255
645.358 622.546 0 0 0 255
645.358 621.046 0 0 0 255
645.358 622.546 0 0 0 255
644.608 622.345 0 0 0 255
645.358 621.046 0 0 0 255
644.608 622.345 0 0 0 255
644.059 621.796 0 0 0 255
645.358 621.046 0 0 0 255
644.059 621.796 0 0 0 255
643.858 621.046 0 0 0 255
645.358 621.046 0 0 0 255
643.858 621.046 0 0 0 255
644.059 620.296 0 0 0 255
645.358 621.046 0 0 0 255
644.059 620.296 0 0 0 255
644.608 619.747 0 0 0 255
645.358 621.046 0 0 0 255
644.608 619.747 0 0 0 255
645.358 619.546 0 0 0 255
645.358 621.046 0 0 0 255
645.358 619.546 0 0 0 255
646.108 619.747 0 0 0 255
645.358 621.046 0 0 0 255
646.108 619.747 0 0 0 255
646.657 620.296 0 0 0 255
645.358 621.046 0 0 0 255
646.657 620.296 0 0 0 255
646.858 621.046 0 0 0 255
646.499 620.073 0 0 0 255
644.217 622.02 0 0 0 255
646.343 619.889 0 0 0 255
644.217 622.02 0 0 0 255
644.061 621.837 0 0 0 255
646.343 619.889 0 0 0 255
645.202 620.863 0 0 0 255
646.702 620.863 0 0 0 255
646.501 621.613 0 0 0 255
645.202 620.863 0 0 0 255
646.501 621.613 0 0 0 255
645.952 622.162 0 0 0 255
645.202 620.863 0 0 0 255
645.952 622.162 0 0 0 255
645.202 622.363 0 0 0 255
645.202 620.863 0 0 0 255
645.202 622.363 0 0 0 255
644.452 622.162 0 0 0 255
645.202 620.863 0 0 0 255
644.452 622.162 0 0 0 255
643.903 621.613 0 0 0 255
645.202 620.863 0 0 0 255
643.903 621.613 0 0 0 255
643.702 620.863 0 0 0 255
645.202 620.863 0 0 0 255
643.702 620.863 0 0 0 255
643.903 620.113 0 0 0 255
645.202 620.863 0 0 0 255
643.903 620.113 0 0 0 255
644.452 619.564 0 0 0 255
645.202 620.863 0 0 0 255
644.452 619.564 0 0 0 255
645.202 619.363 0 0 0 255
645.202 620.863 0 0 0 255
645.202 619.363 0 0 0 255
645.952 619.564 0 0 0 255
645.202 620.863 0 0 0 255
645.952 619.564 0 0 0 255
646.501 620.113 0 0 0 255
645.202 620.863 0 0 0 255
646.501 620.113 0 0 0 255
646.702 620.863 0 0 0 255
646.445 620.024 0 0 0 255
643.959 621.703 0 0 0 255
646.306 619.819 0 0 0 255
643.959 621.703 0 0 0 255
643.82 621.498 0 0 0 255
646.306 619.819 0 0 0 255
645.063 620.658 0 0 0 255
646.563 620.658 0 0 0 255
646.362 621.408 0 0 0 255
645.063 620.658 0 0 0 255
646.362 621.408 0 0 0 255
645.813 621.957 0 0 0 255
645.063 620.658 0 0 0 255
645.813 621.957 0 0 0 255
645.063 622.158 0 0 0 255
645.063 620.658 0 0 0 255
645.063 622.158 0 0 0 255
644.313 621.957 0 0 0 255
645.063 620.658 0 0 0 255
644.313 621.957 0 0 0 255
643.764 621.408 0 0 0 255
645.063 620.658 0 0 0 255
643.764 621.408 0 0 0 255
643.563 620.658 0 0 0 255
645.063 620.658 0 0 0 255
643.563 620.658 0 0 0 255
643.764 619.908 0 0 0 255
645.063 620.658 0 0 0 255
643.764 619.908 0 0 0 255
644.313 619.359 0 0 0 255
645.063 620.658 0 0 0 255
644.313 619.359 0 0 0 255
645.063 619.158 0 0 0 255
645.063 620.658 0 0 0 255
645.063 619.158 0 0 0 255
645.813 619.359 0 0 0 255
645.063 620.658 0 0 0 255
645.813 619.359 0 0 0 255
646.362 619.908 0 0 0 255
645.063 620.658 0 0 0 255
646.362 619.908 0 0 0 255
646.563 620.658 0 0 0 255
646.388 619.955 0 0 0 255
643.739 621.362 0 0 0 255
646.267 619.728 0 0 0 255
643.739 621.362 0 0 0 255
643.618 621.136 0 0 0 255
646.267 619.728 0 0 0 255
644.943 620.432 0 0 0 255
646.443 620.432 0 0 0 255
646.242 621.182 0 0 0 255
644.943 620.432 0 0 0 255
646.242 621.182 0 0 0 255
645.693 621.731 0 0 0 255
644.943 620.432 0 0 0 255
645.693 621.731 0 0 0 255
644.943 621.932 0 0 0 255
644.943 620.432 0 0 0 255
644.943 621.932 0 0 0 255
644.193 621.731 0 0 0 255
644.943 620.432 0 0 0 255
644.193 621.731 0 0 0 255
643.644 621.182 0 0 0 255
644.943 620.432 0 0 0 255
643.644 621.182 0 0 0 255
643.443 620.432 0 0 0 255
644.943 620.432 0 0 0 255
643.443 620.432 0 0 0 255
643.644 619.682 0 0 0 255
644.943 620.432 0 0 0 255
643.644 619.682 0 0 0 255
644.193 619.133 0 0 0 255
644.943 620.432 0 0 0 255
644.193 619.133 0 0 0 255
644.943 618.932 0 0 0 255
644.943 620.432 0 0 0 255
644.943 618.932 0 0 0 255
645.693 619.133 0 0 0 255
644.943 620.432 0 0 0 255
645.693 619.133 0 0 0 255
646.242 619.682 0 0 0 255
644.943 620.432 0 0 0 255
646.242 619.682 0 0 0 255
646.443 620.432 0 0 0 255
646.33 619.86 0 0 0 255
643.556 621.004 0 0 0 255
646.227 619.611 0 0 0 255
643.556 621.004 0 0 0 255
643.454 620.755 0 0 0 255
646.227 619.611 0 0 0 255
644.84 620.183 0 0 0 255
646.34 620.183 0 0 0 255
646.139 620.933 0 0 0 255
644.84 620.183 0 0 0 255
646.139 620.933 0 0 0 255
645.59 621.482 0 0 0 255
644.84 620.183 0 0 0 255
645.59 621.482 0 0 0 255
644.84 621.683 0 0 0 255
644.84 620.183 0 0 0 255
644.84 621.683 0 0 0 255
644.09 621.482 0 0 0 255
644.84 620.183 0 0 0 255
644.09 621.482 0 0 0 255
643.541 620.933 0 0 0 255
644.84 620.183 0 0 0 255
643.541 620.933 0 0 0 255
643.34 620.183 0 0 0 255
644.84 620.183 0 0 0 255
643.34 620.183 0 0 0 255
643.541 619.433 0 0 0 255
644.84 620.183 0 0 0 255
643.541 619.433 0 0 0 255
644.09 618.884 0 0 0 255
644.84 620.183 0 0 0 255
644.09 618.884 0 0 0 255
644.84 618.683 0 0 0 255
644.84 620.183 0 0 0 255
644.84 618.683 0 0 0 255
645.59 618.884 0 0 0 255
644.84 620.183 0 0 0 255
645.59 618.884 0 0 0 255
646.139 619.433 0 0 0 255
644.84 620.183 0 0 0 255
646.139 619.433 0 0 0 255
646.34 620.183 0 0 0 255
646.272 619.735 0 0 0 255
643.409 620.632 0 0 0 255
646.187 619.465 0 0 0 255
643.409 620.632 0 0 0 255
643.324 620.362 0 0 0 255
646.187 619.465 0 0 0 255
644.756 619.913 0 0 0 255
646.256 619.913 0 0 0 255
646.055 620.663 0 0 0 255
644.756 619.913 0 0 0 255
646.055 620.663 0 0 0 255
645.506 621.212 0 0 0 255
644.756 619.913 0 0 0 255
645.506 621.212 0 0 0 255
644.756 621.413 0 0 0 255
644.756 619.913 0 0 0 255
644.756 621.413 0 0 0 255
644.006 621.212 0 0 0 255
644.756 619.913 0 0 0 255
644.006 621.212 0 0 0 255
643.457 620.663 0 0 0 255
644.756 619.913 0 0 0 255
643.457 620.663 0 0 0 255
643.256 619.913 0 0 0 255
644.756 619.913 0 0 0 255
643.256 619.913 0 0 0 255
643.457 619.163 0 0 0 255
644.756 619.913 0 0 0 255
643.457 619.163 0 0 0 255
644.006 618.614 0 0 0 255
644.756 619.913 0 0 0 255
644.006 618.614 0 0 0 255
644.756 618.413 0 0 0 255
644.756 619.913 0 0 0 255
644.756 618.413 0 0 0 255
645.506 618.614 0 0 0 255
644.756 619.913 0 0 0 255
645.506 618.614 0 0 0 255
646.055 619.163 0 0 0 255
644.756 619.913 0 0 0 255
646.055 619.163 0 0 0 255
646.256 619.913 0 0 0 255
646.218 619.579 0 0 0 255
643.293 620.247 0 0 0 255
646.151 619.287 0 0 0 255
643.293 620.247 0 0 0 255
643.227 619.955 0 0 0 255
646.151 619.287 0 0 0 255
644.689 619.621 0 0 0 255
646.189 619.621 0 0 0 255
645.988 620.371 0 0 0 255
644.689 619.621 0 0 0 255
645.988 620.371 0 0 0 255
645.439 620.92 0 0 0 255
644.689 619.621 0 0 0 255
645.439 620.92 0 0 0 255
644.689 621.121 0 0 0 255
644.689 619.621 0 0 0 255
644.689 621.121 0 0 0 255
643.939 620.92 0 0 0 255
644.689 619.621 0 0 0 255
643.939 620.92 0 0 0 255
643.39 620.371 0 0 0 255
644.689 619.621 0 0 0 255
643.39 620.371 0 0 0 255
643.189 619.621 0 0 0 255
644.689 619.621 0 0 0 255
643.189 619.621 0 0 0 255
643.39 618.871 0 0 0 255
644.689 619.621 0 0 0 255
643.39 618.871 0 0 0 255
643.939 618.322 0 0 0 255
644.689 619.621 0 0 0 255
643.939 618.322 0 0 0 255
644.689 618.121 0 0 0 255
644.689 619.621 0 0 0 255
644.689 618.121 0 0 0 255
645.439 618.322 0 0 0 255
644.689 619.621 0 0 0 255
645.439 618.322 0 0 0 255
645.988 618.871 0 0 0 255
644.689 619.621 0 0 0 255
645.988 618.871 0 0 0 255
646.189 619.621 0 0 0 255
646.168 619.369 0 0 0 255
643.211 619.874 0 0 0 255
646.115 619.06 0 0 0 255
643.211 619.874 0 0 0 255
643.158 619.565 0 0 0 255
646.115 619.06 0 0 0 255
644.636 619.312 0 0 0 255
646.136 619.312 0 0 0 255
645.935 620.062 0 0 0 255
644.636 619.312 0 0 0 255
645.935 620.062 0 0 0 255
645.386 620.611 0 0 0 255
644.636 619.312 0 0 0 255
645.386 620.611 0 0 0 255
644.636 620.812 0 0 0 255
644.636 619.312 0 0 0 255
644.636 620.812 0 0 0 255
643.886 620.611 0 0 0 255
644.636 619.312 0 0 0 255
643.886 620.611 0 0 0 255
643.337 620.062 0 0 0 255
644.636 619.312 0 0 0 255
643.337 620.062 0 0 0 255
643.136 619.312 0 0 0 255
644.636 619.312 0 0 0 255
643.136 619.312 0 0 0 255
643.337 618.562 0 0 0 255
644.636 619.312 0 0 0 255
643.337 618.562 0 0 0 255
643.886 618.013 0 0 0 255
644.636 619.312 0 0 0 255
643.886 618.013 0 0 0 255
644.636 617.812 0 0 0 255
644.636 619.312 0 0 0 255
644.636 617.812 0 0 0 255
645.386 618.013 0 0 0 255
644.636 619.312 0 0 0 255
645.386 618.013 0 0 0 255
645.935 618.562 0 0 0 255
644.636 619.312 0 0 0 255
645.935 618.562 0 0 0 255
646.136 619.312 0 0 0 255
646.123 619.114 0 0 0 255
643.15 619.511 0 0 0 255
646.08 618.794 0 0 0 255
643.15 619.511 0 0 0 255
643.107 619.19 0 0 0 255
646.08 618.794 0 0 0 255
644.594 618.992 0 0 0 255
646.094 618.992 0 0 0 255
645.893 619.742 0 0 0 255
644.594 618.992 0 0 0 255
645.893 619.742 0 0 0 255
645.344 620.291 0 0 0 255
644.594 618.992 0 0 0 255
645.344 620.291 0 0 0 255
644.594 620.492 0 0 0 255
644.594 618.992 0 0 0 255
644.594 620.492 0 0 0 255
643.844 620.291 0 0 0 255
644.594 618.992 0 0 0 255
643.844 620.291 0 0 0 255
643.295 619.742 0 0 0 255
644.594 618.992 0 0 0 255
643.295 619.742 0 0 0 255
643.094 618.992 0 0 0 255
644.594 618.992 0 0 0 255
643.094 618.992 0 0 0 255
643.295 618.242 0 0 0 255
644.594 618.992 0 0 0 255
643.295 618.242 0 0 0 255
643.844 617.693 0 0 0 255
644.594 618.992 0 0 0 255
643.844 617.693 0 0 0 255
644.594 617.492 0 0 0 255
644.594 618.992 0 0 0 255
644.594 617.492 0 0 0 255
645.344 617.693 0 0 0 255
644.594 618.992 0 0 0 255
645.344 617.693 0 0 0 255
645.893 618.242 0 0 0 255
644.594 618.992 0 0 0 255
645.893 618.242 0 0 0 255
646.094 618.992 0 0 0 255
646.086 618.845 0 0 0 255
643.101 619.139 0 0 0 255
646.054 618.513 0 0 0 255
643.101 619.139 0 0 0 255
643.068 618.807 0 0 0 255
646.054 618.513 0 0 0 255
644.561 618.66 0 0 0 255
646.061 618.66 0 0 0 255
645.86 619.41 0 0 0 255
644.561 618.66 0 0 0 255
645.86 619.41 0 0 0 255
645.311 619.959 0 0 0 255
644.561 618.66 0 0 0 255
645.311 619.959 0 0 0 255
644.561 620.16 0 0 0 255
644.561 618.66 0 0 0 255
644.561 620.16 0 0 0 255
643.811 619.959 0 0 0 255
644.561 618.66 0 0 0 255
643.811 619.959 0 0 0 255
643.262 619.41 0 0 0 255
644.561 618.66 0 0 0 255
643.262 619.41 0 0 0 255
643.061 618.66 0 0 0 255
644.561 618.66 0 0 0 255
643.061 618.66 0 0 0 255
643.262 617.91 0 0 0 255
644.561 618.66 0 0 0 255
643.262 617.91 0 0 0 255
643.811 617.361 0 0 0 255
644.561 618.66 0 0 0 255
643.811 617.361 0 0 0 255
644.561 617.16 0 0 0 255
644.561 618.66 0 0 0 255
644.561 617.16 0 0 0 255
645.311 617.361 0 0 0 255
644.561 618.66 0 0 0 255
645.311 617.361 0 0 0 255
645.86 617.91 0 0 0 255
644.561 618.66 0 0 0 255
645.86 617.91 0 0 0 255
646.061 618.66 0 0 0 255
646.058 618.561 0 0 0 255
643.064 618.759 0 0 0 255
646.035 618.218 0 0 0 255
643.064 618.759 0 0 0 255
643.041 618.416 0 0 0 255
646.035 618.218 0 0 0 255
644.538 618.317 0 0 0 255
646.038 618.317 0 0 0 255
645.837 619.067 0 0 0 255
644.538 618.317 0 0 0 255
645.837 619.067 0 0 0 255
645.288 619.616 0 0 0 255
644.538 618.317 0 0 0 255
645.288 619.616 0 0 0 255
644.538 619.817 0 0 0 255
644.538 618.317 0 0 0 255
644.538 619.817 0 0 0 255
643.788 619.616 0 0 0 255
644.538 618.317 0 0 0 255
643.788 619.616 0 0 0 255
643.239 619.067 0 0 0 255
644.538 618.317 0 0 0 255
643.239 619.067 0 0 0 255
643.038 618.317 0 0 0 255
644.538 618.317 0 0 0 255
643.038 618.317 0 0 0 255
643.239 617.567 0 0 0 255
644.538 618.317 0 0 0 255
643.239 617.567 0 0 0 255
643.788 617.018 0 0 0 255
644.538 618.317 0 0 0 255
643.788 617.018 0 0 0 255
644.538 616.817 0 0 0 255
644.538 618.317 0 0 0 255
644.538 616.817 0 0 0 255
645.288 617.018 0 0 0 255
644.538 618.317 0 0 0 255
645.288 617.018 0 0 0 255
645.837 617.567 0 0 0 255
644.538 618.317 0 0 0 255
645.837 617.567 0 0 0 255
646.038 618.317 0 0 0 255
646.037 618.263 0 0 0 255
643.039 618.371 0 0 0 255
646.024 617.908 0 0 0 255
643.039 618.371 0 0 0 255
643.026 618.016 0 0 0 255
646.024 617.908 0 0 0 255
644.525 617.962 0 0 0 255
646.025 617.962 0 0 0 255
645.824 618.712 0 0 0 255
644.525 617.962 0 0 0 255
645.824 618.712 0 0 0 255
645.275 619.261 0 0 0 255
644.525 617.962 0 0 0 255
645.275 619.261 0 0 0 255
644.525 619.462 0 0 0 255
644.525 617.962 0 0 0 255
644.525 619.462 0 0 0 255
643.775 619.261 0 0 0 255
644.525 617.962 0 0 0 255
643.775 619.261 0 0 0 255
643.226 618.712 0 0 0 255
644.525 617.962 0 0 0 255
643.226 618.712 0 0 0 255
643.025 617.962 0 0 0 255
644.525 617.962 0 0 0 255
643.025 617.962 0 0 0 255
643.226 617.212 0 0 0 255
644.525 617.962 0 0 0 255
643.226 617.212 0 0 0 255
643.775 616.663 0 0 0 255
644.525 617.962 0 0 0 255
643.775 616.663 0 0 0 255
644.525 616.462 0 0 0 255
644.525 617.962 0 0 0 255
644.525 616.462 0 0 0 255
645.275 616.663 0 0 0 255
644.525 617.962 0 0 0 255
645.275 616.663 0 0 0 255
645.824 617.212 0 0 0 255
644.525 617.962 0 0 0 255
645.824 617.212 0 0 0 255
646.025 617.962 0 0 0 255
646.025 617.95 0 0 0 255
643.025 617.973 0 0 0 255
646.023 617.584 0 0 0 255
643.025 617.973 0 0 0 255
643.023 617.607 0 0 0 255
646.023 617.584 0 0 0 255
644.523 617.595 0 0 0 255
646.023 617.595 0 0 0 255
645.822 618.345 0 0 0 255
644.523 617.595 0 0 0 255
645.822 618.345 0 0 0 255
645.273 618.894 0 0 0 255
644.523 617.595 0 0 0 255
645.273 618.894 0 0 0 255
644.523 619.095 0 0 0 255
644.523 617.595 0 0 0 255
644.523 619.095 0 0 0 255
643.773 618.894 0 0 0 255
644.523 617.595 0 0 0 255
643.773 618.894 0 0 0 255
643.224 618.345 0 0 0 255
644.523 617.595 0 0 0 255
643.224 618.345 0 0 0 255
643.023 617.595 0 0 0 255
644.523 617.595 0 0 0 255
643.023 617.595 0 0 0 255
643.224 616.845 0 0 0 255
644.523 617.595 0 0 0 255
643.224 616.845 0 0 0 255
643.773 616.296 0 0 0 255
644.523 617.595 0 0 0 255
643.773 616.296 0 0 0 255
644.523 616.095 0 0 0 255
644.523 617.595 0 0 0 255
644.523 616.095 0 0 0 255
645.273 616.296 0 0 0 255
644.523 617.595 0 0 0 255
645.273 616.296 0 0 0 255
645.822 616.845 0 0 0 255
644.523 617.595 0 0 0 255
645.822 616.845 0 0 0 255
646.023 617.595 0 0 0 255
646.021 617.656 0 0 0 255
643.024 617.534 0 0 0 255
646.038 617.246 0 0 0 255
643.024 617.534 0 0 0 255
643.041 617.123 0 0 0 255
646.038 617.246 0 0 0 255
644.539 617.184 0 0 0 255
646.039 617.184 0 0 0 255
645.838 617.934 0 0 0 255
644.539 617.184 0 0 0 255
645.838 617.934 0 0 0 255
645.289 618.483 0 0 0 255
644.539 617.184 0 0 0 255
645.289 618.483 0 0 0 255
644.539 618.684 0 0 0 255
644.539 617.184 0 0 0 255
644.539 618.684 0 0 0 255
643.789 618.483 0 0 0 255
644.539 617.184 0 0 0 255
643.789 618.483 0 0 0 255
643.24 617.934 0 0 0 255
644.539 617.184 0 0 0 255
643.24 617.934 0 0 0 255
643.039 617.184 0 0 0 255
644.539 617.184 0 0 0 255
643.039 617.184 0 0 0 255
643.24 616.434 0 0 0 255
644.539 617.184 0 0 0 255
643.24 616.434 0 0 0 255
643.789 615.885 0 0 0 255
644.539 617.184 0 0 0 255
643.789 615.885 0 0 0 255
644.539 615.684 0 0 0 255
644.539 617.184 0 0 0 255
644.539 615.684 0 0 0 255
645.289 615.885 0 0 0 255
644.539 617.184 0 0 0 255
645.289 615.885 0 0 0 255
645.838 616.434 0 0 0 255
644.539 617.184 0 0 0 255
645.838 616.434 0 0 0 255
646.039 617.184 0 0 0 255
646.033 617.326 0 0 0 255
643.046 617.043 0 0 0 255
646.079 616.838 0 0 0 255
643.046 617.043 0 0 0 255
643.092 616.555 0 0 0 255
646.079 616.838 0 0 0 255
644.586 616.696 0 0 0 255
646.086 616.696 0 0 0 255
645.885 617.446 0 0 0 255
644.586 616.696 0 0 0 255
645.885 617.446 0 0 0 255
645.336 617.995 0 0 0 255
644.586 616.696 0 0 0 255
645.336 617.995 0 0 0 255
644.586 618.196 0 0 0 255
644.586 616.696 0 0 0 255
644.586 618.196 0 0 0 255
643.836 617.995 0 0 0 255
644.586 616.696 0 0 0 255
643.836 617.995 0 0 0 255
643.286 617.446 0 0 0 255
644.586 616.696 0 0 0 255
643.286 617.446 0 0 0 255
643.086 616.696 0 0 0 255
644.586 616.696 0 0 0 255
643.086 616.696 0 0 0 255
643.286 615.946 0 0 0 255
644.586 616.696 0 0 0 255
643.286 615.946 0 0 0 255
643.836 615.397 0 0 0 255
644.586 616.696 0 0 0 255
643.836 615.397 0 0 0 255
644.586 615.196 0 0 0 255
644.586 616.696 0 0 0 255
644.586 615.196 0 0 0 255
645.336 615.397 0 0 0 255
644.586 616.696 0 0 0 255
645.336 615.397 0 0 0 255
645.885 615.946 0 0 0 255
644.586 616.696 0 0 0 255
645.885 615.946 0 0 0 255
646.086 616.696 0 0 0 255
646.072 616.895 0 0 0 255
643.099 616.498 0 0 0 255
646.148 616.33 0 0 0 255
643.099 616.498 0 0 0 255
643.174 615.933 0 0 0 255
646.148 616.33 0 0 0 255
644.661 616.132 0 0 0 255
646.161 616.132 0 0 0 255
645.96 616.882 0 0 0 255
644.661 616.132 0 0 0 255
645.96 616.882 0 0 0 255
645.411 617.431 0 0 0 255
644.661 616.132 0 0 0 255
645.411 617.431 0 0 0 255
644.661 617.632 0 0 0 255
644.661 616.132 0 0 0 255
644.661 617.632 0 0 0 255
643.911 617.431 0 0 0 255
644.661 616.132 0 0 0 255
643.911 617.431 0 0 0 255
643.362 616.882 0 0 0 255
644.661 616.132 0 0 0 255
643.362 616.882 0 0 0 255
643.161 616.132 0 0 0 255
644.661 616.132 0 0 0 255
643.161 616.132 0 0 0 255
643.362 615.382 0 0 0 255
644.661 616.132 0 0 0 255
643.362 615.382 0 0 0 255
643.911 614.833 0 0 0 255
644.661 616.132 0 0 0 255
643.911 614.833 0 0 0 255
644.661 614.632 0 0 0 255
644.661 616.132 0 0 0 255
644.661 614.632 0 0 0 255
645.411 614.833 0 0 0 255
644.661 616.132 0 0 0 255
645.411 614.833 0 0 0 255
645.96 615.382 0 0 0 255
644.661 616.132 0 0 0 255
645.96 615.382 0 0 0 255
646.161 616.132 0 0 0 255
646.141 616.373 0 0 0 255
643.18 615.89 0 0 0 255
646.246 615.731 0 0 0 255
643.18 615.89 0 0 0 255
643.285 615.248 0 0 0 255
646.246 615.731 0 0 0 255
644.766 615.49 0 0 0 255
646.266 615.49 0 0 0 255
646.065 616.24 0 0 0 255
644.766 615.49 0 0 0 255
646.065 616.24 0 0 0 255
645.516 616.789 0 0 0 255
644.766 615.49 0 0 0 255
645.516 616.789 0 0 0 255
644.766 616.99 0 0 0 255
644.766 615.49 0 0 0 255
644.766 616.99 0 0 0 255
644.016 616.789 0 0 0 255
644.766 615.49 0 0 0 255
644.016 616.789 0 0 0 255
643.467 616.24 0 0 0 255
644.766 615.49 0 0 0 255
643.467 616.24 0 0 0 255
643.266 615.49 0 0 0 255
644.766 615.49 0 0 0 255
643.266 615.49 0 0 0 255
643.467 614.74 0 0 0 255
644.766 615.49 0 0 0 255
643.467 614.74 0 0 0 255
644.016 614.191 0 0 0 255
644.766 615.49 0 0 0 255
644.016 614.191 0 0 0 255
644.766 613.99 0 0 0 255
644.766 615.49 0 0 0 255
644.766 613.99 0 0 0 255
645.516 614.191 0 0 0 255
644.766 615.49 0 0 0 255
645.516 614.191 0 0 0 255
646.065 614.74 0 0 0 255
644.766 615.49 0 0 0 255
646.065 614.74 0 0 0 255
646.266 615.49 0 0 0 255
646.24 615.765 0 0 0 255
643.291 615.215 0 0 0 255
646.374 615.046 0 0 0 255
643.291 615.215 0 0 0 255
643.425 614.496 0 0 0 255
646.374 615.046 0 0 0 255
644.9 614.771 0 0 0 255
646.4 614.771 0 0 0 255
646.199 615.521 0 0 0 255
644.9 614.771 0 0 0 255
646.199 615.521 0 0 0 255
645.65 616.07 0 0 0 255
644.9 614.771 0 0 0 255
645.65 616.07 0 0 0 255
644.9 616.271 0 0 0 255
644.9 614.771 0 0 0 255
644.9 616.271 0 0 0 255
644.15 616.07 0 0 0 255
644.9 614.771 0 0 0 255
644.15 616.07 0 0 0 255
643.601 615.521 0 0 0 255
644.9 614.771 0 0 0 255
643.601 615.521 0 0 0 255
643.4 614.771 0 0 0 255
644.9 614.771 0 0 0 255
643.4 614.771 0 0 0 255
643.601 614.021 0 0 0 255
644.9 614.771 0 0 0 255
643.601 614.021 0 0 0 255
644.15 613.472 0 0 0 255
644.9 614.771 0 0 0 255
644.15 613.472 0 0 0 255
644.9 613.271 0 0 0 255
644.9 614.771 0 0 0 255
644.9 613.271 0 0 0 255
645.65 613.472 0 0 0 255
644.9 614.771 0 0 0 255
645.65 613.472 0 0 0 255
646.199 614.021 0 0 0 255
644.9 614.771 0 0 0 255
646.199 614.021 0 0 0 255
646.4 614.771 0 0 0 255
646.369 615.073 0 0 0 255
643.43 614.47 0 0 0 255
646.532 614.277 0 0 0 255
643.43 614.47 0 0 0 255
643.593 613.674 0 0 0 255
646.532 614.277 0 0 0 255
645.063 613.975 0 0 0 255
646.563 613.975 0 0 0 255
646.362 614.725 0 0 0 255
645.063 613.975 0 0 0 255
646.362 614.725 0 0 0 255
645.813 615.274 0 0 0 255
645.063 613.975 0 0 0 255
645.813 615.274 0 0 0 255
645.063 615.475 0 0 0 255
645.063 613.975 0 0 0 255
645.063 615.475 0 0 0 255
644.313 615.274 0 0 0 255
645.063 613.975 0 0 0 255
644.313 615.274 0 0 0 255
643.764 614.725 0 0 0 255
645.063 613.975 0 0 0 255
643.764 614.725 0 0 0 255
643.563 613.975 0 0 0 255
645.063 613.975 0 0 0 255
643.563 613.975 0 0 0 255
643.764 613.225 0 0 0 255
645.063 613.975 0 0 0 255
643.764 613.225 0 0 0 255
644.313 612.676 0 0 0 255
645.063 613.975 0 0 0 255
644.313 612.676 0 0 0 255
645.063 612.475 0 0 0 255
645.063 613.975 0 0 0 255
645.063 612.475 0 0 0 255
645.813 612.676 0 0 0 255
645.063 613.975 0 0 0 255
645.813 612.676 0 0 0 255
646.362 613.225 0 0 0 255
645.063 613.975 0 0 0 255
646.362 613.225 0 0 0 255
646.563 613.975 0 0 0 255
646.521 614.329 0 0 0 255
643.605 613.622 0 0 0 255
646.728 613.471 0 0 0 255
643.605 613.622 0 0 0 255
643.813 612.765 0 0 0 255
646.728 613.471 0 0 0 255
645.27 613.118 0 0 0 255
646.77 613.118 0 0 0 255
646.569 613.868 0 0 0 255
645.27 613.118 0 0 0 255
646.569 613.868 0 0 0 255
646.02 614.417 0 0 0 255
645.27 613.118 0 0 0 255
646.02 614.417 0 0 0 255
645.27 614.618 0 0 0 255
645.27 613.118 0 0 0 255
645.27 614.618 0 0 0 255
644.52 614.417 0 0 0 255
645.27 613.118 0 0 0 255
644.52 614.417 0 0 0 255
643.971 613.868 0 0 0 255
645.27 613.118 0 0 0 255
643.971 613.868 0 0 0 255
643.77 613.118 0 0 0 255
645.27 613.118 0 0 0 255
643.77 613.118 0 0 0 255
643.971 612.368 0 0 0 255
645.27 613.118 0 0 0 255
643.971 612.368 0 0 0 255
644.52 611.819 0 0 0 255
645.27 613.118 0 0 0 255
644.52 611.819 0 0 0 255
645.27 611.618 0 0 0 255
645.27 613.118 0 0 0 255
645.27 611.618 0 0 0 255
646.02 611.819 0 0 0 255
645.27 613.118 0 0 0 255
646.02 611.819 0 0 0 255
646.569 612.368 0 0 0 255
645.27 613.118 0 0 0 255
646.569 612.368 0 0 0 255
646.77 613.118 0 0 0 255
646.709 613.544 0 0 0 255
643.832 612.693 0 0 0 255
646.976 612.641 0 0 0 255
643.832 612.693 0 0 0 255
644.099 611.79 0 0 0 255
646.976 612.641 0 0 0 255
645.537 612.216 0 0 0 255
647.037 612.216 0 0 0 255
646.836 612.966 0 0 0 255
645.537 612.216 0 0 0 255
646.836 612.966 0 0 0 255
646.287 613.515 0 0 0 255
645.537 612.216 0 0 0 255
646.287 613.515 0 0 0 255
645.537 613.716 0 0 0 255
645.537 612.216 0 0 0 255
645.537 613.716 0 0 0 255
644.787 613.515 0 0 0 255
645.537 612.216 0 0 0 255
644.787 613.515 0 0 0 255
644.238 612.966 0 0 0 255
645.537 612.216 0 0 0 255
644.238 612.966 0 0 0 255
644.037 612.216 0 0 0 255
645.537 612.216 0 0 0 255
644.037 612.216 0 0 0 255
644.238 611.466 0 0 0 255
645.537 612.216 0 0 0 255
644.238 611.466 0 0 0 255
644.787 610.917 0 0 0 255
645.537 612.216 0 0 0 255
644.787 610.917 0 0 0 255
645.537 610.716 0 0 0 255
645.537 612.216 0 0 0 255
645.537 610.716 0 0 0 255
646.287 610.917 0 0 0 255
645.537 612.216 0 0 0 255
646.287 610.917 0 0 0 255
646.836 611.466 0 0 0 255
645.537 612.216 0 0 0 255
646.836 611.466 0 0 0 255
647.037 612.216 0 0 0 255
646.956 612.705 0 0 0 255
644.119 611.727 0 0 0 255
647.282 611.757 0 0 0 255
644.119 611.727 0 0 0 255
644.446 610.779 0 0 0 255
647.282 611.757 0 0 0 255
645.864 611.268 0 0 0 255
647.364 611.268 0 0 0 255
647.163 612.018 0 0 0 255
645.864 611.268 0 0 0 255
647.163 612.018 0 0 0 255
646.614 612.567 0 0 0 255
645.864 611.268 0 0 0 255
646.614 612.567 0 0 0 255
645.864 612.768 0 0 0 255
645.864 611.268 0 0 0 255
645.864 612.768 0 0 0 255
645.114 612.567 0 0 0 255
645.864 611.268 0 0 0 255
645.114 612.567 0 0 0 255
644.565 612.018 0 0 0 255
645.864 611.268 0 0 0 255
644.565 612.018 0 0 0 255
644.364 611.268 0 0 0 255
645.864 611.268 0 0 0 255
644.364 611.268 0 0 0 255
644.565 610.518 0 0 0 255
645.864 611.268 0 0 0 255
644.565 610.518 0 0 0 255
645.114 609.969 0 0 0 255
645.864 611.268 0 0 0 255
645.114 609.969 0 0 0 255
645.864 609.768 0 0 0 255
645.864 611.268 0 0 0 255
645.864 609.768 0 0 0 255
646.614 609.969 0 0 0 255
645.864 611.268 0 0 0 255
646.614 609.969 0 0 0 255
647.163 610.518 0 0 0 255
645.864 611.268 0 0 0 255
647.163 610.518 0 0 0 255
647.364 611.268 0 0 0 255
647.262 611.811 0 0 0 255
644.466 610.724 0 0 0 255
647.648 610.818 0 0 0 255
644.466 610.724 0 0 0 255
644.852 609.731 0 0 0 255
647.648 610.818 0 0 0 255
646.25 610.274 0 0 0 255
647.75 610.274 0 0 0 255
647.549 611.024 0 0 0 255
646.25 610.274 0 0 0 255
647.549 611.024 0 0 0 255
647 611.573 0 0 0 255
646.25 610.274 0 0 0 255
647 611.573 0 0 0 255
646.25 611.774 0 0 0 255
646.25 610.274 0 0 0 255
646.25 611.774 0 0 0 255
645.5 611.573 0 0 0 255
646.25 610.274 0 0 0 255
645.5 611.573 0 0 0 255
644.951 611.024 0 0 0 255
646.25 610.274 0 0 0 255
644.951 611.024 0 0 0 255
644.75 610.274 0 0 0 255
646.25 610.274 0 0 0 255
644.75 610.274 0 0 0 255
644.951 609.524 0 0 0 255
646.25 610.274 0 0 0 255
644.951 609.524 0 0 0 255
645.5 608.975 0 0 0 255
646.25 610.274 0 0 0 255
645.5 608.975 0 0 0 255
646.25 608.774 0 0 0 255
646.25 610.274 0 0 0 255
646.25 608.774 0 0 0 255
647 608.975 0 0 0 255
646.25 610.274 0 0 0 255
647 608.975 0 0 0 255
647.549 609.524 0 0 0 255
646.25 610.274 0 0 0 255
647.549 609.524 0 0 0 255
647.75 610.274 0 0 0 255
647.629 610.866 0 0 0 255
644.872 609.683 0 0 0 255
648.075 609.827 0 0 0 255
644.872 609.683 0 0 0 255
645.318 608.644 0 0 0 255
648.075 609.827 0 0 0 255
646.696 609.235 0 0 0 255
648.196 609.235 0 0 0 255
647.995 609.985 0 0 0 255
646.696 609.235 0 0 0 255
647.995 609.985 0 0 0 255
647.446 610.534 0 0 0 255
646.696 609.235 0 0 0 255
647.446 610.534 0 0 0 255
646.696 610.735 0 0 0 255
646.696 609.235 0 0 0 255
646.696 610.735 0 0 0 255
645.946 610.534 0 0 0 255
646.696 609.235 0 0 0 255
645.946 610.534 0 0 0 255
645.397 609.985 0 0 0 255
646.696 609.235 0 0 0 255
645.397 609.985 0 0 0 255
645.196 609.235 0 0 0 255
646.696 609.235 0 0 0 255
645.196 609.235 0 0 0 255
645.397 608.485 0 0 0 255
646.696 609.235 0 0 0 255
645.397 608.485 0 0 0 255
645.946 607.936 0 0 0 255
646.696 609.235 0 0 0 255
645.946 607.936 0 0 0 255
646.696 607.735 0 0 0 255
646.696 609.235 0 0 0 255
646.696 607.735 0 0 0 255
647.446 607.936 0 0 0 255
646.696 609.235 0 0 0 255
647.446 607.936 0 0 0 255
647.995 608.485 0 0 0 255
646.696 609.235 0 0 0 255
647.995 608.485 0 0 0 255
648.196 609.235 0 0 0 255
648.056 609.869 0 0 0 255
645.336 608.602 0 0 0 255
648.561 608.785 0 0 0 255
645.336 608.602 0 0 0 255
645.842 607.518 0 0 0 255
648.561 608.785 0 0 0 255
647.201 608.151 0 0 0 255
648.701 608.151 0 0 0 255
648.5 608.901 0 0 0 255
647.201 608.151 0 0 0 255
648.5 608.901 0 0 0 255
647.951 609.45 0 0 0 255
647.201 608.151 0 0 0 255
647.951 609.45 0 0 0 255
647.201 609.651 0 0 0 255
647.201 608.151 0 0 0 255
647.201 609.651 0 0 0 255
646.451 609.45 0 0 0 255
647.201 608.151 0 0 0 255
646.451 609.45 0 0 0 255
645.902 608.901 0 0 0 255
647.201 608.151 0 0 0 255
645.902 608.901 0 0 0 255
645.701 608.151 0 0 0 255
647.201 608.151 0 0 0 255
645.701 608.151 0 0 0 255
645.902 607.401 0 0 0 255
647.201 608.151 0 0 0 255
645.902 607.401 0 0 0 255
646.451 606.852 0 0 0 255
647.201 608.151 0 0 0 255
646.451 606.852 0 0 0 255
647.201 606.651 0 0 0 255
647.201 608.151 0 0 0 255
647.201 606.651 0 0 0 255
647.951 606.852 0 0 0 255
647.201 608.151 0 0 0 255
647.951 606.852 0 0 0 255
648.5 607.401 0 0 0 255
647.201 608.151 0 0 0 255
648.5 607.401 0 0 0 255
648.701 608.151 0 0 0 255
648.557 608.792 0 0 0 255
645.845 607.51 0 0 0 255
649.1 607.645 0 0 0 255
645.845 607.51 0 0 0 255
646.388 606.363 0 0 0 255
649.1 607.645 0 0 0 255
647.744 607.004 0 0 0 255
649.244 607.004 0 0 0 255
649.043 607.754 0 0 0 255
647.744 607.004 0 0 0 255
649.043 607.754 0 0 0 255
648.494 608.303 0 0 0 255
647.744 607.004 0 0 0 255
648.494 608.303 0 0 0 255
647.744 608.504 0 0 0 255
647.744 607.004 0 0 0 255
647.744 608.504 0 0 0 255
646.994 608.303 0 0 0 255
647.744 607.004 0 0 0 255
646.994 608.303 0 0 0 255
646.445 607.754 0 0 0 255
647.744 607.004 0 0 0 255
646.445 607.754 0 0 0 255
646.244 607.004 0 0 0 255
647.744 607.004 0 0 0 255
646.244 607.004 0 0 0 255
646.445 606.254 0 0 0 255
647.744 607.004 0 0 0 255
646.445 606.254 0 0 0 255
646.994 605.705 0 0 0 255
647.744 607.004 0 0 0 255
646.994 605.705 0 0 0 255
647.744 605.504 0 0 0 255
647.744 607.004 0 0 0 255
647.744 605.504 0 0 0 255
648.494 605.705 0 0 0 255
647.744 607.004 0 0 0 255
648.494 605.705 0 0 0 255
649.043 606.254 0 0 0 255
647.744 607.004 0 0 0 255
649.043 606.254 0 0 0 255
649.244 607.004 0 0 0 255
649.11 607.624 0 0 0 255
646.378 606.383 0 0 0 255
649.667 606.397 0 0 0 255
646.378 606.383 0 0 0 255
646.936 605.156 0 0 0 255
649.667 606.397 0 0 0 255
648.302 605.776 0 0 0 255
649.802 605.776 0 0 0 255
649.601 606.526 0 0 0 255
648.302 605.776 0 0 0 255
649.601 606.526 0 0 0 255
649.052 607.075 0 0 0 255
648.302 605.776 0 0 0 255
649.052 607.075 0 0 0 255
648.302 607.276 0 0 0 255
648.302 605.776 0 0 0 255
648.302 607.276 0 0 0 255
647.552 607.075 0 0 0 255
648.302 605.776 0 0 0 255
647.552 607.075 0 0 0 255
647.003 606.526 0 0 0 255
648.302 605.776 0 0 0 255
647.003 606.526 0 0 0 255
646.802 605.776 0 0 0 255
648.302 605.776 0 0 0 255
646.802 605.776 0 0 0 255
647.003 605.026 0 0 0 255
648.302 605.776 0 0 0 255
647.003 605.026 0 0 0 255
647.552 604.477 0 0 0 255
648.302 605.776 0 0 0 255
647.552 604.477 0 0 0 255
648.302 604.276 0 0 0 255
648.302 605.776 0 0 0 255
648.302 604.276 0 0 0 255
649.052 604.477 0 0 0 255
648.302 605.776 0 0 0 255
649.052 604.477 0 0 0 255
649.601 605.026 0 0 0 255
648.302 605.776 0 0 0 255
649.601 605.026 0 0 0 255
649.802 605.776 0 0 0 255
649.676 606.378 0 0 0 255
646.928 605.174 0 0 0 255
650.249 605.071 0 0 0 255
646.928 605.174 0 0 0 255
647.501 603.867 0 0 0 255
650.249 605.071 0 0 0 255
648.875 604.469 0 0 0 255
650.375 604.469 0 0 0 255
650.174 605.219 0 0 0 255
648.875 604.469 0 0 0 255
650.174 605.219 0 0 0 255
649.625 605.768 0 0 0 255
648.875 604.469 0 0 0 255
649.625 605.768 0 0 0 255
648.875 605.969 0 0 0 255
648.875 604.469 0 0 0 255
648.875 605.969 0 0 0 255
648.125 605.768 0 0 0 255
648.875 604.469 0 0 0 255
648.125 605.768 0 0 0 255
647.576 605.219 0 0 0 255
648.875 604.469 0 0 0 255
647.576 605.219 0 0 0 255
647.375 604.469 0 0 0 255
648.875 604.469 0 0 0 255
647.375 604.469 0 0 0 255
647.576 603.719 0 0 0 255
648.875 604.469 0 0 0 255
647.576 603.719 0 0 0 255
648.125 603.17 0 0 0 255
648.875 604.469 0 0 0 255
648.125 603.17 0 0 0 255
648.875 602.969 0 0 0 255
648.875 604.469 0 0 0 255
648.875 602.969 0 0 0 255
649.625 603.17 0 0 0 255
648.875 604.469 0 0 0 255
649.625 603.17 0 0 0 255
650.174 603.719 0 0 0 255
648.875 604.469 0 0 0 255
650.174 603.719 0 0 0 255
650.375 604.469 0 0 0 255
650.256 605.054 0 0 0 255
647.494 603.883 0 0 0 255
650.844 603.666 0 0 0 255
647.494 603.883 0 0 0 255
648.082 602.496 0 0 0 255
650.844 603.666 0 0 0 255
649.463 603.081 0 0 0 255
650.963 603.081 0 0 0 255
650.762 603.831 0 0 0 255
649.463 603.081 0 0 0 255
650.762 603.831 0 0 0 255
650.213 604.38 0 0 0 255
649.463 603.081 0 0 0 255
650.213 604.38 0 0 0 255
649.463 604.581 0 0 0 255
649.463 603.081 0 0 0 255
649.463 604.581 0 0 0 255
648.713 604.38 0 0 0 255
649.463 603.081 0 0 0 255
648.713 604.38 0 0 0 255
648.164 603.831 0 0 0 255
649.463 603.081 0 0 0 255
648.164 603.831 0 0 0 255
647.963 603.081 0 0 0 255
649.463 603.081 0 0 0 255
647.963 603.081 0 0 0 255
648.164 602.331 0 0 0 255
649.463 603.081 0 0 0 255
648.164 602.331 0 0 0 255
648.713 601.782 0 0 0 255
649.463 603.081 0 0 0 255
648.713 601.782 0 0 0 255
649.463 601.581 0 0 0 255
649.463 603.081 0 0 0 255
649.463 601.581 0 0 0 255
650.213 601.782 0 0 0 255
649.463 603.081 0 0 0 255
650.213 601.782 0 0 0 255
650.762 602.331 0 0 0 255
649.463 603.081 0 0 0 255
650.762 602.331 0 0 0 255
650.963 603.081 0 0 0 255
650.85 603.651 0 0 0 255
648.075 602.511 0 0 0 255
651.454 602.183 0 0 0 255
648.075 602.511 0 0 0 255
648.679 601.042 0 0 0 255
651.454 602.183 0 0 0 255
650.066 601.613 0 0 0 255
651.566 601.613 0 0 0 255
651.365 602.363 0 0 0 255
650.066 601.613 0 0 0 255
651.365 602.363 0 0 0 255
650.816 602.912 0 0 0 255
650.066 601.613 0 0 0 255
650.816 602.912 0 0 0 255
650.066 603.113 0 0 0 255
650.066 601.613 0 0 0 255
650.066 603.113 0 0 0 255
649.316 602.912 0 0 0 255
650.066 601.613 0 0 0 255
649.316 602.912 0 0 0 255
648.767 602.363 0 0 0 255
650.066 601.613 0 0 0 255
648.767 602.363 0 0 0 255
648.566 601.613 0 0 0 255
650.066 601.613 0 0 0 255
648.566 601.613 0 0 0 255
648.767 600.863 0 0 0 255
650.066 601.613 0 0 0 255
648.767 600.863 0 0 0 255
649.316 600.314 0 0 0 255
650.066 601.613 0 0 0 255
649.316 600.314 0 0 0 255
650.066 600.113 0 0 0 255
650.066 601.613 0 0 0 255
650.066 600.113 0 0 0 255
650.816 600.314 0 0 0 255
650.066 601.613 0 0 0 255
650.816 600.314 0 0 0 255
651.365 600.863 0 0 0 255
650.066 601.613 0 0 0 255
651.365 600.863 0 0 0 255
651.566 601.613 0 0 0 255
651.459 602.169 0 0 0 255
648.673 601.056 0 0 0 255
652.078 600.621 0 0 0 255
648.673 601.056 0 0 0 255
649.292 599.508 0 0 0 255
652.078 600.621 0 0 0 255
650.685 600.064 0 0 0 255
652.185 600.064 0 0 0 255
651.984 600.814 0 0 0 255
650.685 600.064 0 0 0 255
651.984 600.814 0 0 0 255
651.435 601.363 0 0 0 255
650.685 600.064 0 0 0 255
651.435 601.363 0 0 0 255
650.685 601.564 0 0 0 255
650.685 600.064 0 0 0 255
650.685 601.564 0 0 0 255
649.935 601.363 0 0 0 255
650.685 600.064 0 0 0 255
649.935 601.363 0 0 0 255
649.386 600.814 0 0 0 255
650.685 600.064 0 0 0 255
649.386 600.814 0 0 0 255
649.185 600.064 0 0 0 255
650.685 600.064 0 0 0 255
649.185 600.064 0 0 0 255
649.386 599.314 0 0 0 255
650.685 600.064 0 0 0 255
649.386 599.314 0 0 0 255
649.935 598.765 0 0 0 255
650.685 600.064 0 0 0 255
649.935 598.765 0 0 0 255
650.685 598.564 0 0 0 255
650.685 600.064 0 0 0 255
650.685 598.564 0 0 0 255
651.435 598.765 0 0 0 255
650.685 600.064 0 0 0 255
651.435 598.765 0 0 0 255
651.984 599.314 0 0 0 255
650.685 600.064 0 0 0 255
651.984 599.314 0 0 0 255
652.185 600.064 0 0 0 255
652.08 600.615 0 0 0 255
649.289 599.514 0 0 0 255
652.731 598.965 0 0 0 255
649.289 599.514 0 0 0 255
649.94 597.865 0 0 0 255
652.731 598.965 0 0 0 255
651.335 598.415 0 0 0 255
652.835 598.415 0 0 0 255
652.634 599.165 0 0 0 255
651.335 598.415 0 0 0 255
652.634 599.165 0 0 0 255
652.085 599.714 0 0 0 255
651.335 598.415 0 0 0 255
652.085 599.714 0 0 0 255
651.335 599.915 0 0 0 255
651.335 598.415 0 0 0 255
651.335 599.915 0 0 0 255
650.585 599.714 0 0 0 255
651.335 598.415 0 0 0 255
650.585 599.714 0 0 0 255
650.036 599.165 0 0 0 255
651.335 598.415 0 0 0 255
650.036 599.165 0 0 0 255
649.835 598.415 0 0 0 255
651.335 598.415 0 0 0 255
649.835 598.415 0 0 0 255
650.036 597.665 0 0 0 255
651.335 598.415 0 0 0 255
650.036 597.665 0 0 0 255
650.585 597.116 0 0 0 255
651.335 598.415 0 0 0 255
650.585 597.116 0 0 0 255
651.335 596.915 0 0 0 255
651.335 598.415 0 0 0 255
651.335 596.915 0 0 0 255
652.085 597.116 0 0 0 255
651.335 598.415 0 0 0 255
652.085 597.116 0 0 0 255
652.634 597.665 0 0 0 255
651.335 598.415 0 0 0 255
652.634 597.665 0 0 0 255
652.835 598.415 0 0 0 255
652.73 598.966 0 0 0 255
649.94 597.864 0 0 0 255
653.429 597.195 0 0 0 255
649.94 597.864 0 0 0 255
650.639 596.093 0 0 0 255
653.429 597.195 0 0 0 255
652.034 596.644 0 0 0 255
653.534 596.644 0 0 0 255
653.333 597.394 0 0 0 255
652.034 596.644 0 0 0 255
653.333 597.394 0 0 0 255
652.784 597.943 0 0 0 255
652.034 596.644 0 0 0 255
652.784 597.943 0 0 0 255
652.034 598.144 0 0 0 255
652.034 596.644 0 0 0 255
652.034 598.144 0 0 0 255
651.284 597.943 0 0 0 255
652.034 596.644 0 0 0 255
651.284 597.943 0 0 0 255
650.735 597.394 0 0 0 255
652.034 596.644 0 0 0 255
650.735 597.394 0 0 0 255
650.534 596.644 0 0 0 255
652.034 596.644 0 0 0 255
650.534 596.644 0 0 0 255
650.735 595.894 0 0 0 255
652.034 596.644 0 0 0 255
650.735 595.894 0 0 0 255
651.284 595.345 0 0 0 255
652.034 596.644 0 0 0 255
651.284 595.345 0 0 0 255
652.034 595.144 0 0 0 255
652.034 596.644 0 0 0 255
652.034 595.144 0 0 0 255
652.784 595.345 0 0 0 255
652.034 596.644 0 0 0 255
652.784 595.345 0 0 0 255
653.333 595.894 0 0 0 255
652.034 596.644 0 0 0 255
653.333 595.894 0 0 0 255
653.534 596.644 0 0 0 255
653.429 597.195 0 0 0 255
650.639 596.093 0 0 0 255
654.177 595.303 0 0 0 255
650.639 596.093 0 0 0 255
651.387 594.2 0 0 0 255
654.177 595.303 0 0 0 255
652.782 594.752 0 0 0 255
654.282 594.752 0 0 0 255
654.081 595.502 0 0 0 255
652.782 594.752 0 0 0 255
654.081 595.502 0 0 0 255
653.532 596.051 0 0 0 255
652.782 594.752 0 0 0 255
653.532 596.051 0 0 0 255
652.782 596.252 0 0 0 255
652.782 594.752 0 0 0 255
652.782 596.252 0 0 0 255
652.032 596.051 0 0 0 255
652.782 594.752 0 0 0 255
652.032 596.051 0 0 0 255
651.483 595.502 0 0 0 255
652.782 594.752 0 0 0 255
651.483 595.502 0 0 0 255
651.282 594.752 0 0 0 255
652.782 594.752 0 0 0 255
651.282 594.752 0 0 0 255
651.483 594.002 0 0 0 255
652.782 594.752 0 0 0 255
651.483 594.002 0 0 0 255
652.032 593.453 0 0 0 255
652.782 594.752 0 0 0 255
652.032 593.453 0 0 0 255
652.782 593.252 0 0 0 255
652.782 594.752 0 0 0 255
652.782 593.252 0 0 0 255
653.532 593.453 0 0 0 255
652.782 594.752 0 0 0 255
653.532 593.453 0 0 0 255
654.081 594.002 0 0 0 255
652.782 594.752 0 0 0 255
654.081 594.002 0 0 0 255
654.282 594.752 0 0 0 255
654.177 595.303 0 0 0 255
651.387 594.2 0 0 0 255
654.973 593.289 0 0 0 255
651.387 594.2 0 0 0 255
652.184 592.186 0 0 0 255
654.973 593.289 0 0 0 255
653.579 592.737 0 0 0 255
655.079 592.737 0 0 0 255
654.878 593.487 0 0 0 255
653.579 592.737 0 0 0 255
654.878 593.487 0 0 0 255
654.329 594.036 0 0 0 255
653.579 592.737 0 0 0 255
654.329 594.036 0 0 0 255
653.579 594.237 0 0 0 255
653.579 592.737 0 0 0 255
653.579 594.237 0 0 0 255
652.829 594.036 0 0 0 255
653.579 592.737 0 0 0 255
652.829 594.036 0 0 0 255
652.28 593.487 0 0 0 255
653.579 592.737 0 0 0 255
652.28 593.487 0 0 0 255
652.079 592.737 0 0 0 255
653.579 592.737 0 0 0 255
652.079 592.737 0 0 0 255
652.28 591.987 0 0 0 255
653.579 592.737 0 0 0 255
652.28 591.987 0 0 0 255
652.829 591.438 0 0 0 255
653.579 592.737 0 0 0 255
652.829 591.438 0 0 0 255
653.579 591.237 0 0 0 255
653.579 592.737 0 0 0 255
653.579 591.237 0 0 0 255
654.329 591.438 0 0 0 255
653.579 592.737 0 0 0 255
654.329 591.438 0 0 0 255
654.878 591.987 0 0 0 255
653.579 592.737 0 0 0 255
654.878 591.987 0 0 0 255
655.079 592.737 0 0 0 255
654.973 593.289 0 0 0 255
652.184 592.185 0 0 0 255
655.818 591.154 0 0 0 255
652.184 592.185 0 0 0 255
653.029 590.05 0 0 0 255
655.818 591.154 0 0 0 255
654.424 590.602 0 0 0 255
655.924 590.602 0 0 0 255
655.723 591.352 0 0 0 255
654.424 590.602 0 0 0 255
655.723 591.352 0 0 0 255
655.174 591.901 0 0 0 255
654.424 590.602 0 0 0 255
655.174 591.901 0 0 0 255
654.424 592.102 0 0 0 255
654.424 590.602 0 0 0 255
654.424 592.102 0 0 0 255
653.674 591.901 0 0 0 255
654.424 590.602 0 0 0 255
653.674 591.901 0 0 0 255
653.125 591.352 0 0 0 255
654.424 590.602 0 0 0 255
653.125 591.352 0 0 0 255
652.924 590.602 0 0 0 255
654.424 590.602 0 0 0 255
652.924 590.602 0 0 0 255
653.125 589.852 0 0 0 255
654.424 590.602 0 0 0 255
653.125 589.852 0 0 0 255
653.674 589.303 0 0 0 255
654.424 590.602 0 0 0 255
653.674 589.303 0 0 0 255
654.424 589.102 0 0 0 255
654.424 590.602 0 0 0 255
654.424 589.102 0 0 0 255
655.174 589.303 0 0 0 255
654.424 590.602 0 0 0 255
655.174 589.303 0 0 0 255
655.723 589.852 0 0 0 255
654.424 590.602 0 0 0 255
655.723 589.852 0 0 0 255
655.924 590.602 0 0 0 255
655.818 591.154 0 0 0 255
653.029 590.05 0 0 0 255
656.712 588.897 0 0 0 255
653.029 590.05 0 0 0 255
653.923 587.792 0 0 0 255
656.712 588.897 0 0 0 255
655.318 588.345 0 0 0 255
656.818 588.345 0 0 0 255
656.617 589.095 0 0 0 255
655.318 588.345 0 0 0 255
656.617 589.095 0 0 0 255
656.068 589.644 0 0 0 255
655.318 588.345 0 0 0 255
656.068 589.644 0 0 0 255
655.318 589.845 0 0 0 255
655.318 588.345 0 0 0 255
655.318 589.845 0 0 0 255
654.568 589.644 0 0 0 255
655.318 588.345 0 0 0 255
654.568 589.644 0 0 0 255
654.019 589.095 0 0 0 255
655.318 588.345 0 0 0 255
654.019 589.095 0 0 0 255
653.818 588.345 0 0 0 255
655.318 588.345 0 0 0 255
653.818 588.345 0 0 0 255
654.019 587.595 0 0 0 255
655.318 588.345 0 0 0 255
654.019 587.595 0 0 0 255
654.568 587.046 0 0 0 255
655.318 588.345 0 0 0 255
654.568 587.046 0 0 0 255
655.318 586.845 0 0 0 255
655.318 588.345 0 0 0 255
655.318 586.845 0 0 0 255
656.068 587.046 0 0 0 255
655.318 588.345 0 0 0 255
656.068 587.046 0 0 0 255
656.617 587.595 0 0 0 255
655.318 588.345 0 0 0 255
656.617 587.595 0 0 0 255
656.818 588.345 0 0 0 255
656.719 588.88 0 0 0 255
653.916 587.809 0 0 0 255
657.625 586.509 0 0 0 255
653.916 587.809 0 0 0 255
654.823 585.438 0 0 0 255
657.625 586.509 0 0 0 255
656.224 585.973 0 0 0 255
657.724 585.973 0 0 0 255
657.523 586.723 0 0 0 255
656.224 585.973 0 0 0 255
657.523 586.723 0 0 0 255
656.974 587.272 0 0 0 255
656.224 585.973 0 0 0 255
656.974 587.272 0 0 0 255
656.224 587.473 0 0 0 255
656.224 585.973 0 0 0 255
656.224 587.473 0 0 0 255
655.474 587.272 0 0 0 255
656.224 585.973 0 0 0 255
655.474 587.272 0 0 0 255
654.925 586.723 0 0 0 255
656.224 585.973 0 0 0 255
654.925 586.723 0 0 0 255
654.724 585.973 0 0 0 255
656.224 585.973 0 0 0 255
654.724 585.973 0 0 0 255
654.925 585.223 0 0 0 255
656.224 585.973 0 0 0 255
654.925 585.223 0 0 0 255
655.474 584.674 0 0 0 255
656.224 585.973 0 0 0 255
655.474 584.674 0 0 0 255
656.224 584.473 0 0 0 255
656.224 585.973 0 0 0 255
656.224 584.473 0 0 0 255
656.974 584.674 0 0 0 255
656.224 585.973 0 0 0 255
656.974 584.674 0 0 0 255
657.523 585.223 0 0 0 255
656.224 585.973 0 0 0 255
657.523 585.223 0 0 0 255
657.724 585.973 0 0 0 255
657.637 586.476 0 0 0 255
654.811 585.47 0 0 0 255
658.52 583.998 0 0 0 255
654.811 585.47 0 0 0 255
655.693 582.992 0 0 0 255
658.52 583.998 0 0 0 255
657.107 583.495 0 0 0 255
658.607 583.495 0 0 0 255
658.406 584.245 0 0 0 255
657.107 583.495 0 0 0 255
658.406 584.245 0 0 0 255
657.857 584.794 0 0 0 255
657.107 583.495 0 0 0 255
657.857 584.794 0 0 0 255
657.107 584.995 0 0 0 255
657.107 583.495 0 0 0 255
657.107 584.995 0 0 0 255
656.357 584.794 0 0 0 255
657.107 583.495 0 0 0 255
656.357 584.794 0 0 0 255
655.807 584.245 0 0 0 255
657.107 583.495 0 0 0 255
655.807 584.245 0 0 0 255
655.607 583.495 0 0 0 255
657.107 583.495 0 0 0 255
655.607 583.495 0 0 0 255
655.807 582.745 0 0 0 255
657.107 583.495 0 0 0 255
655.807 582.745 0 0 0 255
656.357 582.196 0 0 0 255
657.107 583.495 0 0 0 255
656.357 582.196 0 0 0 255
657.107 581.995 0 0 0 255
657.107 583.495 0 0 0 255
657.107 581.995 0 0 0 255
657.857 582.196 0 0 0 255
657.107 583.495 0 0 0 255
657.857 582.196 0 0 0 255
658.406 582.745 0 0 0 255
657.107 583.495 0 0 0 255
658.406 582.745 0 0 0 255
658.607 583.495 0 0 0 255
658.53 583.968 0 0 0 255
655.683 583.022 0 0 0 255
659.389 581.383 0 0 0 255
655.683 583.022 0 0 0 255
656.542 580.437 0 0 0 255
659.389 581.383 0 0 0 255
657.965 580.91 0 0 0 255
659.465 580.91 0 0 0 255
659.264 581.66 0 0 0 255
657.965 580.91 0 0 0 255
659.264 581.66 0 0 0 255
658.715 582.209 0 0 0 255
657.965 580.91 0 0 0 255
658.715 582.209 0 0 0 255
657.965 582.41 0 0 0 255
657.965 580.91 0 0 0 255
657.965 582.41 0 0 0 255
657.215 582.209 0 0 0 255
657.965 580.91 0 0 0 255
657.215 582.209 0 0 0 255
656.666 581.66 0 0 0 255
657.965 580.91 0 0 0 255
656.666 581.66 0 0 0 255
656.465 580.91 0 0 0 255
657.965 580.91 0 0 0 255
656.465 580.91 0 0 0 255
656.666 580.16 0 0 0 255
657.965 580.91 0 0 0 255
656.666 580.16 0 0 0 255
657.215 579.611 0 0 0 255
657.965 580.91 0 0 0 255
657.215 579.611 0 0 0 255
657.965 579.41 0 0 0 255
657.965 580.91 0 0 0 255
657.965 579.41 0 0 0 255
658.715 579.611 0 0 0 255
657.965 580.91 0 0 0 255
658.715 579.611 0 0 0 255
659.264 580.16 0 0 0 255
657.965 580.91 0 0 0 255
659.264 580.16 0 0 0 255
659.465 580.91 0 0 0 255
659.398 581.355 0 0 0 255
656.533 580.466 0 0 0 255
660.233 578.663 0 0 0 255
656.533 580.466 0 0 0 255
657.368 577.774 0 0 0 255
660.233 578.663 0 0 0 255
658.801 578.219 0 0 0 255
660.301 578.219 0 0 0 255
660.1 578.969 0 0 0 255
658.801 578.219 0 0 0 255
660.1 578.969 0 0 0 255
659.551 579.518 0 0 0 255
658.801 578.219 0 0 0 255
659.551 579.518 0 0 0 255
658.801 579.719 0 0 0 255
658.801 578.219 0 0 0 255
658.801 579.719 0 0 0 255
658.051 579.518 0 0 0 255
658.801 578.219 0 0 0 255
658.051 579.518 0 0 0 255
657.502 578.969 0 0 0 255
658.801 578.219 0 0 0 255
657.502 578.969 0 0 0 255
657.301 578.219 0 0 0 255
658.801 578.219 0 0 0 255
657.301 578.219 0 0 0 255
657.502 577.469 0 0 0 255
658.801 578.219 0 0 0 255
657.502 577.469 0 0 0 255
658.051 576.92 0 0 0 255
658.801 578.219 0 0 0 255
658.051 576.92 0 0 0 255
658.801 576.719 0 0 0 255
658.801 578.219 0 0 0 255
658.801 576.719 0 0 0 255
659.551 576.92 0 0 0 255
658.801 578.219 0 0 0 255
659.551 576.92 0 0 0 255
660.1 577.469 0 0 0 255
658.801 578.219 0 0 0 255
660.1 577.469 0 0 0 255
660.301 578.219 0 0 0 255
660.241 578.637 0 0 0 255
657.36 577.801 0 0 0 255
661.053 575.839 0 0 0 255
657.36 577.801 0 0 0 255
658.171 575.003 0 0 0 255
661.053 575.839 0 0 0 255
659.612 575.421 0 0 0 255
661.112 575.421 0 0 0 255
660.911 576.171 0 0 0 255
659.612 575.421 0 0 0 255
660.911 576.171 0 0 0 255
660.362 576.72 0 0 0 255
659.612 575.421 0 0 0 255
660.362 576.72 0 0 0 255
659.612 576.921 0 0 0 255
659.612 575.421 0 0 0 255
659.612 576.921 0 0 0 255
658.862 576.72 0 0 0 255
659.612 575.421 0 0 0 255
658.862 576.72 0 0 0 255
658.313 576.171 0 0 0 255
659.612 575.421 0 0 0 255
658.313 576.171 0 0 0 255
658.112 575.421 0 0 0 255
659.612 575.421 0 0 0 255
658.112 575.421 0 0 0 255
658.313 574.671 0 0 0 255
659.612 575.421 0 0 0 255
658.313 574.671 0 0 0 255
658.862 574.122 0 0 0 255
659.612 575.421 0 0 0 255
658.862 574.122 0 0 0 255
659.612 573.921 0 0 0 255
659.612 575.421 0 0 0 255
659.612 573.921 0 0 0 255
660.362 574.122 0 0 0 255
659.612 575.421 0 0 0 255
660.362 574.122 0 0 0 255
660.911 574.671 0 0 0 255
659.612 575.421 0 0 0 255
660.911 574.671 0 0 0 255
661.112 575.421 0 0 0 255
661.06 575.813 0 0 0 255
658.164 575.028 0 0 0 255
661.847 572.908 0 0 0 255
658.164 575.028 0 0 0 255
658.952 572.123 0 0 0 255
661.847 572.908 0 0 0 255
660.4 572.516 0 0 0 255
661.9 572.516 0 0 0 255
661.699 573.266 0 0 0 255
660.4 572.516 0 0 0 255
661.699 573.266 0 0 0 255
661.15 573.815 0 0 0 255
660.4 572.516 0 0 0 255
661.15 573.815 0 0 0 255
660.4 574.016 0 0 0 255
660.4 572.516 0 0 0 255
660.4 574.016 0 0 0 255
659.65 573.815 0 0 0 255
660.4 572.516 0 0 0 255
659.65 573.815 0 0 0 255
659.101 573.266 0 0 0 255
660.4 572.516 0 0 0 255
659.101 573.266 0 0 0 255
658.9 572.516 0 0 0 255
660.4 572.516 0 0 0 255
658.9 572.516 0 0 0 255
659.101 571.766 0 0 0 255
660.4 572.516 0 0 0 255
659.101 571.766 0 0 0 255
659.65 571.217 0 0 0 255
660.4 572.516 0 0 0 255
659.65 571.217 0 0 0 255
660.4 571.016 0 0 0 255
660.4 572.516 0 0 0 255
660.4 571.016 0 0 0 255
661.15 571.217 0 0 0 255
660.4 572.516 0 0 0 255
661.15 571.217 0 0 0 255
661.699 571.766 0 0 0 255
660.4 572.516 0 0 0 255
661.699 571.766 0 0 0 255
661.9 572.516 0 0 0 255
661.854 572.884 0 0 0 255
658.945 572.148 0 0 0 255
662.638 569.783 0 0 0 255
658.945 572.148 0 0 0 255
659.73 569.047 0 0 0 255
662.638 569.783 0 0 0 255
661.184 569.415 0 0 0 255
662.684 569.415 0 0 0 255
662.483 570.165 0 0 0 255
661.184 569.415 0 0 0 255
662.483 570.165 0 0 0 255
661.934 570.714 0 0 0 255
661.184 569.415 0 0 0 255
661.934 570.714 0 0 0 255
661.184 570.915 0 0 0 255
661.184 569.415 0 0 0 255
661.184 570.915 0 0 0 255
660.434 570.714 0 0 0 255
661.184 569.415 0 0 0 255
660.434 570.714 0 0 0 255
659.885 570.165 0 0 0 255
661.184 569.415 0 0 0 255
659.885 570.165 0 0 0 255
659.684 569.415 0 0 0 255
661.184 569.415 0 0 0 255
659.684 569.415 0 0 0 255
659.885 568.665 0 0 0 255
661.184 569.415 0 0 0 255
659.885 568.665 0 0 0 255
660.434 568.116 0 0 0 255
661.184 569.415 0 0 0 255
660.434 568.116 0 0 0 255
661.184 567.915 0 0 0 255
661.184 569.415 0 0 0 255
661.184 567.915 0 0 0 255
661.934 568.116 0 0 0 255
661.184 569.415 0 0 0 255
661.934 568.116 0 0 0 255
662.483 568.665 0 0 0 255
661.184 569.415 0 0 0 255
662.483 568.665 0 0 0 255
662.684 569.415 0 0 0 255
662.644 569.76 0 0 0 255
659.724 569.07 0 0 0 255
663.444 566.374 0 0 0 255
659.724 569.07 0 0 0 255
660.524 565.684 0 0 0 255
663.444 566.374 0 0 0 255
661.984 566.029 0 0 0 255
663.484 566.029 0 0 0 255
663.283 566.779 0 0 0 255
661.984 566.029 0 0 0 255
663.283 566.779 0 0 0 255
662.734 567.328 0 0 0 255
661.984 566.029 0 0 0 255
662.734 567.328 0 0 0 255
661.984 567.529 0 0 0 255
661.984 566.029 0 0 0 255
661.984 567.529 0 0 0 255
661.234 567.328 0 0 0 255
661.984 566.029 0 0 0 255
661.234 567.328 0 0 0 255
660.685 566.779 0 0 0 255
661.984 566.029 0 0 0 255
660.685 566.779 0 0 0 255
660.484 566.029 0 0 0 255
661.984 566.029 0 0 0 255
660.484 566.029 0 0 0 255
660.685 565.279 0 0 0 255
661.984 566.029 0 0 0 255
660.685 565.279 0 0 0 255
661.234 564.73 0 0 0 255
661.984 566.029 0 0 0 255
661.234 564.73 0 0 0 255
661.984 564.529 0 0 0 255
661.984 566.029 0 0 0 255
661.984 564.529 0 0 0 255
662.734 564.73 0 0 0 255
661.984 566.029 0 0 0 255
662.734 564.73 0 0 0 255
663.283 565.279 0 0 0 255
661.984 566.029 0 0 0 255
663.283 565.279 0 0 0 255
663.484 566.029 0 0 0 255
663.448 566.355 0 0 0 255
660.52 565.703 0 0 0 255
664.265 562.684 0 0 0 255
660.52 565.703 0 0 0 255
661.337 562.032 0 0 0 255
664.265 562.684 0 0 0 255
662.801 562.358 0 0 0 255
664.301 562.358 0 0 0 255
664.1 563.108 0 0 0 255
662.801 562.358 0 0 0 255
664.1 563.108 0 0 0 255
663.551 563.657 0 0 0 255
662.801 562.358 0 0 0 255
663.551 563.657 0 0 0 255
662.801 563.858 0 0 0 255
662.801 562.358 0 0 0 255
662.801 563.858 0 0 0 255
662.051 563.657 0 0 0 255
662.801 562.358 0 0 0 255
662.051 563.657 0 0 0 255
661.502 563.108 0 0 0 255
662.801 562.358 0 0 0 255
661.502 563.108 0 0 0 255
661.301 562.358 0 0 0 255
662.801 562.358 0 0 0 255
661.301 562.358 0 0 0 255
661.502 561.608 0 0 0 255
662.801 562.358 0 0 0 255
661.502 561.608 0 0 0 255
662.051 561.059 0 0 0 255
662.801 562.358 0 0 0 255
662.051 561.059 0 0 0 255
662.801 560.858 0 0 0 255
662.801 562.358 0 0 0 255
662.801 560.858 0 0 0 255
663.551 561.059 0 0 0 255
662.801 562.358 0 0 0 255
663.551 561.059 0 0 0 255
664.1 561.608 0 0 0 255
662.801 562.358 0 0 0 255
664.1 561.608 0 0 0 255
664.301 562.358 0 0 0 255
664.269 562.667 0 0 0 255
661.333 562.049 0 0 0 255
665.102 558.711 0 0 0 255
661.333 562.049 0 0 0 255
662.167 558.093 0 0 0 255
665.102 558.711 0 0 0 255
663.635 558.402 0 0 0 255
665.135 558.402 0 0 0 255
664.934 559.152 0 0 0 255
663.635 558.402 0 0 0 255
664.934 559.152 0 0 0 255
664.385 559.701 0 0 0 255
663.635 558.402 0 0 0 255
664.385 559.701 0 0 0 255
663.635 559.902 0 0 0 255
663.635 558.402 0 0 0 255
663.635 559.902 0 0 0 255
662.885 559.701 0 0 0 255
663.635 558.402 0 0 0 255
662.885 559.701 0 0 0 255
662.336 559.152 0 0 0 255
663.635 558.402 0 0 0 255
662.336 559.152 0 0 0 255
662.135 558.402 0 0 0 255
663.635 558.402 0 0 0 255
662.135 558.402 0 0 0 255
662.336 557.652 0 0 0 255
663.635 558.402 0 0 0 255
662.336 557.652 0 0 0 255
662.885 557.103 0 0 0 255
663.635 558.402 0 0 0 255
662.885 557.103 0 0 0 255
663.635 556.902 0 0 0 255
663.635 558.402 0 0 0 255
663.635 556.902 0 0 0 255
664.385 557.103 0 0 0 255
663.635 558.402 0 0 0 255
664.385 557.103 0 0 0 255
664.934 557.652 0 0 0 255
663.635 558.402 0 0 0 255
664.934 557.652 0 0 0 255
665.135 558.402 0 0 0 255
665.105 558.697 0 0 0 255
662.164 558.107 0 0 0 255
665.955 554.455 0 0 0 255
662.164 558.107 0 0 0 255
663.014 553.866 0 0 0 255
665.955 554.455 0 0 0 255
664.484 554.161 0 0 0 255
665.984 554.161 0 0 0 255
665.784 554.911 0 0 0 255
664.484 554.161 0 0 0 255
665.784 554.911 0 0 0 255
665.234 555.46 0 0 0 255
664.484 554.161 0 0 0 255
665.234 555.46 0 0 0 255
664.484 555.661 0 0 0 255
664.484 554.161 0 0 0 255
664.484 555.661 0 0 0 255
663.734 555.46 0 0 0 255
664.484 554.161 0 0 0 255
663.734 555.46 0 0 0 255
663.185 554.911 0 0 0 255
664.484 554.161 0 0 0 255
663.185 554.911 0 0 0 255
662.984 554.161 0 0 0 255
664.484 554.161 0 0 0 255
662.984 554.161 0 0 0 255
663.185 553.411 0 0 0 255
664.484 554.161 0 0 0 255
663.185 553.411 0 0 0 255
663.734 552.862 0 0 0 255
664.484 554.161 0 0 0 255
663.734 552.862 0 0 0 255
664.484 552.661 0 0 0 255
664.484 554.161 0 0 0 255
664.484 552.661 0 0 0 255
665.234 552.862 0 0 0 255
664.484 554.161 0 0 0 255
665.234 552.862 0 0 0 255
665.784 553.411 0 0 0 255
664.484 554.161 0 0 0 255
665.784 553.411 0 0 0 255
665.984 554.161 0 0 0 255
665.958 554.443 0 0 0 255
663.011 553.879 0 0 0 255
666.824 549.916 0 0 0 255
663.011 553.879 0 0 0 255
663.878 549.352 0 0 0 255
666.824 549.916 0 0 0 255
665.351 549.634 0 0 0 255
666.851 549.634 0 0 0 255
666.65 550.384 0 0 0 255
665.351 549.634 0 0 0 255
666.65 550.384 0 0 0 255
666.101 550.933 0 0 0 255
665.351 549.634 0 0 0 255
666.101 550.933 0 0 0 255
665.351 551.134 0 0 0 255
665.351 549.634 0 0 0 255
665.351 551.134 0 0 0 255
664.601 550.933 0 0 0 255
665.351 549.634 0 0 0 255
664.601 550.933 0 0 0 255
664.052 550.384 0 0 0 255
665.351 549.634 0 0 0 255
664.052 550.384 0 0 0 255
663.851 549.634 0 0 0 255
665.351 549.634 0 0 0 255
663.851 549.634 0 0 0 255
664.052 548.884 0 0 0 255
665.351 549.634 0 0 0 255
664.052 548.884 0 0 0 255
664.601 548.335 0 0 0 255
665.351 549.634 0 0 0 255
664.601 548.335 0 0 0 255
665.351 548.134 0 0 0 255
665.351 549.634 0 0 0 255
665.351 548.134 0 0 0 255
666.101 548.335 0 0 0 255
665.351 549.634 0 0 0 255
666.101 548.335 0 0 0 255
666.65 548.884 0 0 0 255
665.351 549.634 0 0 0 255
666.65 548.884 0 0 0 255
666.851 549.634 0 0 0 255
666.827 549.902 0 0 0 255
663.875 549.366 0 0 0 255
667.674 545.238 0 0 0 255
663.875 549.366 0 0 0 255
664.722 544.702 0 0 0 255
667.674 545.238 0 0 0 255
666.198 544.97 0 0 0 255
667.698 544.97 0 0 0 255
667.497 545.72 0 0 0 255
666.198 544.97 0 0 0 255
667.497 545.72 0 0 0 255
666.948 546.269 0 0 0 255
666.198 544.97 0 0 0 255
666.948 546.269 0 0 0 255
666.198 546.47 0 0 0 255
666.198 544.97 0 0 0 255
666.198 546.47 0 0 0 255
665.448 546.269 0 0 0 255
666.198 544.97 0 0 0 255
665.448 546.269 0 0 0 255
664.899 545.72 0 0 0 255
666.198 544.97 0 0 0 255
664.899 545.72 0 0 0 255
664.698 544.97 0 0 0 255
666.198 544.97 0 0 0 255
664.698 544.97 0 0 0 255
664.899 544.22 0 0 0 255
666.198 544.97 0 0 0 255
664.899 544.22 0 0 0 255
665.448 543.671 0 0 0 255
666.198 544.97 0 0 0 255
665.448 543.671 0 0 0 255
666.198 543.47 0 0 0 255
666.198 544.97 0 0 0 255
666.198 543.47 0 0 0 255
666.948 543.671 0 0 0 255
666.198 544.97 0 0 0 255
666.948 543.671 0 0 0 255
667.497 544.22 0 0 0 255
666.198 544.97 0 0 0 255
667.497 544.22 0 0 0 255
667.698 544.97 0 0 0 255
667.676 545.222 0 0 0 255
664.719 544.719 0 0 0 255
668.468 540.567 0 0 0 255
664.719 544.719 0 0 0 255
665.51 540.064 0 0 0 255
668.468 540.567 0 0 0 255
666.989 540.316 0 0 0 255
668.489 540.316 0 0 0 255
668.288 541.066 0 0 0 255
666.989 540.316 0 0 0 255
668.288 541.066 0 0 0 255
667.739 541.615 0 0 0 255
666.989 540.316 0 0 0 255
667.739 541.615 0 0 0 255
666.989 541.816 0 0 0 255
666.989 540.316 0 0 0 255
666.989 541.816 0 0 0 255
666.239 541.615 0 0 0 255
666.989 540.316 0 0 0 255
666.239 541.615 0 0 0 255
665.69 541.066 0 0 0 255
666.989 540.316 0 0 0 255
665.69 541.066 0 0 0 255
665.489 540.316 0 0 0 255
666.989 540.316 0 0 0 255
665.489 540.316 0 0 0 255
665.69 539.566 0 0 0 255
666.989 540.316 0 0 0 255
665.69 539.566 0 0 0 255
666.239 539.017 0 0 0 255
666.989 540.316 0 0 0 255
666.239 539.017 0 0 0 255
666.989 538.816 0 0 0 255
666.989 540.316 0 0 0 255
666.989 538.816 0 0 0 255
667.739 539.017 0 0 0 255
666.989 540.316 0 0 0 255
667.739 539.017 0 0 0 255
668.288 539.566 0 0 0 255
666.989 540.316 0 0 0 255
668.288 539.566 0 0 0 255
668.489 540.316 0 0 0 255
668.471 540.55 0 0 0 255
665.508 540.081 0 0 0 255
669.207 535.906 0 0 0 255
665.508 540.081 0 0 0 255
666.244 535.436 0 0 0 255
669.207 535.906 0 0 0 255
667.726 535.671 0 0 0 255
669.226 535.671 0 0 0 255
669.025 536.421 0 0 0 255
667.726 535.671 0 0 0 255
669.025 536.421 0 0 0 255
668.476 536.97 0 0 0 255
667.726 535.671 0 0 0 255
668.476 536.97 0 0 0 255
667.726 537.171 0 0 0 255
667.726 535.671 0 0 0 255
667.726 537.171 0 0 0 255
666.976 536.97 0 0 0 255
667.726 535.671 0 0 0 255
666.976 536.97 0 0 0 255
666.427 536.421 0 0 0 255
667.726 535.671 0 0 0 255
666.427 536.421 0 0 0 255
666.226 535.671 0 0 0 255
667.726 535.671 0 0 0 255
666.226 535.671 0 0 0 255
666.427 534.921 0 0 0 255
667.726 535.671 0 0 0 255
666.427 534.921 0 0 0 255
666.976 534.372 0 0 0 255
667.726 535.671 0 0 0 255
666.976 534.372 0 0 0 255
667.726 534.171 0 0 0 255
667.726 535.671 0 0 0 255
667.726 534.171 0 0 0 255
668.476 534.372 0 0 0 255
667.726 535.671 0 0 0 255
668.476 534.372 0 0 0 255
669.025 534.921 0 0 0 255
667.726 535.671 0 0 0 255
669.025 534.921 0 0 0 255
669.226 535.671 0 0 0 255
669.21 535.889 0 0 0 255
666.242 535.453 0 0 0 255
669.891 531.253 0 0 0 255
666.242 535.453 0 0 0 255
666.923 530.817 0 0 0 255
669.891 531.253 0 0 0 255
668.407 531.035 0 0 0 255
669.907 531.035 0 0 0 255
669.706 531.785 0 0 0 255
668.407 531.035 0 0 0 255
669.706 531.785 0 0 0 255
669.157 532.334 0 0 0 255
668.407 531.035 0 0 0 255
669.157 532.334 0 0 0 255
668.407 532.535 0 0 0 255
668.407 531.035 0 0 0 255
668.407 532.535 0 0 0 255
667.657 532.334 0 0 0 255
668.407 531.035 0 0 0 255
667.657 532.334 0 0 0 255
667.108 531.785 0 0 0 255
668.407 531.035 0 0 0 255
667.108 531.785 0 0 0 255
666.907 531.035 0 0 0 255
668.407 531.035 0 0 0 255
666.907 531.035 0 0 0 255
667.108 530.285 0 0 0 255
668.407 531.035 0 0 0 255
667.108 530.285 0 0 0 255
667.657 529.736 0 0 0 255
668.407 531.035 0 0 0 255
667.657 529.736 0 0 0 255
668.407 529.535 0 0 0 255
668.407 531.035 0 0 0 255
668.407 529.535 0 0 0 255
669.157 529.736 0 0 0 255
668.407 531.035 0 0 0 255
669.157 529.736 0 0 0 255
669.706 530.285 0 0 0 255
668.407 531.035 0 0 0 255
669.706 530.285 0 0 0 255
669.907 531.035 0 0 0 255
669.893 531.236 0 0 0 255
666.92 530.834 0 0 0 255
670.519 526.61 0 0 0 255
666.92 530.834 0 0 0 255
667.546 526.208 0 0 0 255
670.519 526.61 0 0 0 255
669.032 526.409 0 0 0 255
670.532 526.409 0 0 0 255
670.331 527.159 0 0 0 255
669.032 526.409 0 0 0 255
670.331 527.159 0 0 0 255
669.782 527.708 0 0 0 255
669.032 526.409 0 0 0 255
669.782 527.708 0 0 0 255
669.032 527.909 0 0 0 255
669.032 526.409 0 0 0 255
669.032 527.909 0 0 0 255
668.282 527.708 0 0 0 255
669.032 526.409 0 0 0 255
668.282 527.708 0 0 0 255
667.733 527.159 0 0 0 255
669.032 526.409 0 0 0 255
667.733 527.159 0 0 0 255
667.532 526.409 0 0 0 255
669.032 526.409 0 0 0 255
667.532 526.409 0 0 0 255
667.733 525.659 0 0 0 255
669.032 526.409 0 0 0 255
667.733 525.659 0 0 0 255
668.282 525.11 0 0 0 255
669.032 526.409 0 0 0 255
668.282 525.11 0 0 0 255
669.032 524.909 0 0 0 255
669.032 526.409 0 0 0 255
669.032 524.909 0 0 0 255
669.782 525.11 0 0 0 255
669.032 526.409 0 0 0 255
669.782 525.11 0 0 0 255
670.331 525.659 0 0 0 255
669.032 526.409 0 0 0 255
670.331 525.659 0 0 0 255
670.532 526.409 0 0 0 255
670.521 526.593 0 0 0 255
667.544 526.225 0 0 0 255
671.092 521.977 0 0 0 255
667.544 526.225 0 0 0 255
668.114 521.609 0 0 0 255
671.092 521.977 0 0 0 255
669.603 521.793 0 0 0 255
671.103 521.793 0 0 0 255
670.902 522.543 0 0 0 255
669.603 521.793 0 0 0 255
670.902 522.543 0 0 0 255
670.353 523.092 0 0 0 255
669.603 521.793 0 0 0 255
670.353 523.092 0 0 0 255
669.603 523.293 0 0 0 255
669.603 521.793 0 0 0 255
669.603 523.293 0 0 0 255
668.853 523.092 0 0 0 255
669.603 521.793 0 0 0 255
668.853 523.092 0 0 0 255
668.304 522.543 0 0 0 255
669.603 521.793 0 0 0 255
668.304 522.543 0 0 0 255
668.103 521.793 0 0 0 255
669.603 521.793 0 0 0 255
668.103 521.793 0 0 0 255
668.304 521.043 0 0 0 255
669.603 521.793 0 0 0 255
668.304 521.043 0 0 0 255
668.853 520.494 0 0 0 255
669.603 521.793 0 0 0 255
668.853 520.494 0 0 0 255
669.603 520.293 0 0 0 255
669.603 521.793 0 0 0 255
669.603 520.293 0 0 0 255
670.353 520.494 0 0 0 255
669.603 521.793 0 0 0 255
670.353 520.494 0 0 0 255
670.902 521.043 0 0 0 255
669.603 521.793 0 0 0 255
670.902 521.043 0 0 0 255
671.103 521.793 0 0 0 255
671.094 521.961 0 0 0 255
668.112 521.625 0 0 0 255
671.601 517.459 0 0 0 255
668.112 521.625 0 0 0 255
668.619 517.123 0 0 0 255
671.601 517.459 0 0 0 255
670.11 517.291 0 0 0 255
671.61 517.291 0 0 0 255
671.409 518.041 0 0 0 255
670.11 517.291 0 0 0 255
671.409 518.041 0 0 0 255
670.86 518.59 0 0 0 255
670.11 517.291 0 0 0 255
670.86 518.59 0 0 0 255
670.11 518.791 0 0 0 255
670.11 517.291 0 0 0 255
670.11 518.791 0 0 0 255
669.36 518.59 0 0 0 255
670.11 517.291 0 0 0 255
669.36 518.59 0 0 0 255
668.811 518.041 0 0 0 255
670.11 517.291 0 0 0 255
668.811 518.041 0 0 0 255
668.61 517.291 0 0 0 255
670.11 517.291 0 0 0 255
668.61 517.291 0 0 0 255
668.811 516.541 0 0 0 255
670.11 517.291 0 0 0 255
668.811 516.541 0 0 0 255
669.36 515.992 0 0 0 255
670.11 517.291 0 0 0 255
669.36 515.992 0 0 0 255
670.11 515.791 0 0 0 255
670.11 517.291 0 0 0 255
670.11 515.791 0 0 0 255
670.86 515.992 0 0 0 255
670.11 517.291 0 0 0 255
670.86 515.992 0 0 0 255
671.409 516.541 0 0 0 255
670.11 517.291 0 0 0 255
671.409 516.541 0 0 0 255
671.61 517.291 0 0 0 255
671.602 517.442 0 0 0 255
668.618 517.139 0 0 0 255
672.037 513.159 0 0 0 255
668.618 517.139 0 0 0 255
669.053 512.856 0 0 0 255
672.037 513.159 0 0 0 255
670.545 513.007 0 0 0 255
672.045 513.007 0 0 0 255
671.844 513.757 0 0 0 255
670.545 513.007 0 0 0 255
671.844 513.757 0 0 0 255
671.295 514.306 0 0 0 255
670.545 513.007 0 0 0 255
671.295 514.306 0 0 0 255
670.545 514.507 0 0 0 255
670.545 513.007 0 0 0 255
670.545 514.507 0 0 0 255
669.795 514.306 0 0 0 255
670.545 513.007 0 0 0 255
669.795 514.306 0 0 0 255
669.246 513.757 0 0 0 255
670.545 513.007 0 0 0 255
669.246 513.757 0 0 0 255
669.045 513.007 0 0 0 255
670.545 513.007 0 0 0 255
669.045 513.007 0 0 0 255
669.246 512.257 0 0 0 255
670.545 513.007 0 0 0 255
669.246 512.257 0 0 0 255
669.795 511.708 0 0 0 255
670.545 513.007 0 0 0 255
669.795 511.708 0 0 0 255
670.545 511.507 0 0 0 255
670.545 513.007 0 0 0 255
670.545 511.507 0 0 0 255
671.295 511.708 0 0 0 255
670.545 513.007 0 0 0 255
671.295 511.708 0 0 0 255
671.844 512.257 0 0 0 255
670.545 513.007 0 0 0 255
671.844 512.257 0 0 0 255
672.045 513.007 0 0 0 255
672.039 513.141 0 0 0 255
669.051 512.874 0 0 0 255
672.402 509.077 0 0 0 255
669.051 512.874 0 0 0 255
669.414 508.81 0 0 0 255
672.402 509.077 0 0 0 255
670.908 508.943 0 0 0 255
672.408 508.943 0 0 0 255
672.207 509.693 0 0 0 255
670.908 508.943 0 0 0 255
672.207 509.693 0 0 0 255
671.658 510.242 0 0 0 255
670.908 508.943 0 0 0 255
671.658 510.242 0 0 0 255
670.908 510.443 0 0 0 255
670.908 508.943 0 0 0 255
670.908 510.443 0 0 0 255
670.158 510.242 0 0 0 255
670.908 508.943 0 0 0 255
670.158 510.242 0 0 0 255
669.609 509.693 0 0 0 255
670.908 508.943 0 0 0 255
669.609 509.693 0 0 0 255
669.408 508.943 0 0 0 255
670.908 508.943 0 0 0 255
669.408 508.943 0 0 0 255
669.609 508.193 0 0 0 255
670.908 508.943 0 0 0 255
669.609 508.193 0 0 0 255
670.158 507.644 0 0 0 255
670.908 508.943 0 0 0 255
670.158 507.644 0 0 0 255
670.908 507.443 0 0 0 255
670.908 508.943 0 0 0 255
670.908 507.443 0 0 0 255
671.658 507.644 0 0 0 255
670.908 508.943 0 0 0 255
671.658 507.644 0 0 0 255
672.207 508.193 0 0 0 255
670.908 508.943 0 0 0 255
672.207 508.193 0 0 0 255
672.408 508.943 0 0 0 255
672.404 509.056 0 0 0 255
669.413 508.83 0 0 0 255
672.695 505.211 0 0 0 255
669.413 508.83 0 0 0 255
669.704 504.984 0 0 0 255
672.695 505.211 0 0 0 255
671.2 505.098 0 0 0 255
672.7 505.098 0 0 0 255
672.499 505.848 0 0 0 255
671.2 505.098 0 0 0 255
672.499 505.848 0 0 0 255
671.95 506.397 0 0 0 255
671.2 505.098 0 0 0 255
671.95 506.397 0 0 0 255
671.2 506.598 0 0 0 255
671.2 505.098 0 0 0 255
671.2 506.598 0 0 0 255
670.45 506.397 0 0 0 255
671.2 505.098 0 0 0 255
670.45 506.397 0 0 0 255
669.901 505.848 0 0 0 255
671.2 505.098 0 0 0 255
669.901 505.848 0 0 0 255
669.7 505.098 0 0 0 255
671.2 505.098 0 0 0 255
669.7 505.098 0 0 0 255
669.901 504.348 0 0 0 255
671.2 505.098 0 0 0 255
669.901 504.348 0 0 0 255
670.45 503.799 0 0 0 255
671.2 505.098 0 0 0 255
670.45 503.799 0 0 0 255
671.2 503.598 0 0 0 255
671.2 505.098 0 0 0 255
671.2 503.598 0 0 0 255
671.95 503.799 0 0 0 255
671.2 505.098 0 0 0 255
671.95 503.799 0 0 0 255
672.499 504.348 0 0 0 255
671.2 505.098 0 0 0 255
672.499 504.348 0 0 0 255
672.7 505.098 0 0 0 255
672.697 505.188 0 0 0 255
669.702 505.007 0 0 0 255
672.916 501.562 0 0 0 255
669.702 505.007 0 0 0 255
669.922 501.38 0 0 0 255
672.916 501.562 0 0 0 255
671.419 501.471 0 0 0 255
672.919 501.471 0 0 0 255
672.718 502.221 0 0 0 255
671.419 501.471 0 0 0 255
672.718 502.221 0 0 0 255
672.169 502.77 0 0 0 255
671.419 501.471 0 0 0 255
672.169 502.77 0 0 0 255
671.419 502.971 0 0 0 255
671.419 501.471 0 0 0 255
671.419 502.971 0 0 0 255
670.669 502.77 0 0 0 255
671.419 501.471 0 0 0 255
670.669 502.77 0 0 0 255
670.12 502.221 0 0 0 255
671.419 501.471 0 0 0 255
670.12 502.221 0 0 0 255
669.919 501.471 0 0 0 255
671.419 501.471 0 0 0 255
669.919 501.471 0 0 0 255
670.12 500.721 0 0 0 255
671.419 501.471 0 0 0 255
670.12 500.721 0 0 0 255
670.669 500.172 0 0 0 255
671.419 501.471 0 0 0 255
670.669 500.172 0 0 0 255
671.419 499.971 0 0 0 255
671.419 501.471 0 0 0 255
671.419 499.971 0 0 0 255
672.169 500.172 0 0 0 255
671.419 501.471 0 0 0 255
672.169 500.172 0 0 0 255
672.718 500.721 0 0 0 255
671.419 501.471 0 0 0 255
672.718 500.721 0 0 0 255
672.919 501.471 0 0 0 255
672.918 501.536 0 0 0 255
669.921 501.406 0 0 0 255
673.065 498.128 0 0 0 255
669.921 501.406 0 0 0 255
670.068 497.998 0 0 0 255
673.065 498.128 0 0 0 255
671.567 498.063 0 0 0 255
673.067 498.063 0 0 0 255
672.866 498.813 0 0 0 255
671.567 498.063 0 0 0 255
672.866 498.813 0 0 0 255
672.317 499.362 0 0 0 255
671.567 498.063 0 0 0 255
672.317 499.362 0 0 0 255
671.567 499.563 0 0 0 255
671.567 498.063 0 0 0 255
671.567 499.563 0 0 0 255
670.817 499.362 0 0 0 255
671.567 498.063 0 0 0 255
670.817 499.362 0 0 0 255
670.268 498.813 0 0 0 255
671.567 498.063 0 0 0 255
670.268 498.813 0 0 0 255
670.067 498.063 0 0 0 255
671.567 498.063 0 0 0 255
670.067 498.063 0 0 0 255
670.268 497.313 0 0 0 255
671.567 498.063 0 0 0 255
670.268 497.313 0 0 0 255
670.817 496.764 0 0 0 255
671.567 498.063 0 0 0 255
670.817 496.764 0 0 0 255
671.567 496.563 0 0 0 255
671.567 498.063 0 0 0 255
671.567 496.563 0 0 0 255
672.317 496.764 0 0 0 255
671.567 498.063 0 0 0 255
672.317 496.764 0 0 0 255
672.866 497.313 0 0 0 255
671.567 498.063 0 0 0 255
672.866 497.313 0 0 0 255
673.067 498.063 0 0 0 255
673.067 498.09 0 0 0 255
670.067 498.037 0 0 0 255
673.123 494.911 0 0 0 255
670.067 498.037 0 0 0 255
670.123 494.858 0 0 0 255
673.123 494.911 0 0 0 255
671.623 494.885 0 0 0 255
673.123 494.885 0 0 0 255
672.922 495.635 0 0 0 255
671.623 494.885 0 0 0 255
672.922 495.635 0 0 0 255
672.373 496.184 0 0 0 255
671.623 494.885 0 0 0 255
672.373 496.184 0 0 0 255
671.623 496.385 0 0 0 255
671.623 494.885 0 0 0 255
671.623 496.385 0 0 0 255
670.873 496.184 0 0 0 255
671.623 494.885 0 0 0 255
670.873 496.184 0 0 0 255
670.324 495.635 0 0 0 255
671.623 494.885 0 0 0 255
670.324 495.635 0 0 0 255
670.123 494.885 0 0 0 255
671.623 494.885 0 0 0 255
670.123 494.885 0 0 0 255
670.324 494.135 0 0 0 255
671.623 494.885 0 0 0 255
670.324 494.135 0 0 0 255
670.873 493.586 0 0 0 255
671.623 494.885 0 0 0 255
670.873 493.586 0 0 0 255
671.623 493.385 0 0 0 255
671.623 494.885 0 0 0 255
671.623 493.385 0 0 0 255
672.373 493.586 0 0 0 255
671.623 494.885 0 0 0 255
672.373 493.586 0 0 0 255
672.922 494.135 0 0 0 255
671.623 494.885 0 0 0 255
672.922 494.135 0 0 0 255
673.123 494.885 0 0 0 255
673.123 494.857 0 0 0 255
670.123 494.913 0 0 0 255
673.068 491.918 0 0 0 255
670.123 494.913 0 0 0 255
670.068 491.974 0 0 0 255
673.068 491.918 0 0 0 255
671.568 491.946 0 0 0 255
673.068 491.946 0 0 0 255
672.867 492.696 0 0 0 255
671.568 491.946 0 0 0 255
672.867 492.696 0 0 0 255
672.318 493.245 0 0 0 255
671.568 491.946 0 0 0 255
672.318 493.245 0 0 0 255
671.568 493.446 0 0 0 255
671.568 491.946 0 0 0 255
671.568 493.446 0 0 0 255
670.818 493.245 0 0 0 255
671.568 491.946 0 0 0 255
670.818 493.245 0 0 0 255
670.269 492.696 0 0 0 255
671.568 491.946 0 0 0 255
670.269 492.696 0 0 0 255
670.068 491.946 0 0 0 255
671.568 491.946 0 0 0 255
670.068 491.946 0 0 0 255
670.269 491.196 0 0 0 255
671.568 491.946 0 0 0 255
670.269 491.196 0 0 0 255
670.818 490.647 0 0 0 255
671.568 491.946 0 0 0 255
670.818 490.647 0 0 0 255
671.568 490.446 0 0 0 255
671.568 491.946 0 0 0 255
671.568 490.446 0 0 0 255
672.318 490.647 0 0 0 255
671.568 491.946 0 0 0 255
672.318 490.647 0 0 0 255
672.867 491.196 0 0 0 255
671.568 491.946 0 0 0 255
672.867 491.196 0 0 0 255
673.068 491.946 0 0 0 255
673.065 491.854 0 0 0 255
670.071 492.038 0 0 0 255
672.898 489.154 0 0 0 255
670.071 492.038 0 0 0 255
669.904 489.339 0 0 0 255
672.898 489.154 0 0 0 255
671.401 489.247 0 0 0 255
672.901 489.247 0 0 0 255
672.7 489.997 0 0 0 255
671.401 489.247 0 0 0 255
672.7 489.997 0 0 0 255
672.151 490.546 0 0 0 255
671.401 489.247 0 0 0 255
672.151 490.546 0 0 0 255
671.401 490.747 0 0 0 255
671.401 489.247 0 0 0 255
671.401 490.747 0 0 0 255
670.651 490.546 0 0 0 255
671.401 489.247 0 0 0 255
670.651 490.546 0 0 0 255
670.102 489.997 0 0 0 255
671.401 489.247 0 0 0 255
670.102 489.997 0 0 0 255
669.901 489.247 0 0 0 255
671.401 489.247 0 0 0 255
669.901 489.247 0 0 0 255
670.102 488.497 0 0 0 255
671.401 489.247 0 0 0 255
670.102 488.497 0 0 0 255
670.651 487.948 0 0 0 255
671.401 489.247 0 0 0 255
670.651 487.948 0 0 0 255
671.401 487.747 0 0 0 255
671.401 489.247 0 0 0 255
671.401 487.747 0 0 0 255
672.151 487.948 0 0 0 255
671.401 489.247 0 0 0 255
672.151 487.948 0 0 0 255
672.7 488.497 0 0 0 255
671.401 489.247 0 0 0 255
672.7 488.497 0 0 0 255
672.901 489.247 0 0 0 255
672.892 489.078 0 0 0 255
669.911 489.415 0 0 0 255
672.614 486.619 0 0 0 255
669.911 489.415 0 0 0 255
669.633 486.956 0 0 0 255
672.614 486.619 0 0 0 255
671.123 486.787 0 0 0 255
672.623 486.787 0 0 0 255
672.422 487.537 0 0 0 255
671.123 486.787 0 0 0 255
672.422 487.537 0 0 0 255
671.873 488.086 0 0 0 255
671.123 486.787 0 0 0 255
671.873 488.086 0 0 0 255
671.123 488.287 0 0 0 255
671.123 486.787 0 0 0 255
671.123 488.287 0 0 0 255
670.373 488.086 0 0 0 255
671.123 486.787 0 0 0 255
670.373 488.086 0 0 0 255
669.824 487.537 0 0 0 255
671.123 486.787 0 0 0 255
669.824 487.537 0 0 0 255
669.623 486.787 0 0 0 255
671.123 486.787 0 0 0 255
669.623 486.787 0 0 0 255
669.824 486.037 0 0 0 255
671.123 486.787 0 0 0 255
669.824 486.037 0 0 0 255
670.373 485.488 0 0 0 255
671.123 486.787 0 0 0 255
670.373 485.488 0 0 0 255
671.123 485.287 0 0 0 255
671.123 486.787 0 0 0 255
671.123 485.287 0 0 0 255
671.873 485.488 0 0 0 255
671.123 486.787 0 0 0 255
671.873 485.488 0 0 0 255
672.422 486.037 0 0 0 255
671.123 486.787 0 0 0 255
672.422 486.037 0 0 0 255
672.623 486.787 0 0 0 255
672.601 486.528 0 0 0 255
669.646 487.046 0 0 0 255
672.211 484.308 0 0 0 255
669.646 487.046 0 0 0 255
669.257 484.826 0 0 0 255
672.211 484.308 0 0 0 255
670.734 484.567 0 0 0 255
672.234 484.567 0 0 0 255
672.033 485.317 0 0 0 255
670.734 484.567 0 0 0 255
672.033 485.317 0 0 0 255
671.484 485.866 0 0 0 255
670.734 484.567 0 0 0 255
671.484 485.866 0 0 0 255
670.734 486.067 0 0 0 255
670.734 484.567 0 0 0 255
670.734 486.067 0 0 0 255
669.984 485.866 0 0 0 255
670.734 484.567 0 0 0 255
669.984 485.866 0 0 0 255
669.435 485.317 0 0 0 255
670.734 484.567 0 0 0 255
669.435 485.317 0 0 0 255
669.234 484.567 0 0 0 255
670.734 484.567 0 0 0 255
669.234 484.567 0 0 0 255
669.435 483.817 0 0 0 255
670.734 484.567 0 0 0 255
669.435 483.817 0 0 0 255
669.984 483.268 0 0 0 255
670.734 484.567 0 0 0 255
669.984 483.268 0 0 0 255
670.734 483.067 0 0 0 255
670.734 484.567 0 0 0 255
670.734 483.067 0 0 0 255
671.484 483.268 0 0 0 255
670.734 484.567 0 0 0 255
671.484 483.268 0 0 0 255
672.033 483.817 0 0 0 255
670.734 484.567 0 0 0 255
672.033 483.817 0 0 0 255
672.234 484.567 0 0 0 255
672.188 484.199 0 0 0 255
669.28 484.935 0 0 0 255
671.688 482.219 0 0 0 255
669.28 484.935 0 0 0 255
668.779 482.954 0 0 0 255
671.688 482.219 0 0 0 255
670.233 482.587 0 0 0 255
671.733 482.587 0 0 0 255
671.532 483.337 0 0 0 255
670.233 482.587 0 0 0 255
671.532 483.337 0 0 0 255
670.983 483.886 0 0 0 255
670.233 482.587 0 0 0 255
670.983 483.886 0 0 0 255
670.233 484.087 0 0 0 255
670.233 482.587 0 0 0 255
670.233 484.087 0 0 0 255
669.483 483.886 0 0 0 255
670.233 482.587 0 0 0 255
669.483 483.886 0 0 0 255
668.934 483.337 0 0 0 255
670.233 482.587 0 0 0 255
668.934 483.337 0 0 0 255
668.733 482.587 0 0 0 255
670.233 482.587 0 0 0 255
668.733 482.587 0 0 0 255
668.934 481.837 0 0 0 255
670.233 482.587 0 0 0 255
668.934 481.837 0 0 0 255
669.483 481.288 0 0 0 255
670.233 482.587 0 0 0 255
669.483 481.288 0 0 0 255
670.233 481.087 0 0 0 255
670.233 482.587 0 0 0 255
670.233 481.087 0 0 0 255
670.983 481.288 0 0 0 255
670.233 482.587 0 0 0 255
670.983 481.288 0 0 0 255
671.532 481.837 0 0 0 255
670.233 482.587 0 0 0 255
671.532 481.837 0 0 0 255
671.733 482.587 0 0 0 255
671.655 482.107 0 0 0 255
668.812 483.066 0 0 0 255
671.046 480.301 0 0 0 255
668.812 483.066 0 0 0 255
668.203 481.26 0 0 0 255
671.046 480.301 0 0 0 255
669.624 480.78 0 0 0 255
671.124 480.78 0 0 0 255
670.923 481.53 0 0 0 255
669.624 480.78 0 0 0 255
670.923 481.53 0 0 0 255
670.374 482.079 0 0 0 255
669.624 480.78 0 0 0 255
670.374 482.079 0 0 0 255
669.624 482.28 0 0 0 255
669.624 480.78 0 0 0 255
669.624 482.28 0 0 0 255
668.874 482.079 0 0 0 255
669.624 480.78 0 0 0 255
668.874 482.079 0 0 0 255
668.325 481.53 0 0 0 255
669.624 480.78 0 0 0 255
668.325 481.53 0 0 0 255
668.124 480.78 0 0 0 255
669.624 480.78 0 0 0 255
668.124 480.78 0 0 0 255
668.325 480.03 0 0 0 255
669.624 480.78 0 0 0 255
668.325 480.03 0 0 0 255
668.874 479.481 0 0 0 255
669.624 480.78 0 0 0 255
668.874 479.481 0 0 0 255
669.624 479.28 0 0 0 255
669.624 480.78 0 0 0 255
669.624 479.28 0 0 0 255
670.374 479.481 0 0 0 255
669.624 480.78 0 0 0 255
670.374 479.481 0 0 0 255
670.923 480.03 0 0 0 255
669.624 480.78 0 0 0 255
670.923 480.03 0 0 0 255
671.124 480.78 0 0 0 255
671.007 480.198 0 0 0 255
668.242 481.363 0 0 0 255
670.292 478.501 0 0 0 255
668.242 481.363 0 0 0 255
667.527 479.666 0 0 0 255
670.292 478.501 0 0 0 255
668.909 479.083 0 0 0 255
670.409 479.083 0 0 0 255
670.208 479.833 0 0 0 255
668.909 479.083 0 0 0 255
670.208 479.833 0 0 0 255
669.659 480.382 0 0 0 255
668.909 479.083 0 0 0 255
669.659 480.382 0 0 0 255
668.909 480.583 0 0 0 255
668.909 479.083 0 0 0 255
668.909 480.583 0 0 0 255
668.159 480.382 0 0 0 255
668.909 479.083 0 0 0 255
668.159 480.382 0 0 0 255
667.61 479.833 0 0 0 255
668.909 479.083 0 0 0 255
667.61 479.833 0 0 0 255
667.409 479.083 0 0 0 255
668.909 479.083 0 0 0 255
667.409 479.083 0 0 0 255
667.61 478.333 0 0 0 255
668.909 479.083 0 0 0 255
667.61 478.333 0 0 0 255
668.159 477.784 0 0 0 255
668.909 479.083 0 0 0 255
668.159 477.784 0 0 0 255
668.909 477.583 0 0 0 255
668.909 479.083 0 0 0 255
668.909 477.583 0 0 0 255
669.659 477.784 0 0 0 255
668.909 479.083 0 0 0 255
669.659 477.784 0 0 0 255
670.208 478.333 0 0 0 255
668.909 479.083 0 0 0 255
670.208 478.333 0 0 0 255
670.409 479.083 0 0 0 255
670.242 478.395 0 0 0 255
667.577 479.772 0 0 0 255
669.421 476.807 0 0 0 255
667.577 479.772 0 0 0 255
666.756 478.184 0 0 0 255
669.421 476.807 0 0 0 255
668.089 477.496 0 0 0 255
669.589 477.496 0 0 0 255
669.388 478.246 0 0 0 255
668.089 477.496 0 0 0 255
669.388 478.246 0 0 0 255
668.839 478.795 0 0 0 255
668.089 477.496 0 0 0 255
668.839 478.795 0 0 0 255
668.089 478.996 0 0 0 255
668.089 477.496 0 0 0 255
668.089 478.996 0 0 0 255
667.339 478.795 0 0 0 255
668.089 477.496 0 0 0 255
667.339 478.795 0 0 0 255
666.79 478.246 0 0 0 255
668.089 477.496 0 0 0 255
666.79 478.246 0 0 0 255
666.589 477.496 0 0 0 255
668.089 477.496 0 0 0 255
666.589 477.496 0 0 0 255
666.79 476.746 0 0 0 255
668.089 477.496 0 0 0 255
666.79 476.746 0 0 0 255
667.339 476.197 0 0 0 255
668.089 477.496 0 0 0 255
667.339 476.197 0 0 0 255
668.089 475.996 0 0 0 255
668.089 477.496 0 0 0 255
668.089 475.996 0 0 0 255
668.839 476.197 0 0 0 255
668.089 477.496 0 0 0 255
668.839 476.197 0 0 0 255
669.388 476.746 0 0 0 255
668.089 477.496 0 0 0 255
669.388 476.746 0 0 0 255
669.589 477.496 0 0 0 255
669.36 476.699 0 0 0 255
666.818 478.292 0 0 0 255
668.433 475.22 0 0 0 255
666.818 478.292 0 0 0 255
665.891 476.813 0 0 0 255
668.433 475.22 0 0 0 255
667.162 476.017 0 0 0 255
668.662 476.017 0 0 0 255
668.461 476.767 0 0 0 255
667.162 476.017 0 0 0 255
668.461 476.767 0 0 0 255
667.912 477.316 0 0 0 255
667.162 476.017 0 0 0 255
667.912 477.316 0 0 0 255
667.162 477.517 0 0 0 255
667.162 476.017 0 0 0 255
667.162 477.517 0 0 0 255
666.412 477.316 0 0 0 255
667.162 476.017 0 0 0 255
666.412 477.316 0 0 0 255
665.863 476.767 0 0 0 255
667.162 476.017 0 0 0 255
665.863 476.767 0 0 0 255
665.662 476.017 0 0 0 255
667.162 476.017 0 0 0 255
665.662 476.017 0 0 0 255
665.863 475.267 0 0 0 255
667.162 476.017 0 0 0 255
665.863 475.267 0 0 0 255
666.412 474.718 0 0 0 255
667.162 476.017 0 0 0 255
666.412 474.718 0 0 0 255
667.162 474.517 0 0 0 255
667.162 476.017 0 0 0 255
667.162 474.517 0 0 0 255
667.912 474.718 0 0 0 255
667.162 476.017 0 0 0 255
667.912 474.718 0 0 0 255
668.461 475.267 0 0 0 255
667.162 476.017 0 0 0 255
668.461 475.267 0 0 0 255
668.662 476.017 0 0 0 255
668.36 475.114 0 0 0 255
665.964 476.92 0 0 0 255
667.328 473.745 0 0 0 255
665.964 476.92 0 0 0 255
664.932 475.55 0 0 0 255
667.328 473.745 0 0 0 255
666.13 474.647 0 0 0 255
667.63 474.647 0 0 0 255
667.429 475.397 0 0 0 255
666.13 474.647 0 0 0 255
667.429 475.397 0 0 0 255
666.88 475.946 0 0 0 255
666.13 474.647 0 0 0 255
666.88 475.946 0 0 0 255
666.13 476.147 0 0 0 255
666.13 474.647 0 0 0 255
666.13 476.147 0 0 0 255
665.38 475.946 0 0 0 255
666.13 474.647 0 0 0 255
665.38 475.946 0 0 0 255
664.831 475.397 0 0 0 255
666.13 474.647 0 0 0 255
664.831 475.397 0 0 0 255
664.63 474.647 0 0 0 255
666.13 474.647 0 0 0 255
664.63 474.647 0 0 0 255
664.831 473.897 0 0 0 255
666.13 474.647 0 0 0 255
664.831 473.897 0 0 0 255
665.38 473.348 0 0 0 255
666.13 474.647 0 0 0 255
665.38 473.348 0 0 0 255
666.13 473.147 0 0 0 255
666.13 474.647 0 0 0 255
666.13 473.147 0 0 0 255
666.88 473.348 0 0 0 255
666.13 474.647 0 0 0 255
666.88 473.348 0 0 0 255
667.429 473.897 0 0 0 255
666.13 474.647 0 0 0 255
667.429 473.897 0 0 0 255
667.63 474.647 0 0 0 255
667.243 473.642 0 0 0 255
665.017 475.653 0 0 0 255
666.105 472.382 0 0 0 255
665.017 475.653 0 0 0 255
663.878 474.392 0 0 0 255
666.105 472.382 0 0 0 255
664.992 473.387 0 0 0 255
666.492 473.387 0 0 0 255
666.291 474.137 0 0 0 255
664.992 473.387 0 0 0 255
666.291 474.137 0 0 0 255
665.742 474.686 0 0 0 255
664.992 473.387 0 0 0 255
665.742 474.686 0 0 0 255
664.992 474.887 0 0 0 255
664.992 473.387 0 0 0 255
664.992 474.887 0 0 0 255
664.242 474.686 0 0 0 255
664.992 473.387 0 0 0 255
664.242 474.686 0 0 0 255
663.693 474.137 0 0 0 255
664.992 473.387 0 0 0 255
663.693 474.137 0 0 0 255
663.492 473.387 0 0 0 255
664.992 473.387 0 0 0 255
663.492 473.387 0 0 0 255
663.693 472.637 0 0 0 255
664.992 473.387 0 0 0 255
663.693 472.637 0 0 0 255
664.242 472.088 0 0 0 255
664.992 473.387 0 0 0 255
664.242 472.088 0 0 0 255
664.992 471.887 0 0 0 255
664.992 473.387 0 0 0 255
664.992 471.887 0 0 0 255
665.742 472.088 0 0 0 255
664.992 473.387 0 0 0 255
665.742 472.088 0 0 0 255
666.291 472.637 0 0 0 255
664.992 473.387 0 0 0 255
666.291 472.637 0 0 0 255
666.492 473.387 0 0 0 255
665.997 472.274 0 0 0 255
663.987 474.5 0 0 0 255
664.626 471.035 0 0 0 255
663.987 474.5 0 0 0 255
662.615 473.262 0 0 0 255
664.626 471.035 0 0 0 255
663.621 472.149 0 0 0 255
665.121 472.149 0 0 0 255
664.92 472.899 0 0 0 255
663.621 472.149 0 0 0 255
664.92 472.899 0 0 0 255
664.371 473.448 0 0 0 255
663.621 472.149 0 0 0 255
664.371 473.448 0 0 0 255
663.621 473.649 0 0 0 255
663.621 472.149 0 0 0 255
663.621 473.649 0 0 0 255
662.871 473.448 0 0 0 255
663.621 472.149 0 0 0 255
662.871 473.448 0 0 0 255
662.322 472.899 0 0 0 255
663.621 472.149 0 0 0 255
662.322 472.899 0 0 0 255
662.121 472.149 0 0 0 255
663.621 472.149 0 0 0 255
662.121 472.149 0 0 0 255
662.322 471.399 0 0 0 255
663.621 472.149 0 0 0 255
662.322 471.399 0 0 0 255
662.871 470.85 0 0 0 255
663.621 472.149 0 0 0 255
662.871 470.85 0 0 0 255
663.621 470.649 0 0 0 255
663.621 472.149 0 0 0 255
663.621 470.649 0 0 0 255
664.371 470.85 0 0 0 255
663.621 472.149 0 0 0 255
664.371 470.85 0 0 0 255
664.92 471.399 0 0 0 255
663.621 472.149 0 0 0 255
664.92 471.399 0 0 0 255
665.121 472.149 0 0 0 255
664.522 470.95 0 0 0 255
662.719 473.347 0 0 0 255
662.79 469.647 0 0 0 255
662.719 473.347 0 0 0 255
660.987 472.044 0 0 0 255
662.79 469.647 0 0 0 255
661.889 470.845 0 0 0 255
663.389 470.845 0 0 0 255
663.188 471.595 0 0 0 255
661.889 470.845 0 0 0 255
663.188 471.595 0 0 0 255
662.639 472.144 0 0 0 255
661.889 470.845 0 0 0 255
662.639 472.144 0 0 0 255
661.889 472.345 0 0 0 255
661.889 470.845 0 0 0 255
661.889 472.345 0 0 0 255
661.139 472.144 0 0 0 255
661.889 470.845 0 0 0 255
661.139 472.144 0 0 0 255
660.59 471.595 0 0 0 255
661.889 470.845 0 0 0 255
660.59 471.595 0 0 0 255
660.389 470.845 0 0 0 255
661.889 470.845 0 0 0 255
660.389 470.845 0 0 0 255
660.59 470.095 0 0 0 255
661.889 470.845 0 0 0 255
660.59 470.095 0 0 0 255
661.139 469.546 0 0 0 255
661.889 470.845 0 0 0 255
661.139 469.546 0 0 0 255
661.889 469.345 0 0 0 255
661.889 470.845 0 0 0 255
661.889 469.345 0 0 0 255
662.639 469.546 0 0 0 255
661.889 470.845 0 0 0 255
662.639 469.546 0 0 0 255
663.188 470.095 0 0 0 255
661.889 470.845 0 0 0 255
663.188 470.095 0 0 0 255
663.389 470.845 0 0 0 255
662.709 469.59 0 0 0 255
661.068 472.101 0 0 0 255
660.617 468.222 0 0 0 255
661.068 472.101 0 0 0 255
658.975 470.733 0 0 0 255
660.617 468.222 0 0 0 255
659.796 469.477 0 0 0 255
661.296 469.477 0 0 0 255
661.095 470.227 0 0 0 255
659.796 469.477 0 0 0 255
661.095 470.227 0 0 0 255
660.546 470.776 0 0 0 255
659.796 469.477 0 0 0 255
660.546 470.776 0 0 0 255
659.796 470.977 0 0 0 255
659.796 469.477 0 0 0 255
659.796 470.977 0 0 0 255
659.046 470.776 0 0 0 255
659.796 469.477 0 0 0 255
659.046 470.776 0 0 0 255
658.497 470.227 0 0 0 255
659.796 469.477 0 0 0 255
658.497 470.227 0 0 0 255
658.296 469.477 0 0 0 255
659.796 469.477 0 0 0 255
658.296 469.477 0 0 0 255
658.497 468.727 0 0 0 255
659.796 469.477 0 0 0 255
658.497 468.727 0 0 0 255
659.046 468.178 0 0 0 255
659.796 469.477 0 0 0 255
659.046 468.178 0 0 0 255
659.796 467.977 0 0 0 255
659.796 469.477 0 0 0 255
659.796 467.977 0 0 0 255
660.546 468.178 0 0 0 255
659.796 469.477 0 0 0 255
660.546 468.178 0 0 0 255
661.095 468.727 0 0 0 255
659.796 469.477 0 0 0 255
661.095 468.727 0 0 0 255
661.296 469.477 0 0 0 255
660.552 468.182 0 0 0 255
659.039 470.773 0 0 0 255
658.099 466.749 0 0 0 255
659.039 470.773 0 0 0 255
656.586 469.34 0 0 0 255
658.099 466.749 0 0 0 255
657.342 468.044 0 0 0 255
658.842 468.044 0 0 0 255
658.641 468.794 0 0 0 255
657.342 468.044 0 0 0 255
658.641 468.794 0 0 0 255
658.092 469.343 0 0 0 255
657.342 468.044 0 0 0 255
658.092 469.343 0 0 0 255
657.342 469.544 0 0 0 255
657.342 468.044 0 0 0 255
657.342 469.544 0 0 0 255
656.592 469.343 0 0 0 255
657.342 468.044 0 0 0 255
656.592 469.343 0 0 0 255
656.043 468.794 0 0 0 255
657.342 468.044 0 0 0 255
656.043 468.794 0 0 0 255
655.842 468.044 0 0 0 255
657.342 468.044 0 0 0 255
655.842 468.044 0 0 0 255
656.043 467.294 0 0 0 255
657.342 468.044 0 0 0 255
656.043 467.294 0 0 0 255
656.592 466.745 0 0 0 255
657.342 468.044 0 0 0 255
656.592 466.745 0 0 0 255
657.342 466.544 0 0 0 255
657.342 468.044 0 0 0 255
657.342 466.544 0 0 0 255
658.092 466.745 0 0 0 255
657.342 468.044 0 0 0 255
658.092 466.745 0 0 0 255
658.641 467.294 0 0 0 255
657.342 468.044 0 0 0 255
658.641 467.294 0 0 0 255
658.842 468.044 0 0 0 255
658.047 466.72 0 0 0 255
656.638 469.369 0 0 0 255
655.233 465.223 0 0 0 255
656.638 469.369 0 0 0 255
653.823 467.871 0 0 0 255
655.233 465.223 0 0 0 255
654.528 466.547 0 0 0 255
656.028 466.547 0 0 0 255
655.827 467.297 0 0 0 255
654.528 466.547 0 0 0 255
655.827 467.297 0 0 0 255
655.278 467.846 0 0 0 255
654.528 466.547 0 0 0 255
655.278 467.846 0 0 0 255
654.528 468.047 0 0 0 255
654.528 466.547 0 0 0 255
654.528 468.047 0 0 0 255
653.778 467.846 0 0 0 255
654.528 466.547 0 0 0 255
653.778 467.846 0 0 0 255
653.229 467.297 0 0 0 255
654.528 466.547 0 0 0 255
653.229 467.297 0 0 0 255
653.028 466.547 0 0 0 255
654.528 466.547 0 0 0 255
653.028 466.547 0 0 0 255
653.229 465.797 0 0 0 255
654.528 466.547 0 0 0 255
653.229 465.797 0 0 0 255
653.778 465.248 0 0 0 255
654.528 466.547 0 0 0 255
653.778 465.248 0 0 0 255
654.528 465.047 0 0 0 255
654.528 466.547 0 0 0 255
654.528 465.047 0 0 0 255
655.278 465.248 0 0 0 255
654.528 466.547 0 0 0 255
655.278 465.248 0 0 0 255
655.827 465.797 0 0 0 255
654.528 466.547 0 0 0 255
655.827 465.797 0 0 0 255
656.028 466.547 0 0 0 255
655.191 465.201 0 0 0 255
653.866 467.892 0 0 0 255
652.016 463.638 0 0 0 255
653.866 467.892 0 0 0 255
650.691 466.33 0 0 0 255
652.016 463.638 0 0 0 255
651.353 464.984 0 0 0 255
652.853 464.984 0 0 0 255
652.652 465.734 0 0 0 255
651.353 464.984 0 0 0 255
652.652 465.734 0 0 0 255
652.103 466.283 0 0 0 255
651.353 464.984 0 0 0 255
652.103 466.283 0 0 0 255
651.353 466.484 0 0 0 255
651.353 464.984 0 0 0 255
651.353 466.484 0 0 0 255
650.603 466.283 0 0 0 255
651.353 464.984 0 0 0 255
650.603 466.283 0 0 0 255
650.054 465.734 0 0 0 255
651.353 464.984 0 0 0 255
650.054 465.734 0 0 0 255
649.853 464.984 0 0 0 255
651.353 464.984 0 0 0 255
649.853 464.984 0 0 0 255
650.054 464.234 0 0 0 255
651.353 464.984 0 0 0 255
650.054 464.234 0 0 0 255
650.603 463.685 0 0 0 255
651.353 464.984 0 0 0 255
650.603 463.685 0 0 0 255
651.353 463.484 0 0 0 255
651.353 464.984 0 0 0 255
651.353 463.484 0 0 0 255
652.103 463.685 0 0 0 255
651.353 464.984 0 0 0 255
652.103 463.685 0 0 0 255
652.652 464.234 0 0 0 255
651.353 464.984 0 0 0 255
652.652 464.234 0 0 0 255
652.853 464.984 0 0 0 255
651.989 463.626 0 0 0 255
650.717 466.342 0 0 0 255
648.687 462.079 0 0 0 255
650.717 466.342 0 0 0 255
647.415 464.796 0 0 0 255
648.687 462.079 0 0 0 255
648.051 463.438 0 0 0 255
649.551 463.438 0 0 0 255
649.35 464.188 0 0 0 255
648.051 463.438 0 0 0 255
649.35 464.188 0 0 0 255
648.801 464.737 0 0 0 255
648.051 463.438 0 0 0 255
648.801 464.737 0 0 0 255
648.051 464.938 0 0 0 255
648.051 463.438 0 0 0 255
648.051 464.938 0 0 0 255
647.301 464.737 0 0 0 255
648.051 463.438 0 0 0 255
647.301 464.737 0 0 0 255
646.752 464.188 0 0 0 255
648.051 463.438 0 0 0 255
646.752 464.188 0 0 0 255
646.551 463.438 0 0 0 255
648.051 463.438 0 0 0 255
646.551 463.438 0 0 0 255
646.752 462.688 0 0 0 255
648.051 463.438 0 0 0 255
646.752 462.688 0 0 0 255
647.301 462.139 0 0 0 255
648.051 463.438 0 0 0 255
647.301 462.139 0 0 0 255
648.051 461.938 0 0 0 255
648.051 463.438 0 0 0 255
648.051 461.938 0 0 0 255
648.801 462.139 0 0 0 255
648.051 463.438 0 0 0 255
648.801 462.139 0 0 0 255
649.35 462.688 0 0 0 255
648.051 463.438 0 0 0 255
649.35 462.688 0 0 0 255
649.551 463.438 0 0 0 255
648.67 462.071 0 0 0 255
647.432 464.804 0 0 0 255
645.474 460.623 0 0 0 255
647.432 464.804 0 0 0 255
644.235 463.355 0 0 0 255
645.474 460.623 0 0 0 255
644.855 461.989 0 0 0 255
646.355 461.989 0 0 0 255
646.154 462.739 0 0 0 255
644.855 461.989 0 0 0 255
646.154 462.739 0 0 0 255
645.605 463.288 0 0 0 255
644.855 461.989 0 0 0 255
645.605 463.288 0 0 0 255
644.855 463.489 0 0 0 255
644.855 461.989 0 0 0 255
644.855 463.489 0 0 0 255
644.105 463.288 0 0 0 255
644.855 461.989 0 0 0 255
644.105 463.288 0 0 0 255
643.556 462.739 0 0 0 255
644.855 461.989 0 0 0 255
643.556 462.739 0 0 0 255
643.355 461.989 0 0 0 255
644.855 461.989 0 0 0 255
643.355 461.989 0 0 0 255
643.556 461.239 0 0 0 255
644.855 461.989 0 0 0 255
643.556 461.239 0 0 0 255
644.105 460.69 0 0 0 255
644.855 461.989 0 0 0 255
644.105 460.69 0 0 0 255
644.855 460.489 0 0 0 255
644.855 461.989 0 0 0 255
644.855 460.489 0 0 0 255
645.605 460.69 0 0 0 255
644.855 461.989 0 0 0 255
645.605 460.69 0 0 0 255
646.154 461.239 0 0 0 255
644.855 461.989 0 0 0 255
646.154 461.239 0 0 0 255
646.355 461.989 0 0 0 255
645.455 460.615 0 0 0 255
644.254 463.363 0 0 0 255
642.365 459.263 0 0 0 255
644.254 463.363 0 0 0 255
641.163 462.012 0 0 0 255
642.365 459.263 0 0 0 255
641.764 460.638 0 0 0 255
643.264 460.638 0 0 0 255
643.063 461.388 0 0 0 255
641.764 460.638 0 0 0 255
643.063 461.388 0 0 0 255
642.514 461.937 0 0 0 255
641.764 460.638 0 0 0 255
642.514 461.937 0 0 0 255
641.764 462.138 0 0 0 255
641.764 460.638 0 0 0 255
641.764 462.138 0 0 0 255
641.014 461.937 0 0 0 255
641.764 460.638 0 0 0 255
641.014 461.937 0 0 0 255
640.465 461.388 0 0 0 255
641.764 460.638 0 0 0 255
640.465 461.388 0 0 0 255
640.264 460.638 0 0 0 255
641.764 460.638 0 0 0 255
640.264 460.638 0 0 0 255
640.465 459.888 0 0 0 255
641.764 460.638 0 0 0 255
640.465 459.888 0 0 0 255
641.014 459.339 0 0 0 255
641.764 460.638 0 0 0 255
641.014 459.339 0 0 0 255
641.764 459.138 0 0 0 255
641.764 460.638 0 0 0 255
641.764 459.138 0 0 0 255
642.514 459.339 0 0 0 255
641.764 460.638 0 0 0 255
642.514 459.339 0 0 0 255
643.063 459.888 0 0 0 255
641.764 460.638 0 0 0 255
643.063 459.888 0 0 0 255
643.264 460.638 0 0 0 255
642.345 459.255 0 0 0 255
641.183 462.021 0 0 0 255
639.361 458.001 0 0 0 255
641.183 462.021 0 0 0 255
638.199 460.767 0 0 0 255
639.361 458.001 0 0 0 255
638.78 459.384 0 0 0 255
640.28 459.384 0 0 0 255
640.079 460.134 0 0 0 255
638.78 459.384 0 0 0 255
640.079 460.134 0 0 0 255
639.53 460.683 0 0 0 255
638.78 459.384 0 0 0 255
639.53 460.683 0 0 0 255
638.78 460.884 0 0 0 255
638.78 459.384 0 0 0 255
638.78 460.884 0 0 0 255
638.03 460.683 0 0 0 255
638.78 459.384 0 0 0 255
638.03 460.683 0 0 0 255
637.481 460.134 0 0 0 255
638.78 459.384 0 0 0 255
637.481 460.134 0 0 0 255
637.28 459.384 0 0 0 255
638.78 459.384 0 0 0 255
637.28 459.384 0 0 0 255
637.481 458.634 0 0 0 255
638.78 459.384 0 0 0 255
637.481 458.634 0 0 0 255
638.03 458.085 0 0 0 255
638.78 459.384 0 0 0 255
638.03 458.085 0 0 0 255
638.78 457.884 0 0 0 255
638.78 459.384 0 0 0 255
638.78 457.884 0 0 0 255
639.53 458.085 0 0 0 255
638.78 459.384 0 0 0 255
639.53 458.085 0 0 0 255
640.079 458.634 0 0 0 255
638.78 459.384 0 0 0 255
640.079 458.634 0 0 0 255
640.28 459.384 0 0 0 255
639.339 457.992 0 0 0 255
638.221 460.776 0 0 0 255
636.46 456.837 0 0 0 255
638.221 460.776 0 0 0 255
635.342 459.62 0 0 0 255
636.46 456.837 0 0 0 255
635.901 458.229 0 0 0 255
637.401 458.229 0 0 0 255
637.2 458.979 0 0 0 255
635.901 458.229 0 0 0 255
637.2 458.979 0 0 0 255
636.651 459.528 0 0 0 255
635.901 458.229 0 0 0 255
636.651 459.528 0 0 0 255
635.901 459.729 0 0 0 255
635.901 458.229 0 0 0 255
635.901 459.729 0 0 0 255
635.151 459.528 0 0 0 255
635.901 458.229 0 0 0 255
635.151 459.528 0 0 0 255
634.602 458.979 0 0 0 255
635.901 458.229 0 0 0 255
634.602 458.979 0 0 0 255
634.401 458.229 0 0 0 255
635.901 458.229 0 0 0 255
634.401 458.229 0 0 0 255
634.602 457.479 0 0 0 255
635.901 458.229 0 0 0 255
634.602 457.479 0 0 0 255
635.151 456.929 0 0 0 255
635.901 458.229 0 0 0 255
635.151 456.929 0 0 0 255
635.901 456.729 0 0 0 255
635.901 458.229 0 0 0 255
635.901 456.729 0 0 0 255
636.651 456.929 0 0 0 255
635.901 458.229 0 0 0 255
636.651 456.929 0 0 0 255
637.2 457.479 0 0 0 255
635.901 458.229 0 0 0 255
637.2 457.479 0 0 0 255
637.401 458.229 0 0 0 255
636.436 456.827 0 0 0 255
635.366 459.63 0 0 0 255
633.663 455.769 0 0 0 255
635.366 459.63 0 0 0 255
632.594 458.572 0 0 0 255
633.663 455.769 0 0 0 255
633.129 457.17 0 0 0 255
634.629 457.17 0 0 0 255
634.428 457.92 0 0 0 255
633.129 457.17 0 0 0 255
634.428 457.92 0 0 0 255
633.879 458.469 0 0 0 255
633.129 457.17 0 0 0 255
633.879 458.469 0 0 0 255
633.129 458.67 0 0 0 255
633.129 457.17 0 0 0 255
633.129 458.67 0 0 0 255
632.379 458.469 0 0 0 255
633.129 457.17 0 0 0 255
632.379 458.469 0 0 0 255
631.83 457.92 0 0 0 255
633.129 457.17 0 0 0 255
631.83 457.92 0 0 0 255
631.629 457.17 0 0 0 255
633.129 457.17 0 0 0 255
631.629 457.17 0 0 0 255
631.83 456.42 0 0 0 255
633.129 457.17 0 0 0 255
631.83 456.42 0 0 0 255
632.379 455.871 0 0 0 255
633.129 457.17 0 0 0 255
632.379 455.871 0 0 0 255
633.129 455.67 0 0 0 255
633.129 457.17 0 0 0 255
633.129 455.67 0 0 0 255
633.879 455.871 0 0 0 255
633.129 457.17 0 0 0 255
633.879 455.871 0 0 0 255
634.428 456.42 0 0 0 255
633.129 457.17 0 0 0 255
634.428 456.42 0 0 0 255
634.629 457.17 0 0 0 255
633.644 455.762 0 0 0 255
632.613 458.579 0 0 0 255
630.992 454.79 0 0 0 255
632.613 458.579 0 0 0 255
629.96 457.607 0 0 0 255
630.992 454.79 0 0 0 255
630.476 456.199 0 0 0 255
631.976 456.199 0 0 0 255
631.775 456.949 0 0 0 255
630.476 456.199 0 0 0 255
631.775 456.949 0 0 0 255
631.226 457.498 0 0 0 255
630.476 456.199 0 0 0 255
631.226 457.498 0 0 0 255
630.476 457.699 0 0 0 255
630.476 456.199 0 0 0 255
630.476 457.699 0 0 0 255
629.726 457.498 0 0 0 255
630.476 456.199 0 0 0 255
629.726 457.498 0 0 0 255
629.177 456.949 0 0 0 255
630.476 456.199 0 0 0 255
629.177 456.949 0 0 0 255
628.976 456.199 0 0 0 255
630.476 456.199 0 0 0 255
628.976 456.199 0 0 0 255
629.177 455.449 0 0 0 255
630.476 456.199 0 0 0 255
629.177 455.449 0 0 0 255
629.726 454.9 0 0 0 255
630.476 456.199 0 0 0 255
629.726 454.9 0 0 0 255
630.476 454.699 0 0 0 255
630.476 456.199 0 0 0 255
630.476 454.699 0 0 0 255
631.226 454.9 0 0 0 255
630.476 456.199 0 0 0 255
631.226 454.9 0 0 0 255
631.775 455.449 0 0 0 255
630.476 456.199 0 0 0 255
631.775 455.449 0 0 0 255
631.976 456.199 0 0 0 255
630.978 454.785 0 0 0 255
629.973 457.612 0 0 0 255
628.459 453.89 0 0 0 255
629.973 457.612 0 0 0 255
627.454 456.717 0 0 0 255
628.459 453.89 0 0 0 255
627.956 455.303 0 0 0 255
629.456 455.303 0 0 0 255
629.255 456.053 0 0 0 255
627.956 455.303 0 0 0 255
629.255 456.053 0 0 0 255
628.706 456.602 0 0 0 255
627.956 455.303 0 0 0 255
628.706 456.602 0 0 0 255
627.956 456.803 0 0 0 255
627.956 455.303 0 0 0 255
627.956 456.803 0 0 0 255
627.206 456.602 0 0 0 255
627.956 455.303 0 0 0 255
627.206 456.602 0 0 0 255
626.657 456.053 0 0 0 255
627.956 455.303 0 0 0 255
626.657 456.053 0 0 0 255
626.456 455.303 0 0 0 255
627.956 455.303 0 0 0 255
626.456 455.303 0 0 0 255
626.657 454.553 0 0 0 255
627.956 455.303 0 0 0 255
626.657 454.553 0 0 0 255
627.206 454.004 0 0 0 255
627.956 455.303 0 0 0 255
627.206 454.004 0 0 0 255
627.956 453.803 0 0 0 255
627.956 455.303 0 0 0 255
627.956 453.803 0 0 0 255
628.706 454.004 0 0 0 255
627.956 455.303 0 0 0 255
628.706 454.004 0 0 0 255
629.255 454.553 0 0 0 255
627.956 455.303 0 0 0 255
629.255 454.553 0 0 0 255
629.456 455.303 0 0 0 255
628.444 453.885 0 0 0 255
627.469 456.722 0 0 0 255
626.058 453.065 0 0 0 255
627.469 456.722 0 0 0 255
625.084 455.902 0 0 0 255
626.058 453.065 0 0 0 255
625.571 454.484 0 0 0 255
627.071 454.484 0 0 0 255
626.87 455.234 0 0 0 255
625.571 454.484 0 0 0 255
626.87 455.234 0 0 0 255
626.321 455.783 0 0 0 255
625.571 454.484 0 0 0 255
626.321 455.783 0 0 0 255
625.571 455.984 0 0 0 255
625.571 454.484 0 0 0 255
625.571 455.984 0 0 0 255
624.821 455.783 0 0 0 255
625.571 454.484 0 0 0 255
624.821 455.783 0 0 0 255
624.272 455.234 0 0 0 255
625.571 454.484 0 0 0 255
624.272 455.234 0 0 0 255
624.071 454.484 0 0 0 255
625.571 454.484 0 0 0 255
624.071 454.484 0 0 0 255
624.272 453.734 0 0 0 255
625.571 454.484 0 0 0 255
624.272 453.734 0 0 0 255
624.821 453.185 0 0 0 255
625.571 454.484 0 0 0 255
624.821 453.185 0 0 0 255
625.571 452.984 0 0 0 255
625.571 454.484 0 0 0 255
625.571 452.984 0 0 0 255
626.321 453.185 0 0 0 255
625.571 454.484 0 0 0 255
626.321 453.185 0 0 0 255
626.87 453.734 0 0 0 255
625.571 454.484 0 0 0 255
626.87 453.734 0 0 0 255
627.071 454.484 0 0 0 255
626.041 453.059 0 0 0 255
625.101 455.908 0 0 0 255
623.789 452.316 0 0 0 255
625.101 455.908 0 0 0 255
622.849 455.164 0 0 0 255
623.789 452.316 0 0 0 255
623.319 453.74 0 0 0 255
624.819 453.74 0 0 0 255
624.618 454.49 0 0 0 255
623.319 453.74 0 0 0 255
624.618 454.49 0 0 0 255
624.069 455.039 0 0 0 255
623.319 453.74 0 0 0 255
624.069 455.039 0 0 0 255
623.319 455.24 0 0 0 255
623.319 453.74 0 0 0 255
623.319 455.24 0 0 0 255
622.569 455.039 0 0 0 255
623.319 453.74 0 0 0 255
622.569 455.039 0 0 0 255
622.02 454.49 0 0 0 255
623.319 453.74 0 0 0 255
622.02 454.49 0 0 0 255
621.819 453.74 0 0 0 255
623.319 453.74 0 0 0 255
621.819 453.74 0 0 0 255
622.02 452.99 0 0 0 255
623.319 453.74 0 0 0 255
622.02 452.99 0 0 0 255
622.569 452.441 0 0 0 255
623.319 453.74 0 0 0 255
622.569 452.441 0 0 0 255
623.319 452.24 0 0 0 255
623.319 453.74 0 0 0 255
623.319 452.24 0 0 0 255
624.069 452.441 0 0 0 255
623.319 453.74 0 0 0 255
624.069 452.441 0 0 0 255
624.618 452.99 0 0 0 255
623.319 453.74 0 0 0 255
624.618 452.99 0 0 0 255
624.819 453.74 0 0 0 255
623.77 452.309 0 0 0 255
622.868 455.171 0 0 0 255
621.652 451.642 0 0 0 255
622.868 455.171 0 0 0 255
620.75 454.503 0 0 0 255
621.652 451.642 0 0 0 255
621.201 453.072 0 0 0 255
622.701 453.072 0 0 0 255
622.5 453.822 0 0 0 255
621.201 453.072 0 0 0 255
622.5 453.822 0 0 0 255
621.951 454.371 0 0 0 255
621.201 453.072 0 0 0 255
621.951 454.371 0 0 0 255
621.201 454.572 0 0 0 255
621.201 453.072 0 0 0 255
621.201 454.572 0 0 0 255
620.451 454.371 0 0 0 255
621.201 453.072 0 0 0 255
620.451 454.371 0 0 0 255
619.902 453.822 0 0 0 255
621.201 453.072 0 0 0 255
619.902 453.822 0 0 0 255
619.701 453.072 0 0 0 255
621.201 453.072 0 0 0 255
619.701 453.072 0 0 0 255
619.902 452.322 0 0 0 255
621.201 453.072 0 0 0 255
619.902 452.322 0 0 0 255
620.451 451.773 0 0 0 255
621.201 453.072 0 0 0 255
620.451 451.773 0 0 0 255
621.201 451.572 0 0 0 255
621.201 453.072 0 0 0 255
621.201 451.572 0 0 0 255
621.951 451.773 0 0 0 255
621.201 453.072 0 0 0 255
621.951 451.773 0 0 0 255
622.5 452.322 0 0 0 255
621.201 453.072 0 0 0 255
622.5 452.322 0 0 0 255
622.701 453.072 0 0 0 255
621.629 451.635 0 0 0 255
620.772 454.51 0 0 0 255
619.645 451.043 0 0 0 255
620.772 454.51 0 0 0 255
618.788 453.918 0 0 0 255
619.645 451.043 0 0 0 255
619.216 452.481 0 0 0 255
620.716 452.481 0 0 0 255
620.515 453.231 0 0 0 255
619.216 452.481 0 0 0 255
620.515 453.231 0 0 0 255
619.966 453.78 0 0 0 255
619.216 452.481 0 0 0 255
619.966 453.78 0 0 0 255
619.216 453.981 0 0 0 255
619.216 452.481 0 0 0 255
619.216 453.981 0 0 0 255
618.466 453.78 0 0 0 255
619.216 452.481 0 0 0 255
618.466 453.78 0 0 0 255
617.917 453.231 0 0 0 255
619.216 452.481 0 0 0 255
617.917 453.231 0 0 0 255
617.716 452.481 0 0 0 255
619.216 452.481 0 0 0 255
617.716 452.481 0 0 0 255
617.917 451.731 0 0 0 255
619.216 452.481 0 0 0 255
617.917 451.731 0 0 0 255
618.466 451.181 0 0 0 255
619.216 452.481 0 0 0 255
618.466 451.181 0 0 0 255
619.216 450.981 0 0 0 255
619.216 452.481 0 0 0 255
619.216 450.981 0 0 0 255
619.966 451.181 0 0 0 255
619.216 452.481 0 0 0 255
619.966 451.181 0 0 0 255
620.515 451.731 0 0 0 255
619.216 452.481 0 0 0 255
620.515 451.731 0 0 0 255
620.716 452.481 0 0 0 255
619.624 451.037 0 0 0 255
618.808 453.924 0 0 0 255
617.779 450.515 0 0 0 255
618.808 453.924 0 0 0 255
616.963 453.402 0 0 0 255
617.779 450.515 0 0 0 255
617.371 451.959 0 0 0 255
618.871 451.959 0 0 0 255
618.67 452.709 0 0 0 255
617.371 451.959 0 0 0 255
618.67 452.709 0 0 0 255
618.121 453.258 0 0 0 255
617.371 451.959 0 0 0 255
618.121 453.258 0 0 0 255
617.371 453.459 0 0 0 255
617.371 451.959 0 0 0 255
617.371 453.459 0 0 0 255
616.621 453.258 0 0 0 255
617.371 451.959 0 0 0 255
616.621 453.258 0 0 0 255
616.072 452.709 0 0 0 255
617.371 451.959 0 0 0 255
616.072 452.709 0 0 0 255
615.871 451.959 0 0 0 255
617.371 451.959 0 0 0 255
615.871 451.959 0 0 0 255
616.072 451.209 0 0 0 255
617.371 451.959 0 0 0 255
616.072 451.209 0 0 0 255
616.621 450.66 0 0 0 255
617.371 451.959 0 0 0 255
616.621 450.66 0 0 0 255
617.371 450.459 0 0 0 255
617.371 451.959 0 0 0 255
617.371 450.459 0 0 0 255
618.121 450.66 0 0 0 255
617.371 451.959 0 0 0 255
618.121 450.66 0 0 0 255
618.67 451.209 0 0 0 255
617.371 451.959 0 0 0 255
618.67 451.209 0 0 0 255
618.871 451.959 0 0 0 255
617.761 450.51 0 0 0 255
616.982 453.407 0 0 0 255
616.062 450.053 0 0 0 255
616.982 453.407 0 0 0 255
615.282 452.95 0 0 0 255
616.062 450.053 0 0 0 255
615.672 451.502 0 0 0 255
617.172 451.502 0 0 0 255
616.971 452.252 0 0 0 255
615.672 451.502 0 0 0 255
616.971 452.252 0 0 0 255
616.422 452.801 0 0 0 255
615.672 451.502 0 0 0 255
616.422 452.801 0 0 0 255
615.672 453.002 0 0 0 255
615.672 451.502 0 0 0 255
615.672 453.002 0 0 0 255
614.922 452.801 0 0 0 255
615.672 451.502 0 0 0 255
614.922 452.801 0 0 0 255
614.373 452.252 0 0 0 255
615.672 451.502 0 0 0 255
614.373 452.252 0 0 0 255
614.172 451.502 0 0 0 255
615.672 451.502 0 0 0 255
614.172 451.502 0 0 0 255
614.373 450.752 0 0 0 255
615.672 451.502 0 0 0 255
614.373 450.752 0 0 0 255
614.922 450.203 0 0 0 255
615.672 451.502 0 0 0 255
614.922 450.203 0 0 0 255
615.672 450.002 0 0 0 255
615.672 451.502 0 0 0 255
615.672 450.002 0 0 0 255
616.422 450.203 0 0 0 255
615.672 451.502 0 0 0 255
616.422 450.203 0 0 0 255
616.971 450.752 0 0 0 255
615.672 451.502 0 0 0 255
616.971 450.752 0 0 0 255
617.172 451.502 0 0 0 255
616.04 450.047 0 0 0 255
615.304 452.956 0 0 0 255
614.487 449.655 0 0 0 255
615.304 452.956 0 0 0 255
613.751 452.563 0 0 0 255
614.487 449.655 0 0 0 255
614.119 451.109 0 0 0 255
615.619 451.109 0 0 0 255
615.418 451.859 0 0 0 255
614.119 451.109 0 0 0 255
615.418 451.859 0 0 0 255
614.869 452.408 0 0 0 255
614.119 451.109 0 0 0 255
614.869 452.408 0 0 0 255
614.119 452.609 0 0 0 255
614.119 451.109 0 0 0 255
614.119 452.609 0 0 0 255
613.369 452.408 0 0 0 255
614.119 451.109 0 0 0 255
613.369 452.408 0 0 0 255
612.82 451.859 0 0 0 255
614.119 451.109 0 0 0 255
612.82 451.859 0 0 0 255
612.619 451.109 0 0 0 255
614.119 451.109 0 0 0 255
612.619 451.109 0 0 0 255
612.82 450.359 0 0 0 255
614.119 451.109 0 0 0 255
612.82 450.359 0 0 0 255
613.369 449.81 0 0 0 255
614.119 451.109 0 0 0 255
613.369 449.81 0 0 0 255
614.119 449.609 0 0 0 255
614.119 451.109 0 0 0 255
614.119 449.609 0 0 0 255
614.869 449.81 0 0 0 255
614.119 451.109 0 0 0 255
614.869 449.81 0 0 0 255
615.418 450.359 0 0 0 255
614.119 451.109 0 0 0 255
615.418 450.359 0 0 0 255
615.619 451.109 0 0 0 255
614.46 449.648 0 0 0 255
613.778 452.569 0 0 0 255
613.053 449.319 0 0 0 255
613.778 452.569 0 0 0 255
612.37 452.241 0 0 0 255
613.053 449.319 0 0 0 255
612.711 450.78 0 0 0 255
614.211 450.78 0 0 0 255
614.01 451.53 0 0 0 255
612.711 450.78 0 0 0 255
614.01 451.53 0 0 0 255
613.461 452.079 0 0 0 255
612.711 450.78 0 0 0 255
613.461 452.079 0 0 0 255
612.711 452.28 0 0 0 255
612.711 450.78 0 0 0 255
612.711 452.28 0 0 0 255
611.961 452.079 0 0 0 255
612.711 450.78 0 0 0 255
611.961 452.079 0 0 0 255
611.412 451.53 0 0 0 255
612.711 450.78 0 0 0 255
611.412 451.53 0 0 0 255
611.211 450.78 0 0 0 255
612.711 450.78 0 0 0 255
611.211 450.78 0 0 0 255
611.412 450.03 0 0 0 255
612.711 450.78 0 0 0 255
611.412 450.03 0 0 0 255
611.961 449.481 0 0 0 255
612.711 450.78 0 0 0 255
611.961 449.481 0 0 0 255
612.711 449.28 0 0 0 255
612.711 450.78 0 0 0 255
612.711 449.28 0 0 0 255
613.461 449.481 0 0 0 255
612.711 450.78 0 0 0 255
613.461 449.481 0 0 0 255
614.01 450.03 0 0 0 255
612.711 450.78 0 0 0 255
614.01 450.03 0 0 0 255
614.211 450.78 0 0 0 255
613.019 449.312 0 0 0 255
612.404 452.248 0 0 0 255
611.757 449.048 0 0 0 255
612.404 452.248 0 0 0 255
611.142 451.984 0 0 0 255
611.757 449.048 0 0 0 255
611.45 450.516 0 0 0 255
612.95 450.516 0 0 0 255
612.749 451.266 0 0 0 255
611.45 450.516 0 0 0 255
612.749 451.266 0 0 0 255
612.2 451.815 0 0 0 255
611.45 450.516 0 0 0 255
612.2 451.815 0 0 0 255
611.45 452.016 0 0 0 255
611.45 450.516 0 0 0 255
611.45 452.016 0 0 0 255
610.7 451.815 0 0 0 255
611.45 450.516 0 0 0 255
610.7 451.815 0 0 0 255
610.151 451.266 0 0 0 255
611.45 450.516 0 0 0 255
610.151 451.266 0 0 0 255
609.95 450.516 0 0 0 255
611.45 450.516 0 0 0 255
609.95 450.516 0 0 0 255
610.151 449.766 0 0 0 255
611.45 450.516 0 0 0 255
610.151 449.766 0 0 0 255
610.7 449.217 0 0 0 255
611.45 450.516 0 0 0 255
610.7 449.217 0 0 0 255
611.45 449.016 0 0 0 255
611.45 450.516 0 0 0 255
611.45 449.016 0 0 0 255
612.2 449.217 0 0 0 255
611.45 450.516 0 0 0 255
612.2 449.217 0 0 0 255
612.749 449.766 0 0 0 255
611.45 450.516 0 0 0 255
612.749 449.766 0 0 0 255
612.95 450.516 0 0 0 255
611.714 449.039 0 0 0 255
611.185 451.992 0 0 0 255
610.599 448.839 0 0 0 255
611.185 451.992 0 0 0 255
610.069 451.792 0 0 0 255
610.599 448.839 0 0 0 255
610.334 450.316 0 0 0 255
611.834 450.316 0 0 0 255
611.633 451.066 0 0 0 255
610.334 450.316 0 0 0 255
611.633 451.066 0 0 0 255
611.084 451.615 0 0 0 255
610.334 450.316 0 0 0 255
611.084 451.615 0 0 0 255
610.334 451.816 0 0 0 255
610.334 450.316 0 0 0 255
610.334 451.816 0 0 0 255
609.584 451.615 0 0 0 255
610.334 450.316 0 0 0 255
609.584 451.615 0 0 0 255
609.035 451.066 0 0 0 255
610.334 450.316 0 0 0 255
609.035 451.066 0 0 0 255
608.834 450.316 0 0 0 255
610.334 450.316 0 0 0 255
608.834 450.316 0 0 0 255
609.035 449.566 0 0 0 255
610.334 450.316 0 0 0 255
609.035 449.566 0 0 0 255
609.584 449.017 0 0 0 255
610.334 450.316 0 0 0 255
609.584 449.017 0 0 0 255
610.334 448.816 0 0 0 255
610.334 450.316 0 0 0 255
610.334 448.816 0 0 0 255
611.084 449.017 0 0 0 255
610.334 450.316 0 0 0 255
611.084 449.017 0 0 0 255
611.633 449.566 0 0 0 255
610.334 450.316 0 0 0 255
611.633 449.566 0 0 0 255
611.834 450.316 0 0 0 255
610.577 448.836 0 0 0 255
610.091 451.796 0 0 0 255
609.603 448.676 0 0 0 255
610.091 451.796 0 0 0 255
609.117 451.636 0 0 0 255
609.603 448.676 0 0 0 255
609.36 450.156 0 0 0 255
610.86 450.156 0 0 0 255
610.659 450.906 0 0 0 255
609.36 450.156 0 0 0 255
610.659 450.906 0 0 0 255
610.11 451.455 0 0 0 255
609.36 450.156 0 0 0 255
610.11 451.455 0 0 0 255
609.36 451.656 0 0 0 255
609.36 450.156 0 0 0 255
609.36 451.656 0 0 0 255
608.61 451.455 0 0 0 255
609.36 450.156 0 0 0 255
608.61 451.455 0 0 0 255
608.061 450.906 0 0 0 255
609.36 450.156 0 0 0 255
608.061 450.906 0 0 0 255
607.86 450.156 0 0 0 255
609.36 450.156 0 0 0 255
607.86 450.156 0 0 0 255
608.061 449.406 0 0 0 255
609.36 450.156 0 0 0 255
608.061 449.406 0 0 0 255
608.61 448.857 0 0 0 255
609.36 450.156 0 0 0 255
608.61 448.857 0 0 0 255
609.36 448.656 0 0 0 255
609.36 450.156 0 0 0 255
609.36 448.656 0 0 0 255
610.11 448.857 0 0 0 255
609.36 450.156 0 0 0 255
610.11 448.857 0 0 0 255
610.659 449.406 0 0 0 255
609.36 450.156 0 0 0 255
610.659 449.406 0 0 0 255
610.86 450.156 0 0 0 255
609.615 448.678 0 0 0 255
609.105 451.634 0 0 0 255
608.778 448.534 0 0 0 255
609.105 451.634 0 0 0 255
608.269 451.49 0 0 0 255
608.778 448.534 0 0 0 255
608.524 450.012 0 0 0 255
610.024 450.012 0 0 0 255
609.823 450.762 0 0 0 255
608.524 450.012 0 0 0 255
609.823 450.762 0 0 0 255
609.274 451.311 0 0 0 255
608.524 450.012 0 0 0 255
609.274 451.311 0 0 0 255
608.524 451.512 0 0 0 255
608.524 450.012 0 0 0 255
608.524 451.512 0 0 0 255
607.774 451.311 0 0 0 255
608.524 450.012 0 0 0 255
607.774 451.311 0 0 0 255
607.225 450.762 0 0 0 255
608.524 450.012 0 0 0 255
607.225 450.762 0 0 0 255
607.024 450.012 0 0 0 255
608.524 450.012 0 0 0 255
607.024 450.012 0 0 0 255
607.225 449.262 0 0 0 255
608.524 450.012 0 0 0 255
607.225 449.262 0 0 0 255
607.774 448.713 0 0 0 255
608.524 450.012 0 0 0 255
607.774 448.713 0 0 0 255
608.524 448.512 0 0 0 255
608.524 450.012 0 0 0 255
608.524 448.512 0 0 0 255
609.274 448.713 0 0 0 255
608.524 450.012 0 0 0 255
609.274 448.713 0 0 0 255
609.823 449.262 0 0 0 255
608.524 450.012 0 0 0 255
609.823 449.262 0 0 0 255
610.024 450.012 0 0 0 255
608.794 448.536 0 0 0 255
608.253 451.487 0 0 0 255
608.095 448.408 0 0 0 255
608.253 451.487 0 0 0 255
607.554 451.359 0 0 0 255
608.095 448.408 0 0 0 255
607.825 449.884 0 0 0 255
609.325 449.884 0 0 0 255
609.124 450.634 0 0 0 255
607.825 449.884 0 0 0 255
609.124 450.634 0 0 0 255
608.575 451.183 0 0 0 255
607.825 449.884 0 0 0 255
608.575 451.183 0 0 0 255
607.825 451.384 0 0 0 255
607.825 449.884 0 0 0 255
607.825 451.384 0 0 0 255
607.075 451.183 0 0 0 255
607.825 449.884 0 0 0 255
607.075 451.183 0 0 0 255
606.526 450.634 0 0 0 255
607.825 449.884 0 0 0 255
606.526 450.634 0 0 0 255
606.325 449.884 0 0 0 255
607.825 449.884 0 0 0 255
606.325 449.884 0 0 0 255
606.526 449.134 0 0 0 255
607.825 449.884 0 0 0 255
606.526 449.134 0 0 0 255
607.075 448.585 0 0 0 255
607.825 449.884 0 0 0 255
607.075 448.585 0 0 0 255
607.825 448.384 0 0 0 255
607.825 449.884 0 0 0 255
607.825 448.384 0 0 0 255
608.575 448.585 0 0 0 255
607.825 449.884 0 0 0 255
608.575 448.585 0 0 0 255
609.124 449.134 0 0 0 255
607.825 449.884 0 0 0 255
609.124 449.134 0 0 0 255
609.325 449.884 0 0 0 255
608.119 448.413 0 0 0 255
607.53 451.354 0 0 0 255
607.558 448.3 0 0 0 255
607.53 451.354 0 0 0 255
606.969 451.242 0 0 0 255
607.558 448.3 0 0 0 255
607.263 449.771 0 0 0 255
608.763 449.771 0 0 0 255
608.562 450.521 0 0 0 255
607.263 449.771 0 0 0 255
608.562 450.521 0 0 0 255
608.013 451.07 0 0 0 255
607.263 449.771 0 0 0 255
608.013 451.07 0 0 0 255
607.263 451.271 0 0 0 255
607.263 449.771 0 0 0 255
607.263 451.271 0 0 0 255
606.513 451.07 0 0 0 255
607.263 449.771 0 0 0 255
606.513 451.07 0 0 0 255
605.964 450.521 0 0 0 255
607.263 449.771 0 0 0 255
605.964 450.521 0 0 0 255
605.763 449.771 0 0 0 255
607.263 449.771 0 0 0 255
605.763 449.771 0 0 0 255
605.964 449.021 0 0 0 255
607.263 449.771 0 0 0 255
605.964 449.021 0 0 0 255
606.513 448.472 0 0 0 255
607.263 449.771 0 0 0 255
606.513 448.472 0 0 0 255
607.263 448.271 0 0 0 255
607.263 449.771 0 0 0 255
607.263 448.271 0 0 0 255
608.013 448.472 0 0 0 255
607.263 449.771 0 0 0 255
608.013 448.472 0 0 0 255
608.562 449.021 0 0 0 255
607.263 449.771 0 0 0 255
608.562 449.021 0 0 0 255
608.763 449.771 0 0 0 255
607.596 448.309 0 0 0 255
606.93 451.234 0 0 0 255
607.173 448.212 0 0 0 255
606.93 451.234 0 0 0 255
606.507 451.137 0 0 0 255
607.173 448.212 0 0 0 255
606.84 449.675 0 0 0 255
608.34 449.675 0 0 0 255
608.139 450.425 0 0 0 255
606.84 449.675 0 0 0 255
608.139 450.425 0 0 0 255
607.59 450.974 0 0 0 255
606.84 449.675 0 0 0 255
607.59 450.974 0 0 0 255
606.84 451.175 0 0 0 255
606.84 449.675 0 0 0 255
606.84 451.175 0 0 0 255
606.09 450.974 0 0 0 255
606.84 449.675 0 0 0 255
606.09 450.974 0 0 0 255
605.541 450.425 0 0 0 255
606.84 449.675 0 0 0 255
605.541 450.425 0 0 0 255
605.34 449.675 0 0 0 255
606.84 449.675 0 0 0 255
605.34 449.675 0 0 0 255
605.541 448.925 0 0 0 255
606.84 449.675 0 0 0 255
605.541 448.925 0 0 0 255
606.09 448.376 0 0 0 255
606.84 449.675 0 0 0 255
606.09 448.376 0 0 0 255
606.84 448.175 0 0 0 255
606.84 449.675 0 0 0 255
606.84 448.175 0 0 0 255
607.59 448.376 0 0 0 255
606.84 449.675 0 0 0 255
607.59 448.376 0 0 0 255
608.139 448.925 0 0 0 255
606.84 449.675 0 0 0 255
608.139 448.925 0 0 0 255
608.34 449.675 0 0 0 255
607.246 448.231 0 0 0 255
606.433 451.119 0 0 0 255
606.96 448.15 0 0 0 255
606.433 451.119 0 0 0 255
606.147 451.038 0 0 0 255
606.96 448.15 0 0 0 255
606.554 449.594 0 0 0 255
608.054 449.594 0 0 0 255
607.853 450.344 0 0 0 255
606.554 449.594 0 0 0 255
607.853 450.344 0 0 0 255
607.304 450.893 0 0 0 255
606.554 449.594 0 0 0 255
607.304 450.893 0 0 0 255
606.554 451.094 0 0 0 255
606.554 449.594 0 0 0 255
606.554 451.094 0 0 0 255
605.804 450.893 0 0 0 255
606.554 449.594 0 0 0 255
605.804 450.893 0 0 0 255
605.255 450.344 0 0 0 255
606.554 449.594 0 0 0 255
605.255 450.344 0 0 0 255
605.054 449.594 0 0 0 255
606.554 449.594 0 0 0 255
605.054 449.594 0 0 0 255
605.255 448.844 0 0 0 255
606.554 449.594 0 0 0 255
605.255 448.844 0 0 0 255
605.804 448.295 0 0 0 255
606.554 449.594 0 0 0 255
605.804 448.295 0 0 0 255
606.554 448.094 0 0 0 255
606.554 449.594 0 0 0 255
606.554 448.094 0 0 0 255
607.304 448.295 0 0 0 255
606.554 449.594 0 0 0 255
607.304 448.295 0 0 0 255
607.853 448.844 0 0 0 255
606.554 449.594 0 0 0 255
607.853 448.844 0 0 0 255
608.054 449.594 0 0 0 255
607.029 448.172 0 0 0 255
606.078 451.017 0 0 0 255
606.377 447.954 0 0 0 255
606.078 451.017 0 0 0 255
605.426 450.799 0 0 0 255
606.377 447.954 0 0 0 255
605.902 449.376 0 0 0 255
607.402 449.376 0 0 0 255
607.201 450.126 0 0 0 255
605.902 449.376 0 0 0 255
607.201 450.126 0 0 0 255
606.652 450.675 0 0 0 255
605.902 449.376 0 0 0 255
606.652 450.675 0 0 0 255
605.902 450.876 0 0 0 255
605.902 449.376 0 0 0 255
605.902 450.876 0 0 0 255
605.152 450.675 0 0 0 255
605.902 449.376 0 0 0 255
605.152 450.675 0 0 0 255
604.603 450.126 0 0 0 255
605.902 449.376 0 0 0 255
604.603 450.126 0 0 0 255
604.402 449.376 0 0 0 255
605.902 449.376 0 0 0 255
604.402 449.376 0 0 0 255
604.603 448.626 0 0 0 255
605.902 449.376 0 0 0 255
604.603 448.626 0 0 0 255
605.152 448.077 0 0 0 255
605.902 449.376 0 0 0 255
605.152 448.077 0 0 0 255
605.902 447.876 0 0 0 255
605.902 449.376 0 0 0 255
605.902 447.876 0 0 0 255
606.652 448.077 0 0 0 255
605.902 449.376 0 0 0 255
606.652 448.077 0 0 0 255
607.201 448.626 0 0 0 255
605.902 449.376 0 0 0 255
607.201 448.626 0 0 0 255
607.402 449.376 0 0 0 255
605.902 449.376 0 0 0 255
607.402 449.376 0 0 0 255
607.287 449.95 0 0 0 255
605.902 449.376 0 0 0 255
607.287 449.95 0 0 0 255
606.962 450.437 0 0 0 255
605.902 449.376 0 0 0 255
606.962 450.437 0 0 0 255
606.476 450.762 0 0 0 255
605.902 449.376 0 0 0 255
606.476 450.762 0 0 0 255
605.902 450.876 0 0 0 255
605.902 449.376 0 0 0 255
605.902 450.876 0 0 0 255
605.328 450.762 0 0 0 255
605.902 449.376 0 0 0 255
605.328 450.762 0 0 0 255
604.841 450.437 0 0 0 255
605.902 449.376 0 0 0 255
604.841 450.437 0 0 0 255
604.516 449.95 0 0 0 255
605.902 449.376 0 0 0 255
604.516 449.95 0 0 0 255
604.402 449.376 0 0 0 255
605.902 449.376 0 0 0 255
604.402 449.376 0 0 0 255
604.516 448.802 0 0 0 255
605.902 449.376 0 0 0 255
604.516 448.802 0 0 0 255
604.841 448.315 0 0 0 255
605.902 449.376 0 0 0 255
604.841 448.315 0 0 0 255
605.328 447.99 0 0 0 255
605.902 449.376 0 0 0 255
605.328 447.99 0 0 0 255
605.902 447.876 0 0 0 255
605.902 449.376 0 0 0 255
605.902 447.876 0 0 0 255
606.476 447.99 0 0 0 255
605.902 449.376 0 0 0 255
606.476 447.99 0 0 0 255
606.962 448.315 0 0 0 255
605.902 449.376 0 0 0 255
606.962 448.315 0 0 0 255
607.287 448.802 0 0 0 255
605.902 449.376 0 0 0 255
607.287 448.802 0 0 0 255
607.402 449.376 0 0 0 255
0 2 0 2406
669.735 591.409 0 0 0 255
671.235 591.409 0 0 0 255
671.121 591.983 0 0 0 255
669.735 591.409 0 0 0 255
671.121 591.983 0 0 0 255
670.795 592.47 0 0 0 255
669.735 591.409 0 0 0 255
670.795 592.47 0 0 0 255
670.309 592.795 0 0 0 255
669.735 591.409 0 0 0 255
670.309 592.795 0 0 0 255
669.735 592.909 0 0 0 255
669.735 591.409 0 0 0 255
669.735 592.909 0 0 0 255
669.161 592.795 0 0 0 255
669.735 591.409 0 0 0 255
669.161 592.795 0 0 0 255
668.674 592.47 0 0 0 255
669.735 591.409 0 0 0 255
668.674 592.47 0 0 0 255
668.349 591.983 0 0 0 255
669.735 591.409 0 0 0 255
668.349 591.983 0 0 0 255
668.235 591.409 0 0 0 255
669.735 591.409 0 0 0 255
668.235 591.409 0 0 0 255
668.349 590.835 0 0 0 255
669.735 591.409 0 0 0 255
668.349 590.835 0 0 0 255
668.674 590.349 0 0 0 255
669.735 591.409 0 0 0 255
668.674 590.349 0 0 0 255
669.161 590.023 0 0 0 255
669.735 591.409 0 0 0 255
669.161 590.023 0 0 0 255
669.735 589.909 0 0 0 255
669.735 591.409 0 0 0 255
669.735 589.909 0 0 0 255
670.309 590.023 0 0 0 255
669.735 591.409 0 0 0 255
670.309 590.023 0 0 0 255
670.795 590.349 0 0 0 255
669.735 591.409 0 0 0 255
670.795 590.349 0 0 0 255
671.121 590.835 0 0 0 255
669.735 591.409 0 0 0 255
671.121 590.835 0 0 0 255
671.235 591.409 0 0 0 255
671.224 591.59 0 0 0 255
668.246 591.228 0 0 0 255
671.226 591.573 0 0 0 255
668.246 591.228 0 0 0 255
668.248 591.211 0 0 0 255
671.226 591.573 0 0 0 255
669.737 591.392 0 0 0 255
671.237 591.392 0 0 0 255
671.036 592.142 0 0 0 255
669.737 591.392 0 0 0 255
671.036 592.142 0 0 0 255
670.487 592.691 0 0 0 255
669.737 591.392 0 0 0 255
670.487 592.691 0 0 0 255
669.737 592.892 0 0 0 255
669.737 591.392 0 0 0 255
669.737 592.892 0 0 0 255
668.987 592.691 0 0 0 255
669.737 591.392 0 0 0 255
668.987 592.691 0 0 0 255
668.438 592.142 0 0 0 255
669.737 591.392 0 0 0 255
668.438 592.142 0 0 0 255
668.237 591.392 0 0 0 255
669.737 591.392 0 0 0 255
668.237 591.392 0 0 0 255
668.438 590.642 0 0 0 255
669.737 591.392 0 0 0 255
668.438 590.642 0 0 0 255
668.987 590.093 0 0 0 255
669.737 591.392 0 0 0 255
668.987 590.093 0 0 0 255
669.737 589.892 0 0 0 255
669.737 591.392 0 0 0 255
669.737 589.892 0 0 0 255
670.487 590.093 0 0 0 255
669.737 591.392 0 0 0 255
670.487 590.093 0 0 0 255
671.036 590.642 0 0 0 255
669.737 591.392 0 0 0 255
671.036 590.642 0 0 0 255
671.237 591.392 0 0 0 255
671.225 591.577 0 0 0 255
668.248 591.208 0 0 0 255
671.232 591.525 0 0 0 255
668.248 591.208 0 0 0 255
668.255 591.156 0 0 0 255
671.232 591.525 0 0 0 255
669.743 591.341 0 0 0 255
671.243 591.341 0 0 0 255
671.042 592.091 0 0 0 255
669.743 591.341 0 0 0 255
671.042 592.091 0 0 0 255
670.493 592.64 0 0 0 255
669.743 591.341 0 0 0 255
670.493 592.64 0 0 0 255
669.743 592.841 0 0 0 255
669.743 591.341 0 0 0 255
669.743 592.841 0 0 0 255
668.993 592.64 0 0 0 255
669.743 591.341 0 0 0 255
668.993 592.64 0 0 0 255
668.444 592.091 0 0 0 255
669.743 591.341 0 0 0 255
668.444 592.091 0 0 0 255
668.243 591.341 0 0 0 255
669.743 591.341 0 0 0 255
668.243 591.341 0 0 0 255
668.444 590.591 0 0 0 255
669.743 591.341 0 0 0 255
668.444 590.591 0 0 0 255
668.993 590.042 0 0 0 255
669.743 591.341 0 0 0 255
668.993 590.042 0 0 0 255
669.743 589.841 0 0 0 255
669.743 591.341 0 0 0 255
669.743 589.841 0 0 0 255
670.493 590.042 0 0 0 255
669.743 591.341 0 0 0 255
670.493 590.042 0 0 0 255
671.042 590.591 0 0 0 255
669.743 591.341 0 0 0 255
671.042 590.591 0 0 0 255
671.243 591.341 0 0 0 255
671.232 591.526 0 0 0 255
668.255 591.155 0 0 0 255
671.242 591.441 0 0 0 255
668.255 591.155 0 0 0 255
668.265 591.07 0 0 0 255
671.242 591.441 0 0 0 255
669.754 591.256 0 0 0 255
671.254 591.256 0 0 0 255
671.053 592.006 0 0 0 255
669.754 591.256 0 0 0 255
671.053 592.006 0 0 0 255
670.504 592.555 0 0 0 255
669.754 591.256 0 0 0 255
670.504 592.555 0 0 0 255
669.754 592.756 0 0 0 255
669.754 591.256 0 0 0 255
669.754 592.756 0 0 0 255
669.004 592.555 0 0 0 255
669.754 591.256 0 0 0 255
669.004 592.555 0 0 0 255
668.455 592.006 0 0 0 255
669.754 591.256 0 0 0 255
668.455 592.006 0 0 0 255
668.254 591.256 0 0 0 255
669.754 591.256 0 0 0 255
668.254 591.256 0 0 0 255
668.455 590.506 0 0 0 255
669.754 591.256 0 0 0 255
668.455 590.506 0 0 0 255
669.004 589.957 0 0 0 255
669.754 591.256 0 0 0 255
669.004 589.957 0 0 0 255
669.754 589.756 0 0 0 255
669.754 591.256 0 0 0 255
669.754 589.756 0 0 0 255
670.504 589.957 0 0 0 255
669.754 591.256 0 0 0 255
670.504 589.957 0 0 0 255
671.053 590.506 0 0 0 255
669.754 591.256 0 0 0 255
671.053 590.506 0 0 0 255
671.254 591.256 0 0 0 255
671.242 591.441 0 0 0 255
668.265 591.071 0 0 0 255
671.257 591.321 0 0 0 255
668.265 591.071 0 0 0 255
668.28 590.951 0 0 0 255
671.257 591.321 0 0 0 255
669.769 591.136 0 0 0 255
671.269 591.136 0 0 0 255
671.068 591.886 0 0 0 255
669.769 591.136 0 0 0 255
671.068 591.886 0 0 0 255
670.519 592.435 0 0 0 255
669.769 591.136 0 0 0 255
670.519 592.435 0 0 0 255
669.769 592.636 0 0 0 255
669.769 591.136 0 0 0 255
669.769 592.636 0 0 0 255
669.019 592.435 0 0 0 255
669.769 591.136 0 0 0 255
669.019 592.435 0 0 0 255
668.47 591.886 0 0 0 255
669.769 591.136 0 0 0 255
668.47 591.886 0 0 0 255
668.269 591.136 0 0 0 255
669.769 591.136 0 0 0 255
668.269 591.136 0 0 0 255
668.47 590.386 0 0 0 255
669.769 591.136 0 0 0 255
668.47 590.386 0 0 0 255
669.019 589.837 0 0 0 255
669.769 591.136 0 0 0 255
669.019 589.837 0 0 0 255
669.769 589.636 0 0 0 255
669.769 591.136 0 0 0 255
669.769 589.636 0 0 0 255
670.519 589.837 0 0 0 255
669.769 591.136 0 0 0 255
670.519 589.837 0 0 0 255
671.068 590.386 0 0 0 255
669.769 591.136 0 0 0 255
671.068 590.386 0 0 0 255
671.269 591.136 0 0 0 255
671.257 591.321 0 0 0 255
668.28 590.952 0 0 0 255
671.276 591.167 0 0 0 255
668.28 590.952 0 0 0 255
668.299 590.798 0 0 0 255
671.276 591.167 0 0 0 255
669.788 590.983 0 0 0 255
671.288 590.983 0 0 0 255
671.087 591.733 0 0 0 255
669.788 590.983 0 0 0 255
671.087 591.733 0 0 0 255
670.538 592.282 0 0 0 255
669.788 590.983 0 0 0 255
670.538 592.282 0 0 0 255
669.788 592.483 0 0 0 255
669.788 590.983 0 0 0 255
669.788 592.483 0 0 0 255
669.038 592.282 0 0 0 255
669.788 590.983 0 0 0 255
669.038 592.282 0 0 0 255
668.489 591.733 0 0 0 255
669.788 590.983 0 0 0 255
668.489 591.733 0 0 0 255
668.288 590.983 0 0 0 255
669.788 590.983 0 0 0 255
668.288 590.983 0 0 0 255
668.489 590.233 0 0 0 255
669.788 590.983 0 0 0 255
668.489 590.233 0 0 0 255
669.038 589.684 0 0 0 255
669.788 590.983 0 0 0 255
669.038 589.684 0 0 0 255
669.788 589.483 0 0 0 255
669.788 590.983 0 0 0 255
669.788 589.483 0 0 0 255
670.538 589.684 0 0 0 255
669.788 590.983 0 0 0 255
670.538 589.684 0 0 0 255
671.087 590.233 0 0 0 255
669.788 590.983 0 0 0 255
671.087 590.233 0 0 0 255
671.288 590.983 0 0 0 255
671.276 591.168 0 0 0 255
668.299 590.798 0 0 0 255
671.3 590.98 0 0 0 255
668.299 590.798 0 0 0 255
668.323 590.61 0 0 0 255
671.3 590.98 0 0 0 255
669.811 590.795 0 0 0 255
671.311 590.795 0 0 0 255
671.11 591.545 0 0 0 255
669.811 590.795 0 0 0 255
671.11 591.545 0 0 0 255
670.561 592.094 0 0 0 255
669.811 590.795 0 0 0 255
670.561 592.094 0 0 0 255
669.811 592.295 0 0 0 255
669.811 590.795 0 0 0 255
669.811 592.295 0 0 0 255
669.061 592.094 0 0 0 255
669.811 590.795 0 0 0 255
669.061 592.094 0 0 0 255
668.512 591.545 0 0 0 255
669.811 590.795 0 0 0 255
668.512 591.545 0 0 0 255
668.311 590.795 0 0 0 255
669.811 590.795 0 0 0 255
668.311 590.795 0 0 0 255
668.512 590.045 0 0 0 255
669.811 590.795 0 0 0 255
668.512 590.045 0 0 0 255
669.061 589.496 0 0 0 255
669.811 590.795 0 0 0 255
669.061 589.496 0 0 0 255
669.811 589.295 0 0 0 255
669.811 590.795 0 0 0 255
669.811 589.295 0 0 0 255
670.561 589.496 0 0 0 255
669.811 590.795 0 0 0 255
670.561 589.496 0 0 0 255
671.11 590.045 0 0 0 255
669.811 590.795 0 0 0 255
671.11 590.045 0 0 0 255
671.311 590.795 0 0 0 255
671.295 591.015 0 0 0 255
668.327 590.576 0 0 0 255
671.327 590.799 0 0 0 255
668.327 590.576 0 0 0 255
668.359 590.36 0 0 0 255
671.327 590.799 0 0 0 255
669.843 590.579 0 0 0 255
671.343 590.579 0 0 0 255
671.142 591.329 0 0 0 255
669.843 590.579 0 0 0 255
671.142 591.329 0 0 0 255
670.593 591.878 0 0 0 255
669.843 590.579 0 0 0 255
670.593 591.878 0 0 0 255
669.843 592.079 0 0 0 255
669.843 590.579 0 0 0 255
669.843 592.079 0 0 0 255
669.093 591.878 0 0 0 255
669.843 590.579 0 0 0 255
669.093 591.878 0 0 0 255
668.544 591.329 0 0 0 255
669.843 590.579 0 0 0 255
668.544 591.329 0 0 0 255
668.343 590.579 0 0 0 255
669.843 590.579 0 0 0 255
668.343 590.579 0 0 0 255
668.544 589.829 0 0 0 255
669.843 590.579 0 0 0 255
668.544 589.829 0 0 0 255
669.093 589.28 0 0 0 255
669.843 590.579 0 0 0 255
669.093 589.28 0 0 0 255
669.843 589.079 0 0 0 255
669.843 590.579 0 0 0 255
669.843 589.079 0 0 0 255
670.593 589.28 0 0 0 255
669.843 590.579 0 0 0 255
670.593 589.28 0 0 0 255
671.142 589.829 0 0 0 255
669.843 590.579 0 0 0 255
671.142 589.829 0 0 0 255
671.343 590.579 0 0 0 255
671.317 590.858 0 0 0 255
668.369 590.301 0 0 0 255
671.362 590.62 0 0 0 255
668.369 590.301 0 0 0 255
668.414 590.062 0 0 0 255
671.362 590.62 0 0 0 255
669.888 590.341 0 0 0 255
671.388 590.341 0 0 0 255
671.187 591.091 0 0 0 255
669.888 590.341 0 0 0 255
671.187 591.091 0 0 0 255
670.638 591.64 0 0 0 255
669.888 590.341 0 0 0 255
670.638 591.64 0 0 0 255
669.888 591.841 0 0 0 255
669.888 590.341 0 0 0 255
669.888 591.841 0 0 0 255
669.138 591.64 0 0 0 255
669.888 590.341 0 0 0 255
669.138 591.64 0 0 0 255
668.589 591.091 0 0 0 255
669.888 590.341 0 0 0 255
668.589 591.091 0 0 0 255
668.388 590.341 0 0 0 255
669.888 590.341 0 0 0 255
668.388 590.341 0 0 0 255
668.589 589.591 0 0 0 255
669.888 590.341 0 0 0 255
668.589 589.591 0 0 0 255
669.138 589.042 0 0 0 255
669.888 590.341 0 0 0 255
669.138 589.042 0 0 0 255
669.888 588.841 0 0 0 255
669.888 590.341 0 0 0 255
669.888 588.841 0 0 0 255
670.638 589.042 0 0 0 255
669.888 590.341 0 0 0 255
670.638 589.042 0 0 0 255
671.187 589.591 0 0 0 255
669.888 590.341 0 0 0 255
671.187 589.591 0 0 0 255
671.388 590.341 0 0 0 255
671.352 590.668 0 0 0 255
668.424 590.014 0 0 0 255
671.41 590.407 0 0 0 255
668.424 590.014 0 0 0 255
668.482 589.754 0 0 0 255
671.41 590.407 0 0 0 255
669.946 590.08 0 0 0 255
671.446 590.08 0 0 0 255
671.245 590.83 0 0 0 255
669.946 590.08 0 0 0 255
671.245 590.83 0 0 0 255
670.696 591.379 0 0 0 255
669.946 590.08 0 0 0 255
670.696 591.379 0 0 0 255
669.946 591.58 0 0 0 255
669.946 590.08 0 0 0 255
669.946 591.58 0 0 0 255
669.196 591.379 0 0 0 255
669.946 590.08 0 0 0 255
669.196 591.379 0 0 0 255
668.647 590.83 0 0 0 255
669.946 590.08 0 0 0 255
668.647 590.83 0 0 0 255
668.446 590.08 0 0 0 255
669.946 590.08 0 0 0 255
668.446 590.08 0 0 0 255
668.647 589.33 0 0 0 255
669.946 590.08 0 0 0 255
668.647 589.33 0 0 0 255
669.196 588.781 0 0 0 255
669.946 590.08 0 0 0 255
669.196 588.781 0 0 0 255
669.946 588.58 0 0 0 255
669.946 590.08 0 0 0 255
669.946 588.58 0 0 0 255
670.696 588.781 0 0 0 255
669.946 590.08 0 0 0 255
670.696 588.781 0 0 0 255
671.245 589.33 0 0 0 255
669.946 590.08 0 0 0 255
671.245 589.33 0 0 0 255
671.446 590.08 0 0 0 255
671.401 590.447 0 0 0 255
668.492 589.714 0 0 0 255
671.472 590.164 0 0 0 255
668.492 589.714 0 0 0 255
668.563 589.431 0 0 0 255
671.472 590.164 0 0 0 255
670.017 589.797 0 0 0 255
671.517 589.797 0 0 0 255
671.316 590.547 0 0 0 255
670.017 589.797 0 0 0 255
671.316 590.547 0 0 0 255
670.767 591.096 0 0 0 255
670.017 589.797 0 0 0 255
670.767 591.096 0 0 0 255
670.017 591.297 0 0 0 255
670.017 589.797 0 0 0 255
670.017 591.297 0 0 0 255
669.267 591.096 0 0 0 255
670.017 589.797 0 0 0 255
669.267 591.096 0 0 0 255
668.718 590.547 0 0 0 255
670.017 589.797 0 0 0 255
668.718 590.547 0 0 0 255
668.517 589.797 0 0 0 255
670.017 589.797 0 0 0 255
668.517 589.797 0 0 0 255
668.718 589.047 0 0 0 255
670.017 589.797 0 0 0 255
668.718 589.047 0 0 0 255
669.267 588.498 0 0 0 255
670.017 589.797 0 0 0 255
669.267 588.498 0 0 0 255
670.017 588.297 0 0 0 255
670.017 589.797 0 0 0 255
670.017 588.297 0 0 0 255
670.767 588.498 0 0 0 255
670.017 589.797 0 0 0 255
670.767 588.498 0 0 0 255
671.316 589.047 0 0 0 255
670.017 589.797 0 0 0 255
671.316 589.047 0 0 0 255
671.517 589.797 0 0 0 255
671.463 590.197 0 0 0 255
668.572 589.398 0 0 0 255
671.548 589.892 0 0 0 255
668.572 589.398 0 0 0 255
668.656 589.092 0 0 0 255
671.548 589.892 0 0 0 255
670.102 589.492 0 0 0 255
671.602 589.492 0 0 0 255
671.401 590.242 0 0 0 255
670.102 589.492 0 0 0 255
671.401 590.242 0 0 0 255
670.852 590.791 0 0 0 255
670.102 589.492 0 0 0 255
670.852 590.791 0 0 0 255
670.102 590.992 0 0 0 255
670.102 589.492 0 0 0 255
670.102 590.992 0 0 0 255
669.352 590.791 0 0 0 255
670.102 589.492 0 0 0 255
669.352 590.791 0 0 0 255
668.803 590.242 0 0 0 255
670.102 589.492 0 0 0 255
668.803 590.242 0 0 0 255
668.602 589.492 0 0 0 255
670.102 589.492 0 0 0 255
668.602 589.492 0 0 0 255
668.803 588.742 0 0 0 255
670.102 589.492 0 0 0 255
668.803 588.742 0 0 0 255
669.352 588.193 0 0 0 255
670.102 589.492 0 0 0 255
669.352 588.193 0 0 0 255
670.102 587.992 0 0 0 255
670.102 589.492 0 0 0 255
670.102 587.992 0 0 0 255
670.852 588.193 0 0 0 255
670.102 589.492 0 0 0 255
670.852 588.193 0 0 0 255
671.401 588.742 0 0 0 255
670.102 589.492 0 0 0 255
671.401 588.742 0 0 0 255
671.602 589.492 0 0 0 255
671.54 589.92 0 0 0 255
668.664 589.064 0 0 0 255
671.637 589.592 0 0 0 255
668.664 589.064 0 0 0 255
668.762 588.737 0 0 0 255
671.637 589.592 0 0 0 255
670.199 589.164 0 0 0 255
671.699 589.164 0 0 0 255
671.498 589.914 0 0 0 255
670.199 589.164 0 0 0 255
671.498 589.914 0 0 0 255
670.949 590.463 0 0 0 255
670.199 589.164 0 0 0 255
670.949 590.463 0 0 0 255
670.199 590.664 0 0 0 255
670.199 589.164 0 0 0 255
670.199 590.664 0 0 0 255
669.449 590.463 0 0 0 255
670.199 589.164 0 0 0 255
669.449 590.463 0 0 0 255
668.9 589.914 0 0 0 255
670.199 589.164 0 0 0 255
668.9 589.914 0 0 0 255
668.699 589.164 0 0 0 255
670.199 589.164 0 0 0 255
668.699 589.164 0 0 0 255
668.9 588.414 0 0 0 255
670.199 589.164 0 0 0 255
668.9 588.414 0 0 0 255
669.449 587.865 0 0 0 255
670.199 589.164 0 0 0 255
669.449 587.865 0 0 0 255
670.199 587.664 0 0 0 255
670.199 589.164 0 0 0 255
670.199 587.664 0 0 0 255
670.949 587.865 0 0 0 255
670.199 589.164 0 0 0 255
670.949 587.865 0 0 0 255
671.498 588.414 0 0 0 255
670.199 589.164 0 0 0 255
671.498 588.414 0 0 0 255
671.699 589.164 0 0 0 255
671.617 589.655 0 0 0 255
668.782 588.673 0 0 0 255
671.744 589.289 0 0 0 255
668.782 588.673 0 0 0 255
668.909 588.307 0 0 0 255
671.744 589.289 0 0 0 255
670.326 588.798 0 0 0 255
671.826 588.798 0 0 0 255
671.625 589.548 0 0 0 255
670.326 588.798 0 0 0 255
671.625 589.548 0 0 0 255
671.076 590.097 0 0 0 255
670.326 588.798 0 0 0 255
671.076 590.097 0 0 0 255
670.326 590.298 0 0 0 255
670.326 588.798 0 0 0 255
670.326 590.298 0 0 0 255
669.576 590.097 0 0 0 255
670.326 588.798 0 0 0 255
669.576 590.097 0 0 0 255
669.027 589.548 0 0 0 255
670.326 588.798 0 0 0 255
669.027 589.548 0 0 0 255
668.826 588.798 0 0 0 255
670.326 588.798 0 0 0 255
668.826 588.798 0 0 0 255
669.027 588.048 0 0 0 255
670.326 588.798 0 0 0 255
669.027 588.048 0 0 0 255
669.576 587.499 0 0 0 255
670.326 588.798 0 0 0 255
669.576 587.499 0 0 0 255
670.326 587.298 0 0 0 255
670.326 588.798 0 0 0 255
670.326 587.298 0 0 0 255
671.076 587.499 0 0 0 255
670.326 588.798 0 0 0 255
671.076 587.499 0 0 0 255
671.625 588.048 0 0 0 255
670.326 588.798 0 0 0 255
671.625 588.048 0 0 0 255
671.826 588.798 0 0 0 255
671.714 589.366 0 0 0 255
668.938 588.229 0 0 0 255
671.887 588.945 0 0 0 255
668.938 588.229 0 0 0 255
669.111 587.808 0 0 0 255
671.887 588.945 0 0 0 255
670.499 588.376 0 0 0 255
671.999 588.376 0 0 0 255
671.798 589.126 0 0 0 255
670.499 588.376 0 0 0 255
671.798 589.126 0 0 0 255
671.249 589.675 0 0 0 255
670.499 588.376 0 0 0 255
671.249 589.675 0 0 0 255
670.499 589.876 0 0 0 255
670.499 588.376 0 0 0 255
670.499 589.876 0 0 0 255
669.749 589.675 0 0 0 255
670.499 588.376 0 0 0 255
669.749 589.675 0 0 0 255
669.2 589.126 0 0 0 255
670.499 588.376 0 0 0 255
669.2 589.126 0 0 0 255
668.999 588.376 0 0 0 255
670.499 588.376 0 0 0 255
668.999 588.376 0 0 0 255
669.2 587.626 0 0 0 255
670.499 588.376 0 0 0 255
669.2 587.626 0 0 0 255
669.749 587.077 0 0 0 255
670.499 588.376 0 0 0 255
669.749 587.077 0 0 0 255
670.499 586.876 0 0 0 255
670.499 588.376 0 0 0 255
670.499 586.876 0 0 0 255
671.249 587.077 0 0 0 255
670.499 588.376 0 0 0 255
671.249 587.077 0 0 0 255
671.798 587.626 0 0 0 255
670.499 588.376 0 0 0 255
671.798 587.626 0 0 0 255
671.999 588.376 0 0 0 255
671.862 589.001 0 0 0 255
669.135 587.751 0 0 0 255
672.081 588.525 0 0 0 255
669.135 587.751 0 0 0 255
669.354 587.275 0 0 0 255
672.081 588.525 0 0 0 255
670.717 587.9 0 0 0 255
672.217 587.9 0 0 0 255
672.016 588.65 0 0 0 255
670.717 587.9 0 0 0 255
672.016 588.65 0 0 0 255
671.467 589.199 0 0 0 255
670.717 587.9 0 0 0 255
671.467 589.199 0 0 0 255
670.717 589.4 0 0 0 255
670.717 587.9 0 0 0 255
670.717 589.4 0 0 0 255
669.967 589.199 0 0 0 255
670.717 587.9 0 0 0 255
669.967 589.199 0 0 0 255
669.418 588.65 0 0 0 255
670.717 587.9 0 0 0 255
669.418 588.65 0 0 0 255
669.217 587.9 0 0 0 255
670.717 587.9 0 0 0 255
669.217 587.9 0 0 0 255
669.418 587.15 0 0 0 255
670.717 587.9 0 0 0 255
669.418 587.15 0 0 0 255
669.967 586.601 0 0 0 255
670.717 587.9 0 0 0 255
669.967 586.601 0 0 0 255
670.717 586.4 0 0 0 255
670.717 587.9 0 0 0 255
670.717 586.4 0 0 0 255
671.467 586.601 0 0 0 255
670.717 587.9 0 0 0 255
671.467 586.601 0 0 0 255
672.016 587.15 0 0 0 255
670.717 587.9 0 0 0 255
672.016 587.15 0 0 0 255
672.217 587.9 0 0 0 255
672.061 588.567 0 0 0 255
669.374 587.233 0 0 0 255
672.325 588.036 0 0 0 255
669.374 587.233 0 0 0 255
669.638 586.701 0 0 0 255
672.325 588.036 0 0 0 255
670.981 587.368 0 0 0 255
672.481 587.368 0 0 0 255
672.28 588.118 0 0 0 255
670.981 587.368 0 0 0 255
672.28 588.118 0 0 0 255
671.731 588.667 0 0 0 255
670.981 587.368 0 0 0 255
671.731 588.667 0 0 0 255
670.981 588.868 0 0 0 255
670.981 587.368 0 0 0 255
670.981 588.868 0 0 0 255
670.231 588.667 0 0 0 255
670.981 587.368 0 0 0 255
670.231 588.667 0 0 0 255
669.682 588.118 0 0 0 255
670.981 587.368 0 0 0 255
669.682 588.118 0 0 0 255
669.481 587.368 0 0 0 255
670.981 587.368 0 0 0 255
669.481 587.368 0 0 0 255
669.682 586.618 0 0 0 255
670.981 587.368 0 0 0 255
669.682 586.618 0 0 0 255
670.231 586.069 0 0 0 255
670.981 587.368 0 0 0 255
670.231 586.069 0 0 0 255
670.981 585.868 0 0 0 255
670.981 587.368 0 0 0 255
670.981 585.868 0 0 0 255
671.731 586.069 0 0 0 255
670.981 587.368 0 0 0 255
671.731 586.069 0 0 0 255
672.28 586.618 0 0 0 255
670.981 587.368 0 0 0 255
672.28 586.618 0 0 0 255
672.481 587.368 0 0 0 255
672.308 588.069 0 0 0 255
669.655 586.668 0 0 0 255
672.617 587.483 0 0 0 255
669.655 586.668 0 0 0 255
669.965 586.081 0 0 0 255
672.617 587.483 0 0 0 255
671.291 586.782 0 0 0 255
672.791 586.782 0 0 0 255
672.59 587.532 0 0 0 255
671.291 586.782 0 0 0 255
672.59 587.532 0 0 0 255
672.041 588.081 0 0 0 255
671.291 586.782 0 0 0 255
672.041 588.081 0 0 0 255
671.291 588.282 0 0 0 255
671.291 586.782 0 0 0 255
671.291 588.282 0 0 0 255
670.541 588.081 0 0 0 255
671.291 586.782 0 0 0 255
670.541 588.081 0 0 0 255
669.992 587.532 0 0 0 255
671.291 586.782 0 0 0 255
669.992 587.532 0 0 0 255
669.791 586.782 0 0 0 255
671.291 586.782 0 0 0 255
669.791 586.782 0 0 0 255
669.992 586.032 0 0 0 255
671.291 586.782 0 0 0 255
669.992 586.032 0 0 0 255
670.541 585.483 0 0 0 255
671.291 586.782 0 0 0 255
670.541 585.483 0 0 0 255
671.291 585.282 0 0 0 255
671.291 586.782 0 0 0 255
671.291 585.282 0 0 0 255
672.041 585.483 0 0 0 255
671.291 586.782 0 0 0 255
672.041 585.483 0 0 0 255
672.59 586.032 0 0 0 255
671.291 586.782 0 0 0 255
672.59 586.032 0 0 0 255
672.791 586.782 0 0 0 255
672.603 587.509 0 0 0 255
669.979 586.055 0 0 0 255
672.958 586.867 0 0 0 255
669.979 586.055 0 0 0 255
670.334 585.414 0 0 0 255
672.958 586.867 0 0 0 255
671.646 586.141 0 0 0 255
673.146 586.141 0 0 0 255
672.945 586.891 0 0 0 255
671.646 586.141 0 0 0 255
672.945 586.891 0 0 0 255
672.396 587.44 0 0 0 255
671.646 586.141 0 0 0 255
672.396 587.44 0 0 0 255
671.646 587.641 0 0 0 255
671.646 586.141 0 0 0 255
671.646 587.641 0 0 0 255
670.896 587.44 0 0 0 255
671.646 586.141 0 0 0 255
670.896 587.44 0 0 0 255
670.347 586.891 0 0 0 255
671.646 586.141 0 0 0 255
670.347 586.891 0 0 0 255
670.146 586.141 0 0 0 255
671.646 586.141 0 0 0 255
670.146 586.141 0 0 0 255
670.347 585.391 0 0 0 255
671.646 586.141 0 0 0 255
670.347 585.391 0 0 0 255
670.896 584.841 0 0 0 255
671.646 586.141 0 0 0 255
670.896 584.841 0 0 0 255
671.646 584.641 0 0 0 255
671.646 586.141 0 0 0 255
671.646 584.641 0 0 0 255
672.396 584.841 0 0 0 255
671.646 586.141 0 0 0 255
672.396 584.841 0 0 0 255
672.945 585.391 0 0 0 255
671.646 586.141 0 0 0 255
672.945 585.391 0 0 0 255
673.146 586.141 0 0 0 255
672.909 586.95 0 0 0 255
670.384 585.331 0 0 0 255
673.384 586.21 0 0 0 255
670.384 585.331 0 0 0 255
670.858 584.591 0 0 0 255
673.384 586.21 0 0 0 255
672.121 585.4 0 0 0 255
673.621 585.4 0 0 0 255
673.42 586.15 0 0 0 255
672.121 585.4 0 0 0 255
673.42 586.15 0 0 0 255
672.871 586.699 0 0 0 255
672.121 585.4 0 0 0 255
672.871 586.699 0 0 0 255
672.121 586.9 0 0 0 255
672.121 585.4 0 0 0 255
672.121 586.9 0 0 0 255
671.371 586.699 0 0 0 255
672.121 585.4 0 0 0 255
671.371 586.699 0 0 0 255
670.822 586.15 0 0 0 255
672.121 585.4 0 0 0 255
670.822 586.15 0 0 0 255
670.621 585.4 0 0 0 255
672.121 585.4 0 0 0 255
670.621 585.4 0 0 0 255
670.822 584.65 0 0 0 255
672.121 585.4 0 0 0 255
670.822 584.65 0 0 0 255
671.371 584.101 0 0 0 255
672.121 585.4 0 0 0 255
671.371 584.101 0 0 0 255
672.121 583.9 0 0 0 255
672.121 585.4 0 0 0 255
672.121 583.9 0 0 0 255
672.871 584.101 0 0 0 255
672.121 585.4 0 0 0 255
672.871 584.101 0 0 0 255
673.42 584.65 0 0 0 255
672.121 585.4 0 0 0 255
673.42 584.65 0 0 0 255
673.621 585.4 0 0 0 255
673.318 586.304 0 0 0 255
670.924 584.496 0 0 0 255
673.985 585.421 0 0 0 255
670.924 584.496 0 0 0 255
671.591 583.613 0 0 0 255
673.985 585.421 0 0 0 255
672.788 584.517 0 0 0 255
674.288 584.517 0 0 0 255
674.087 585.267 0 0 0 255
672.788 584.517 0 0 0 255
674.087 585.267 0 0 0 255
673.538 585.816 0 0 0 255
672.788 584.517 0 0 0 255
673.538 585.816 0 0 0 255
672.788 586.017 0 0 0 255
672.788 584.517 0 0 0 255
672.788 586.017 0 0 0 255
672.038 585.816 0 0 0 255
672.788 584.517 0 0 0 255
672.038 585.816 0 0 0 255
671.489 585.267 0 0 0 255
672.788 584.517 0 0 0 255
671.489 585.267 0 0 0 255
671.288 584.517 0 0 0 255
672.788 584.517 0 0 0 255
671.288 584.517 0 0 0 255
671.489 583.767 0 0 0 255
672.788 584.517 0 0 0 255
671.489 583.767 0 0 0 255
672.038 583.218 0 0 0 255
672.788 584.517 0 0 0 255
672.038 583.218 0 0 0 255
672.788 583.017 0 0 0 255
672.788 584.517 0 0 0 255
672.788 583.017 0 0 0 255
673.538 583.218 0 0 0 255
672.788 584.517 0 0 0 255
673.538 583.218 0 0 0 255
674.087 583.767 0 0 0 255
672.788 584.517 0 0 0 255
674.087 583.767 0 0 0 255
674.288 584.517 0 0 0 255
673.938 585.481 0 0 0 255
671.639 583.553 0 0 0 255
674.798 584.455 0 0 0 255
671.639 583.553 0 0 0 255
672.499 582.527 0 0 0 255
674.798 584.455 0 0 0 255
673.648 583.491 0 0 0 255
675.148 583.491 0 0 0 255
674.947 584.241 0 0 0 255
673.648 583.491 0 0 0 255
674.947 584.241 0 0 0 255
674.398 584.79 0 0 0 255
673.648 583.491 0 0 0 255
674.398 584.79 0 0 0 255
673.648 584.991 0 0 0 255
673.648 583.491 0 0 0 255
673.648 584.991 0 0 0 255
672.898 584.79 0 0 0 255
673.648 583.491 0 0 0 255
672.898 584.79 0 0 0 255
672.349 584.241 0 0 0 255
673.648 583.491 0 0 0 255
672.349 584.241 0 0 0 255
672.148 583.491 0 0 0 255
673.648 583.491 0 0 0 255
672.148 583.491 0 0 0 255
672.349 582.741 0 0 0 255
673.648 583.491 0 0 0 255
672.349 582.741 0 0 0 255
672.898 582.192 0 0 0 255
673.648 583.491 0 0 0 255
672.898 582.192 0 0 0 255
673.648 581.991 0 0 0 255
673.648 583.491 0 0 0 255
673.648 581.991 0 0 0 255
674.398 582.192 0 0 0 255
673.648 583.491 0 0 0 255
674.398 582.192 0 0 0 255
674.947 582.741 0 0 0 255
673.648 583.491 0 0 0 255
674.947 582.741 0 0 0 255
675.148 583.491 0 0 0 255
674.763 584.495 0 0 0 255
672.534 582.487 0 0 0 255
675.815 583.326 0 0 0 255
672.534 582.487 0 0 0 255
673.586 581.318 0 0 0 255
675.815 583.326 0 0 0 255
674.701 582.322 0 0 0 255
676.201 582.322 0 0 0 255
676 583.072 0 0 0 255
674.701 582.322 0 0 0 255
676 583.072 0 0 0 255
675.451 583.621 0 0 0 255
674.701 582.322 0 0 0 255
675.451 583.621 0 0 0 255
674.701 583.822 0 0 0 255
674.701 582.322 0 0 0 255
674.701 583.822 0 0 0 255
673.951 583.621 0 0 0 255
674.701 582.322 0 0 0 255
673.951 583.621 0 0 0 255
673.402 583.072 0 0 0 255
674.701 582.322 0 0 0 255
673.402 583.072 0 0 0 255
673.201 582.322 0 0 0 255
674.701 582.322 0 0 0 255
673.201 582.322 0 0 0 255
673.402 581.572 0 0 0 255
674.701 582.322 0 0 0 255
673.402 581.572 0 0 0 255
673.951 581.023 0 0 0 255
674.701 582.322 0 0 0 255
673.951 581.023 0 0 0 255
674.701 580.822 0 0 0 255
674.701 582.322 0 0 0 255
674.701 580.822 0 0 0 255
675.451 581.023 0 0 0 255
674.701 582.322 0 0 0 255
675.451 581.023 0 0 0 255
676 581.572 0 0 0 255
674.701 582.322 0 0 0 255
676 581.572 0 0 0 255
676.201 582.322 0 0 0 255
675.789 583.355 0 0 0 255
673.613 581.289 0 0 0 255
677.034 582.043 0 0 0 255
673.613 581.289 0 0 0 255
674.858 579.978 0 0 0 255
677.034 582.043 0 0 0 255
675.946 581.011 0 0 0 255
677.446 581.011 0 0 0 255
677.245 581.761 0 0 0 255
675.946 581.011 0 0 0 255
677.245 581.761 0 0 0 255
676.696 582.31 0 0 0 255
675.946 581.011 0 0 0 255
676.696 582.31 0 0 0 255
675.946 582.511 0 0 0 255
675.946 581.011 0 0 0 255
675.946 582.511 0 0 0 255
675.196 582.31 0 0 0 255
675.946 581.011 0 0 0 255
675.196 582.31 0 0 0 255
674.647 581.761 0 0 0 255
675.946 581.011 0 0 0 255
674.647 581.761 0 0 0 255
674.446 581.011 0 0 0 255
675.946 581.011 0 0 0 255
674.446 581.011 0 0 0 255
674.647 580.261 0 0 0 255
675.946 581.011 0 0 0 255
674.647 580.261 0 0 0 255
675.196 579.712 0 0 0 255
675.946 581.011 0 0 0 255
675.196 579.712 0 0 0 255
675.946 579.511 0 0 0 255
675.946 581.011 0 0 0 255
675.946 579.511 0 0 0 255
676.696 579.712 0 0 0 255
675.946 581.011 0 0 0 255
676.696 579.712 0 0 0 255
677.245 580.261 0 0 0 255
675.946 581.011 0 0 0 255
677.245 580.261 0 0 0 255
677.446 581.011 0 0 0 255
677.013 582.065 0 0 0 255
674.879 579.956 0 0 0 255
678.45 580.611 0 0 0 255
674.879 579.956 0 0 0 255
676.317 578.502 0 0 0 255
678.45 580.611 0 0 0 255
677.384 579.556 0 0 0 255
678.884 579.556 0 0 0 255
678.683 580.306 0 0 0 255
677.384 579.556 0 0 0 255
678.683 580.306 0 0 0 255
678.134 580.855 0 0 0 255
677.384 579.556 0 0 0 255
678.134 580.855 0 0 0 255
677.384 581.056 0 0 0 255
677.384 579.556 0 0 0 255
677.384 581.056 0 0 0 255
676.634 580.855 0 0 0 255
677.384 579.556 0 0 0 255
676.634 580.855 0 0 0 255
676.085 580.306 0 0 0 255
677.384 579.556 0 0 0 255
676.085 580.306 0 0 0 255
675.884 579.556 0 0 0 255
677.384 579.556 0 0 0 255
675.884 579.556 0 0 0 255
676.085 578.806 0 0 0 255
677.384 579.556 0 0 0 255
676.085 578.806 0 0 0 255
676.634 578.257 0 0 0 255
677.384 579.556 0 0 0 255
676.634 578.257 0 0 0 255
677.384 578.056 0 0 0 255
677.384 579.556 0 0 0 255
677.384 578.056 0 0 0 255
678.134 578.257 0 0 0 255
677.384 579.556 0 0 0 255
678.134 578.257 0 0 0 255
678.683 578.806 0 0 0 255
677.384 579.556 0 0 0 255
678.683 578.806 0 0 0 255
678.884 579.556 0 0 0 255
678.427 580.634 0 0 0 255
676.34 578.479 0 0 0 255
679.995 579.116 0 0 0 255
676.34 578.479 0 0 0 255
677.908 576.961 0 0 0 255
679.995 579.116 0 0 0 255
678.952 578.038 0 0 0 255
680.452 578.038 0 0 0 255
680.251 578.788 0 0 0 255
678.952 578.038 0 0 0 255
680.251 578.788 0 0 0 255
679.702 579.337 0 0 0 255
678.952 578.038 0 0 0 255
679.702 579.337 0 0 0 255
678.952 579.538 0 0 0 255
678.952 578.038 0 0 0 255
678.952 579.538 0 0 0 255
678.202 579.337 0 0 0 255
678.952 578.038 0 0 0 255
678.202 579.337 0 0 0 255
677.653 578.788 0 0 0 255
678.952 578.038 0 0 0 255
677.653 578.788 0 0 0 255
677.452 578.038 0 0 0 255
678.952 578.038 0 0 0 255
677.452 578.038 0 0 0 255
677.653 577.288 0 0 0 255
678.952 578.038 0 0 0 255
677.653 577.288 0 0 0 255
678.202 576.739 0 0 0 255
678.952 578.038 0 0 0 255
678.202 576.739 0 0 0 255
678.952 576.538 0 0 0 255
678.952 578.038 0 0 0 255
678.952 576.538 0 0 0 255
679.702 576.739 0 0 0 255
678.952 578.038 0 0 0 255
679.702 576.739 0 0 0 255
680.251 577.288 0 0 0 255
678.952 578.038 0 0 0 255
680.251 577.288 0 0 0 255
680.452 578.038 0 0 0 255
679.966 579.143 0 0 0 255
677.937 576.934 0 0 0 255
681.602 577.64 0 0 0 255
677.937 576.934 0 0 0 255
679.573 575.431 0 0 0 255
681.602 577.64 0 0 0 255
680.587 576.536 0 0 0 255
682.087 576.536 0 0 0 255
681.886 577.286 0 0 0 255
680.587 576.536 0 0 0 255
681.886 577.286 0 0 0 255
681.337 577.835 0 0 0 255
680.587 576.536 0 0 0 255
681.337 577.835 0 0 0 255
680.587 578.036 0 0 0 255
680.587 576.536 0 0 0 255
680.587 578.036 0 0 0 255
679.837 577.835 0 0 0 255
680.587 576.536 0 0 0 255
679.837 577.835 0 0 0 255
679.288 577.286 0 0 0 255
680.587 576.536 0 0 0 255
679.288 577.286 0 0 0 255
679.087 576.536 0 0 0 255
680.587 576.536 0 0 0 255
679.087 576.536 0 0 0 255
679.288 575.786 0 0 0 255
680.587 576.536 0 0 0 255
679.288 575.786 0 0 0 255
679.837 575.237 0 0 0 255
680.587 576.536 0 0 0 255
679.837 575.237 0 0 0 255
680.587 575.036 0 0 0 255
680.587 576.536 0 0 0 255
680.587 575.036 0 0 0 255
681.337 575.237 0 0 0 255
680.587 576.536 0 0 0 255
681.337 575.237 0 0 0 255
681.886 575.786 0 0 0 255
680.587 576.536 0 0 0 255
681.886 575.786 0 0 0 255
682.087 576.536 0 0 0 255
681.574 577.666 0 0 0 255
679.601 575.406 0 0 0 255
683.277 576.179 0 0 0 255
679.601 575.406 0 0 0 255
681.305 573.919 0 0 0 255
683.277 576.179 0 0 0 255
682.291 575.049 0 0 0 255
683.791 575.049 0 0 0 255
683.59 575.799 0 0 0 255
682.291 575.049 0 0 0 255
683.59 575.799 0 0 0 255
683.041 576.348 0 0 0 255
682.291 575.049 0 0 0 255
683.041 576.348 0 0 0 255
682.291 576.549 0 0 0 255
682.291 575.049 0 0 0 255
682.291 576.549 0 0 0 255
681.541 576.348 0 0 0 255
682.291 575.049 0 0 0 255
681.541 576.348 0 0 0 255
680.992 575.799 0 0 0 255
682.291 575.049 0 0 0 255
680.992 575.799 0 0 0 255
680.791 575.049 0 0 0 255
682.291 575.049 0 0 0 255
680.791 575.049 0 0 0 255
680.992 574.299 0 0 0 255
682.291 575.049 0 0 0 255
680.992 574.299 0 0 0 255
681.541 573.75 0 0 0 255
682.291 575.049 0 0 0 255
681.541 573.75 0 0 0 255
682.291 573.549 0 0 0 255
682.291 575.049 0 0 0 255
682.291 573.549 0 0 0 255
683.041 573.75 0 0 0 255
682.291 575.049 0 0 0 255
683.041 573.75 0 0 0 255
683.59 574.299 0 0 0 255
682.291 575.049 0 0 0 255
683.59 574.299 0 0 0 255
683.791 575.049 0 0 0 255
683.25 576.202 0 0 0 255
681.332 573.895 0 0 0 255
685.021 574.731 0 0 0 255
681.332 573.895 0 0 0 255
683.104 572.423 0 0 0 255
685.021 574.731 0 0 0 255
684.062 573.577 0 0 0 255
685.562 573.577 0 0 0 255
685.361 574.327 0 0 0 255
684.062 573.577 0 0 0 255
685.361 574.327 0 0 0 255
684.812 574.876 0 0 0 255
684.062 573.577 0 0 0 255
684.812 574.876 0 0 0 255
684.062 575.077 0 0 0 255
684.062 573.577 0 0 0 255
684.062 575.077 0 0 0 255
683.312 574.876 0 0 0 255
684.062 573.577 0 0 0 255
683.312 574.876 0 0 0 255
682.763 574.327 0 0 0 255
684.062 573.577 0 0 0 255
682.763 574.327 0 0 0 255
682.562 573.577 0 0 0 255
684.062 573.577 0 0 0 255
682.562 573.577 0 0 0 255
682.763 572.827 0 0 0 255
684.062 573.577 0 0 0 255
682.763 572.827 0 0 0 255
683.312 572.278 0 0 0 255
684.062 573.577 0 0 0 255
683.312 572.278 0 0 0 255
684.062 572.077 0 0 0 255
684.062 573.577 0 0 0 255
684.062 572.077 0 0 0 255
684.812 572.278 0 0 0 255
684.062 573.577 0 0 0 255
684.812 572.278 0 0 0 255
685.361 572.827 0 0 0 255
684.062 573.577 0 0 0 255
685.361 572.827 0 0 0 255
685.562 573.577 0 0 0 255
684.993 574.753 0 0 0 255
683.131 572.401 0 0 0 255
686.832 573.297 0 0 0 255
683.131 572.401 0 0 0 255
684.97 570.945 0 0 0 255
686.832 573.297 0 0 0 255
685.901 572.121 0 0 0 255
687.401 572.121 0 0 0 255
687.2 572.871 0 0 0 255
685.901 572.121 0 0 0 255
687.2 572.871 0 0 0 255
686.651 573.42 0 0 0 255
685.901 572.121 0 0 0 255
686.651 573.42 0 0 0 255
685.901 573.621 0 0 0 255
685.901 572.121 0 0 0 255
685.901 573.621 0 0 0 255
685.151 573.42 0 0 0 255
685.901 572.121 0 0 0 255
685.151 573.42 0 0 0 255
684.602 572.871 0 0 0 255
685.901 572.121 0 0 0 255
684.602 572.871 0 0 0 255
684.401 572.121 0 0 0 255
685.901 572.121 0 0 0 255
684.401 572.121 0 0 0 255
684.602 571.371 0 0 0 255
685.901 572.121 0 0 0 255
684.602 571.371 0 0 0 255
685.151 570.822 0 0 0 255
685.901 572.121 0 0 0 255
685.151 570.822 0 0 0 255
685.901 570.621 0 0 0 255
685.901 572.121 0 0 0 255
685.901 570.621 0 0 0 255
686.651 570.822 0 0 0 255
685.901 572.121 0 0 0 255
686.651 570.822 0 0 0 255
687.2 571.371 0 0 0 255
685.901 572.121 0 0 0 255
687.2 571.371 0 0 0 255
687.401 572.121 0 0 0 255
686.805 573.317 0 0 0 255
684.997 570.924 0 0 0 255
688.712 571.877 0 0 0 255
684.997 570.924 0 0 0 255
686.904 569.483 0 0 0 255
688.712 571.877 0 0 0 255
687.808 570.68 0 0 0 255
689.308 570.68 0 0 0 255
689.107 571.43 0 0 0 255
687.808 570.68 0 0 0 255
689.107 571.43 0 0 0 255
688.558 571.979 0 0 0 255
687.808 570.68 0 0 0 255
688.558 571.979 0 0 0 255
687.808 572.18 0 0 0 255
687.808 570.68 0 0 0 255
687.808 572.18 0 0 0 255
687.058 571.979 0 0 0 255
687.808 570.68 0 0 0 255
687.058 571.979 0 0 0 255
686.509 571.43 0 0 0 255
687.808 570.68 0 0 0 255
686.509 571.43 0 0 0 255
686.308 570.68 0 0 0 255
687.808 570.68 0 0 0 255
686.308 570.68 0 0 0 255
686.509 569.93 0 0 0 255
687.808 570.68 0 0 0 255
686.509 569.93 0 0 0 255
687.058 569.381 0 0 0 255
687.808 570.68 0 0 0 255
687.058 569.381 0 0 0 255
687.808 569.18 0 0 0 255
687.808 570.68 0 0 0 255
687.808 569.18 0 0 0 255
688.558 569.381 0 0 0 255
687.808 570.68 0 0 0 255
688.558 569.381 0 0 0 255
689.107 569.93 0 0 0 255
687.808 570.68 0 0 0 255
689.107 569.93 0 0 0 255
689.308 570.68 0 0 0 255
688.693 571.891 0 0 0 255
686.923 569.469 0 0 0 255
690.646 570.463 0 0 0 255
686.923 569.469 0 0 0 255
688.876 568.041 0 0 0 255
690.646 570.463 0 0 0 255
689.761 569.252 0 0 0 255
691.261 569.252 0 0 0 255
691.06 570.002 0 0 0 255
689.761 569.252 0 0 0 255
691.06 570.002 0 0 0 255
690.511 570.551 0 0 0 255
689.761 569.252 0 0 0 255
690.511 570.551 0 0 0 255
689.761 570.752 0 0 0 255
689.761 569.252 0 0 0 255
689.761 570.752 0 0 0 255
689.011 570.551 0 0 0 255
689.761 569.252 0 0 0 255
689.011 570.551 0 0 0 255
688.462 570.002 0 0 0 255
689.761 569.252 0 0 0 255
688.462 570.002 0 0 0 255
688.261 569.252 0 0 0 255
689.761 569.252 0 0 0 255
688.261 569.252 0 0 0 255
688.462 568.502 0 0 0 255
689.761 569.252 0 0 0 255
688.462 568.502 0 0 0 255
689.011 567.953 0 0 0 255
689.761 569.252 0 0 0 255
689.011 567.953 0 0 0 255
689.761 567.752 0 0 0 255
689.761 569.252 0 0 0 255
689.761 567.752 0 0 0 255
690.511 567.953 0 0 0 255
689.761 569.252 0 0 0 255
690.511 567.953 0 0 0 255
691.06 568.502 0 0 0 255
689.761 569.252 0 0 0 255
691.06 568.502 0 0 0 255
691.261 569.252 0 0 0 255
690.635 570.471 0 0 0 255
688.888 568.033 0 0 0 255
692.614 569.053 0 0 0 255
688.888 568.033 0 0 0 255
690.867 566.615 0 0 0 255
692.614 569.053 0 0 0 255
691.74 567.834 0 0 0 255
693.24 567.834 0 0 0 255
693.039 568.584 0 0 0 255
691.74 567.834 0 0 0 255
693.039 568.584 0 0 0 255
692.49 569.133 0 0 0 255
691.74 567.834 0 0 0 255
692.49 569.133 0 0 0 255
691.74 569.334 0 0 0 255
691.74 567.834 0 0 0 255
691.74 569.334 0 0 0 255
690.99 569.133 0 0 0 255
691.74 567.834 0 0 0 255
690.99 569.133 0 0 0 255
690.441 568.584 0 0 0 255
691.74 567.834 0 0 0 255
690.441 568.584 0 0 0 255
690.24 567.834 0 0 0 255
691.74 567.834 0 0 0 255
690.24 567.834 0 0 0 255
690.441 567.084 0 0 0 255
691.74 567.834 0 0 0 255
690.441 567.084 0 0 0 255
690.99 566.535 0 0 0 255
691.74 567.834 0 0 0 255
690.99 566.535 0 0 0 255
691.74 566.334 0 0 0 255
691.74 567.834 0 0 0 255
691.74 566.334 0 0 0 255
692.49 566.535 0 0 0 255
691.74 567.834 0 0 0 255
692.49 566.535 0 0 0 255
693.039 567.084 0 0 0 255
691.74 567.834 0 0 0 255
693.039 567.084 0 0 0 255
693.24 567.834 0 0 0 255
692.602 569.062 0 0 0 255
690.878 566.606 0 0 0 255
694.607 567.654 0 0 0 255
690.878 566.606 0 0 0 255
692.883 565.199 0 0 0 255
694.607 567.654 0 0 0 255
693.745 566.426 0 0 0 255
695.245 566.426 0 0 0 255
695.044 567.176 0 0 0 255
693.745 566.426 0 0 0 255
695.044 567.176 0 0 0 255
694.495 567.725 0 0 0 255
693.745 566.426 0 0 0 255
694.495 567.725 0 0 0 255
693.745 567.926 0 0 0 255
693.745 566.426 0 0 0 255
693.745 567.926 0 0 0 255
692.995 567.725 0 0 0 255
693.745 566.426 0 0 0 255
692.995 567.725 0 0 0 255
692.446 567.176 0 0 0 255
693.745 566.426 0 0 0 255
692.446 567.176 0 0 0 255
692.245 566.426 0 0 0 255
693.745 566.426 0 0 0 255
692.245 566.426 0 0 0 255
692.446 565.676 0 0 0 255
693.745 566.426 0 0 0 255
692.446 565.676 0 0 0 255
692.995 565.127 0 0 0 255
693.745 566.426 0 0 0 255
692.995 565.127 0 0 0 255
693.745 564.926 0 0 0 255
693.745 566.426 0 0 0 255
693.745 564.926 0 0 0 255
694.495 565.127 0 0 0 255
693.745 566.426 0 0 0 255
694.495 565.127 0 0 0 255
695.044 565.676 0 0 0 255
693.745 566.426 0 0 0 255
695.044 565.676 0 0 0 255
695.245 566.426 0 0 0 255
694.596 567.662 0 0 0 255
692.895 565.191 0 0 0 255
696.626 566.264 0 0 0 255
692.895 565.191 0 0 0 255
694.925 563.793 0 0 0 255
696.626 566.264 0 0 0 255
695.776 565.029 0 0 0 255
697.276 565.029 0 0 0 255
697.075 565.779 0 0 0 255
695.776 565.029 0 0 0 255
697.075 565.779 0 0 0 255
696.526 566.328 0 0 0 255
695.776 565.029 0 0 0 255
696.526 566.328 0 0 0 255
695.776 566.529 0 0 0 255
695.776 565.029 0 0 0 255
695.776 566.529 0 0 0 255
695.026 566.328 0 0 0 255
695.776 565.029 0 0 0 255
695.026 566.328 0 0 0 255
694.477 565.779 0 0 0 255
695.776 565.029 0 0 0 255
694.477 565.779 0 0 0 255
694.276 565.029 0 0 0 255
695.776 565.029 0 0 0 255
694.276 565.029 0 0 0 255
694.477 564.279 0 0 0 255
695.776 565.029 0 0 0 255
694.477 564.279 0 0 0 255
695.026 563.73 0 0 0 255
695.776 565.029 0 0 0 255
695.026 563.73 0 0 0 255
695.776 563.529 0 0 0 255
695.776 565.029 0 0 0 255
695.776 563.529 0 0 0 255
696.526 563.73 0 0 0 255
695.776 565.029 0 0 0 255
696.526 563.73 0 0 0 255
697.075 564.279 0 0 0 255
695.776 565.029 0 0 0 255
697.075 564.279 0 0 0 255
697.276 565.029 0 0 0 255
696.615 566.272 0 0 0 255
694.937 563.785 0 0 0 255
698.671 564.884 0 0 0 255
694.937 563.785 0 0 0 255
696.993 562.398 0 0 0 255
698.671 564.884 0 0 0 255
697.832 563.641 0 0 0 255
699.332 563.641 0 0 0 255
699.131 564.391 0 0 0 255
697.832 563.641 0 0 0 255
699.131 564.391 0 0 0 255
698.582 564.94 0 0 0 255
697.832 563.641 0 0 0 255
698.582 564.94 0 0 0 255
697.832 565.141 0 0 0 255
697.832 563.641 0 0 0 255
697.832 565.141 0 0 0 255
697.082 564.94 0 0 0 255
697.832 563.641 0 0 0 255
697.082 564.94 0 0 0 255
696.533 564.391 0 0 0 255
697.832 563.641 0 0 0 255
696.533 564.391 0 0 0 255
696.332 563.641 0 0 0 255
697.832 563.641 0 0 0 255
696.332 563.641 0 0 0 255
696.533 562.891 0 0 0 255
697.832 563.641 0 0 0 255
696.533 562.891 0 0 0 255
697.082 562.342 0 0 0 255
697.832 563.641 0 0 0 255
697.082 562.342 0 0 0 255
697.832 562.141 0 0 0 255
697.832 563.641 0 0 0 255
697.832 562.141 0 0 0 255
698.582 562.342 0 0 0 255
697.832 563.641 0 0 0 255
698.582 562.342 0 0 0 255
699.131 562.891 0 0 0 255
697.832 563.641 0 0 0 255
699.131 562.891 0 0 0 255
699.332 563.641 0 0 0 255
698.659 564.892 0 0 0 255
697.004 562.39 0 0 0 255
700.741 563.514 0 0 0 255
697.004 562.39 0 0 0 255
699.086 561.013 0 0 0 255
700.741 563.514 0 0 0 255
699.914 562.263 0 0 0 255
701.414 562.263 0 0 0 255
701.213 563.013 0 0 0 255
699.914 562.263 0 0 0 255
701.213 563.013 0 0 0 255
700.664 563.562 0 0 0 255
699.914 562.263 0 0 0 255
700.664 563.562 0 0 0 255
699.914 563.763 0 0 0 255
699.914 562.263 0 0 0 255
699.914 563.763 0 0 0 255
699.164 563.562 0 0 0 255
699.914 562.263 0 0 0 255
699.164 563.562 0 0 0 255
698.615 563.013 0 0 0 255
699.914 562.263 0 0 0 255
698.615 563.013 0 0 0 255
698.414 562.263 0 0 0 255
699.914 562.263 0 0 0 255
698.414 562.263 0 0 0 255
698.615 561.513 0 0 0 255
699.914 562.263 0 0 0 255
698.615 561.513 0 0 0 255
699.164 560.964 0 0 0 255
699.914 562.263 0 0 0 255
699.164 560.964 0 0 0 255
699.914 560.763 0 0 0 255
699.914 562.263 0 0 0 255
699.914 560.763 0 0 0 255
700.664 560.964 0 0 0 255
699.914 562.263 0 0 0 255
700.664 560.964 0 0 0 255
701.213 561.513 0 0 0 255
699.914 562.263 0 0 0 255
701.213 561.513 0 0 0 255
701.414 562.263 0 0 0 255
700.734 563.519 0 0 0 255
699.093 561.008 0 0 0 255
702.797 562.172 0 0 0 255
699.093 561.008 0 0 0 255
701.156 559.66 0 0 0 255
702.797 562.172 0 0 0 255
701.977 560.916 0 0 0 255
703.477 560.916 0 0 0 255
703.276 561.666 0 0 0 255
701.977 560.916 0 0 0 255
703.276 561.666 0 0 0 255
702.727 562.215 0 0 0 255
701.977 560.916 0 0 0 255
702.727 562.215 0 0 0 255
701.977 562.416 0 0 0 255
701.977 560.916 0 0 0 255
701.977 562.416 0 0 0 255
701.227 562.215 0 0 0 255
701.977 560.916 0 0 0 255
701.227 562.215 0 0 0 255
700.678 561.666 0 0 0 255
701.977 560.916 0 0 0 255
700.678 561.666 0 0 0 255
700.477 560.916 0 0 0 255
701.977 560.916 0 0 0 255
700.477 560.916 0 0 0 255
700.678 560.166 0 0 0 255
701.977 560.916 0 0 0 255
700.678 560.166 0 0 0 255
701.227 559.617 0 0 0 255
701.977 560.916 0 0 0 255
701.227 559.617 0 0 0 255
701.977 559.416 0 0 0 255
701.977 560.916 0 0 0 255
701.977 559.416 0 0 0 255
702.727 559.617 0 0 0 255
701.977 560.916 0 0 0 255
702.727 559.617 0 0 0 255
703.276 560.166 0 0 0 255
701.977 560.916 0 0 0 255
703.276 560.166 0 0 0 255
703.477 560.916 0 0 0 255
702.793 562.174 0 0 0 255
701.16 559.657 0 0 0 255
704.793 560.876 0 0 0 255
701.16 559.657 0 0 0 255
703.16 558.359 0 0 0 255
704.793 560.876 0 0 0 255
703.977 559.618 0 0 0 255
705.477 559.618 0 0 0 255
705.276 560.368 0 0 0 255
703.977 559.618 0 0 0 255
705.276 560.368 0 0 0 255
704.727 560.917 0 0 0 255
703.977 559.618 0 0 0 255
704.727 560.917 0 0 0 255
703.977 561.118 0 0 0 255
703.977 559.618 0 0 0 255
703.977 561.118 0 0 0 255
703.227 560.917 0 0 0 255
703.977 559.618 0 0 0 255
703.227 560.917 0 0 0 255
702.678 560.368 0 0 0 255
703.977 559.618 0 0 0 255
702.678 560.368 0 0 0 255
702.477 559.618 0 0 0 255
703.977 559.618 0 0 0 255
702.477 559.618 0 0 0 255
702.678 558.868 0 0 0 255
703.977 559.618 0 0 0 255
702.678 558.868 0 0 0 255
703.227 558.319 0 0 0 255
703.977 559.618 0 0 0 255
703.227 558.319 0 0 0 255
703.977 558.118 0 0 0 255
703.977 559.618 0 0 0 255
703.977 558.118 0 0 0 255
704.727 558.319 0 0 0 255
703.977 559.618 0 0 0 255
704.727 558.319 0 0 0 255
705.276 558.868 0 0 0 255
703.977 559.618 0 0 0 255
705.276 558.868 0 0 0 255
705.477 559.618 0 0 0 255
704.789 560.879 0 0 0 255
703.164 558.357 0 0 0 255
706.726 559.63 0 0 0 255
703.164 558.357 0 0 0 255
705.101 557.108 0 0 0 255
706.726 559.63 0 0 0 255
705.914 558.369 0 0 0 255
707.414 558.369 0 0 0 255
707.213 559.119 0 0 0 255
705.914 558.369 0 0 0 255
707.213 559.119 0 0 0 255
706.664 559.668 0 0 0 255
705.914 558.369 0 0 0 255
706.664 559.668 0 0 0 255
705.914 559.869 0 0 0 255
705.914 558.369 0 0 0 255
705.914 559.869 0 0 0 255
705.164 559.668 0 0 0 255
705.914 558.369 0 0 0 255
705.164 559.668 0 0 0 255
704.615 559.119 0 0 0 255
705.914 558.369 0 0 0 255
704.615 559.119 0 0 0 255
704.414 558.369 0 0 0 255
705.914 558.369 0 0 0 255
704.414 558.369 0 0 0 255
704.615 557.619 0 0 0 255
705.914 558.369 0 0 0 255
704.615 557.619 0 0 0 255
705.164 557.07 0 0 0 255
705.914 558.369 0 0 0 255
705.164 557.07 0 0 0 255
705.914 556.869 0 0 0 255
705.914 558.369 0 0 0 255
705.914 556.869 0 0 0 255
706.664 557.07 0 0 0 255
705.914 558.369 0 0 0 255
706.664 557.07 0 0 0 255
707.213 557.619 0 0 0 255
705.914 558.369 0 0 0 255
707.213 557.619 0 0 0 255
707.414 558.369 0 0 0 255
706.722 559.633 0 0 0 255
705.106 557.106 0 0 0 255
708.596 558.434 0 0 0 255
705.106 557.106 0 0 0 255
706.98 555.907 0 0 0 255
708.596 558.434 0 0 0 255
707.788 557.171 0 0 0 255
709.288 557.171 0 0 0 255
709.087 557.921 0 0 0 255
707.788 557.171 0 0 0 255
709.087 557.921 0 0 0 255
708.538 558.47 0 0 0 255
707.788 557.171 0 0 0 255
708.538 558.47 0 0 0 255
707.788 558.671 0 0 0 255
707.788 557.171 0 0 0 255
707.788 558.671 0 0 0 255
707.038 558.47 0 0 0 255
707.788 557.171 0 0 0 255
707.038 558.47 0 0 0 255
706.489 557.921 0 0 0 255
707.788 557.171 0 0 0 255
706.489 557.921 0 0 0 255
706.288 557.171 0 0 0 255
707.788 557.171 0 0 0 255
706.288 557.171 0 0 0 255
706.489 556.421 0 0 0 255
707.788 557.171 0 0 0 255
706.489 556.421 0 0 0 255
707.038 555.872 0 0 0 255
707.788 557.171 0 0 0 255
707.038 555.872 0 0 0 255
707.788 555.671 0 0 0 255
707.788 557.171 0 0 0 255
707.788 555.671 0 0 0 255
708.538 555.872 0 0 0 255
707.788 557.171 0 0 0 255
708.538 555.872 0 0 0 255
709.087 556.421 0 0 0 255
707.788 557.171 0 0 0 255
709.087 556.421 0 0 0 255
709.288 557.171 0 0 0 255
708.592 558.437 0 0 0 255
706.984 555.904 0 0 0 255
710.403 557.288 0 0 0 255
706.984 555.904 0 0 0 255
708.796 554.755 0 0 0 255
710.403 557.288 0 0 0 255
709.599 556.022 0 0 0 255
711.099 556.022 0 0 0 255
710.898 556.772 0 0 0 255
709.599 556.022 0 0 0 255
710.898 556.772 0 0 0 255
710.349 557.321 0 0 0 255
709.599 556.022 0 0 0 255
710.349 557.321 0 0 0 255
709.599 557.522 0 0 0 255
709.599 556.022 0 0 0 255
709.599 557.522 0 0 0 255
708.849 557.321 0 0 0 255
709.599 556.022 0 0 0 255
708.849 557.321 0 0 0 255
708.3 556.772 0 0 0 255
709.599 556.022 0 0 0 255
708.3 556.772 0 0 0 255
708.099 556.022 0 0 0 255
709.599 556.022 0 0 0 255
708.099 556.022 0 0 0 255
708.3 555.272 0 0 0 255
709.599 556.022 0 0 0 255
708.3 555.272 0 0 0 255
708.849 554.723 0 0 0 255
709.599 556.022 0 0 0 255
708.849 554.723 0 0 0 255
709.599 554.522 0 0 0 255
709.599 556.022 0 0 0 255
709.599 554.522 0 0 0 255
710.349 554.723 0 0 0 255
709.599 556.022 0 0 0 255
710.349 554.723 0 0 0 255
710.898 555.272 0 0 0 255
709.599 556.022 0 0 0 255
710.898 555.272 0 0 0 255
711.099 556.022 0 0 0 255
710.398 557.291 0 0 0 255
708.801 554.752 0 0 0 255
712.146 556.192 0 0 0 255
708.801 554.752 0 0 0 255
710.549 553.652 0 0 0 255
712.146 556.192 0 0 0 255
711.347 554.922 0 0 0 255
712.847 554.922 0 0 0 255
712.646 555.672 0 0 0 255
711.347 554.922 0 0 0 255
712.646 555.672 0 0 0 255
712.097 556.221 0 0 0 255
711.347 554.922 0 0 0 255
712.097 556.221 0 0 0 255
711.347 556.422 0 0 0 255
711.347 554.922 0 0 0 255
711.347 556.422 0 0 0 255
710.597 556.221 0 0 0 255
711.347 554.922 0 0 0 255
710.597 556.221 0 0 0 255
710.048 555.672 0 0 0 255
711.347 554.922 0 0 0 255
710.048 555.672 0 0 0 255
709.847 554.922 0 0 0 255
711.347 554.922 0 0 0 255
709.847 554.922 0 0 0 255
710.048 554.172 0 0 0 255
711.347 554.922 0 0 0 255
710.048 554.172 0 0 0 255
710.597 553.623 0 0 0 255
711.347 554.922 0 0 0 255
710.597 553.623 0 0 0 255
711.347 553.422 0 0 0 255
711.347 554.922 0 0 0 255
711.347 553.422 0 0 0 255
712.097 553.623 0 0 0 255
711.347 554.922 0 0 0 255
712.097 553.623 0 0 0 255
712.646 554.172 0 0 0 255
711.347 554.922 0 0 0 255
712.646 554.172 0 0 0 255
712.847 554.922 0 0 0 255
712.148 556.191 0 0 0 255
710.547 553.653 0 0 0 255
713.802 555.147 0 0 0 255
710.547 553.653 0 0 0 255
712.201 552.61 0 0 0 255
713.802 555.147 0 0 0 255
713.002 553.879 0 0 0 255
714.502 553.879 0 0 0 255
714.301 554.629 0 0 0 255
713.002 553.879 0 0 0 255
714.301 554.629 0 0 0 255
713.752 555.178 0 0 0 255
713.002 553.879 0 0 0 255
713.752 555.178 0 0 0 255
713.002 555.379 0 0 0 255
713.002 553.879 0 0 0 255
713.002 555.379 0 0 0 255
712.252 555.178 0 0 0 255
713.002 553.879 0 0 0 255
712.252 555.178 0 0 0 255
711.703 554.629 0 0 0 255
713.002 553.879 0 0 0 255
711.703 554.629 0 0 0 255
711.502 553.879 0 0 0 255
713.002 553.879 0 0 0 255
711.502 553.879 0 0 0 255
711.703 553.129 0 0 0 255
713.002 553.879 0 0 0 255
711.703 553.129 0 0 0 255
712.252 552.58 0 0 0 255
713.002 553.879 0 0 0 255
712.252 552.58 0 0 0 255
713.002 552.379 0 0 0 255
713.002 553.879 0 0 0 255
713.002 552.379 0 0 0 255
713.752 552.58 0 0 0 255
713.002 553.879 0 0 0 255
713.752 552.58 0 0 0 255
714.301 553.129 0 0 0 255
713.002 553.879 0 0 0 255
714.301 553.129 0 0 0 255
714.502 553.879 0 0 0 255
713.812 555.141 0 0 0 255
712.191 552.616 0 0 0 255
715.341 554.159 0 0 0 255
712.191 552.616 0 0 0 255
713.721 551.635 0 0 0 255
715.341 554.159 0 0 0 255
714.531 552.897 0 0 0 255
716.031 552.897 0 0 0 255
715.83 553.647 0 0 0 255
714.531 552.897 0 0 0 255
715.83 553.647 0 0 0 255
715.281 554.196 0 0 0 255
714.531 552.897 0 0 0 255
715.281 554.196 0 0 0 255
714.531 554.397 0 0 0 255
714.531 552.897 0 0 0 255
714.531 554.397 0 0 0 255
713.781 554.196 0 0 0 255
714.531 552.897 0 0 0 255
713.781 554.196 0 0 0 255
713.232 553.647 0 0 0 255
714.531 552.897 0 0 0 255
713.232 553.647 0 0 0 255
713.031 552.897 0 0 0 255
714.531 552.897 0 0 0 255
713.031 552.897 0 0 0 255
713.232 552.147 0 0 0 255
714.531 552.897 0 0 0 255
713.232 552.147 0 0 0 255
713.781 551.598 0 0 0 255
714.531 552.897 0 0 0 255
713.781 551.598 0 0 0 255
714.531 551.397 0 0 0 255
714.531 552.897 0 0 0 255
714.531 551.397 0 0 0 255
715.281 551.598 0 0 0 255
714.531 552.897 0 0 0 255
715.281 551.598 0 0 0 255
715.83 552.147 0 0 0 255
714.531 552.897 0 0 0 255
715.83 552.147 0 0 0 255
716.031 552.897 0 0 0 255
715.352 554.152 0 0 0 255
713.71 551.642 0 0 0 255
716.758 553.233 0 0 0 255
713.71 551.642 0 0 0 255
715.115 550.722 0 0 0 255
716.758 553.233 0 0 0 255
715.936 551.977 0 0 0 255
717.436 551.977 0 0 0 255
717.235 552.727 0 0 0 255
715.936 551.977 0 0 0 255
717.235 552.727 0 0 0 255
716.686 553.276 0 0 0 255
715.936 551.977 0 0 0 255
716.686 553.276 0 0 0 255
715.936 553.477 0 0 0 255
715.936 551.977 0 0 0 255
715.936 553.477 0 0 0 255
715.186 553.276 0 0 0 255
715.936 551.977 0 0 0 255
715.186 553.276 0 0 0 255
714.637 552.727 0 0 0 255
715.936 551.977 0 0 0 255
714.637 552.727 0 0 0 255
714.436 551.977 0 0 0 255
715.936 551.977 0 0 0 255
714.436 551.977 0 0 0 255
714.637 551.227 0 0 0 255
715.936 551.977 0 0 0 255
714.637 551.227 0 0 0 255
715.186 550.678 0 0 0 255
715.936 551.977 0 0 0 255
715.186 550.678 0 0 0 255
715.936 550.477 0 0 0 255
715.936 551.977 0 0 0 255
715.936 550.477 0 0 0 255
716.686 550.678 0 0 0 255
715.936 551.977 0 0 0 255
716.686 550.678 0 0 0 255
717.235 551.227 0 0 0 255
715.936 551.977 0 0 0 255
717.235 551.227 0 0 0 255
717.436 551.977 0 0 0 255
716.771 553.224 0 0 0 255
715.102 550.731 0 0 0 255
718.052 552.366 0 0 0 255
715.102 550.731 0 0 0 255
716.382 549.874 0 0 0 255
718.052 552.366 0 0 0 255
717.217 551.12 0 0 0 255
718.717 551.12 0 0 0 255
718.516 551.87 0 0 0 255
717.217 551.12 0 0 0 255
718.516 551.87 0 0 0 255
717.967 552.419 0 0 0 255
717.217 551.12 0 0 0 255
717.967 552.419 0 0 0 255
717.217 552.62 0 0 0 255
717.217 551.12 0 0 0 255
717.217 552.62 0 0 0 255
716.467 552.419 0 0 0 255
717.217 551.12 0 0 0 255
716.467 552.419 0 0 0 255
715.918 551.87 0 0 0 255
717.217 551.12 0 0 0 255
715.918 551.87 0 0 0 255
715.717 551.12 0 0 0 255
717.217 551.12 0 0 0 255
715.717 551.12 0 0 0 255
715.918 550.37 0 0 0 255
717.217 551.12 0 0 0 255
715.918 550.37 0 0 0 255
716.467 549.821 0 0 0 255
717.217 551.12 0 0 0 255
716.467 549.821 0 0 0 255
717.217 549.62 0 0 0 255
717.217 551.12 0 0 0 255
717.217 549.62 0 0 0 255
717.967 549.821 0 0 0 255
717.217 551.12 0 0 0 255
717.967 549.821 0 0 0 255
718.516 550.37 0 0 0 255
717.217 551.12 0 0 0 255
718.516 550.37 0 0 0 255
718.717 551.12 0 0 0 255
718.067 552.356 0 0 0 255
716.367 549.884 0 0 0 255
719.223 551.56 0 0 0 255
716.367 549.884 0 0 0 255
717.522 549.089 0 0 0 255
719.223 551.56 0 0 0 255
718.373 550.324 0 0 0 255
719.873 550.324 0 0 0 255
719.672 551.074 0 0 0 255
718.373 550.324 0 0 0 255
719.672 551.074 0 0 0 255
719.123 551.623 0 0 0 255
718.373 550.324 0 0 0 255
719.123 551.623 0 0 0 255
718.373 551.824 0 0 0 255
718.373 550.324 0 0 0 255
718.373 551.824 0 0 0 255
717.623 551.623 0 0 0 255
718.373 550.324 0 0 0 255
717.623 551.623 0 0 0 255
717.074 551.074 0 0 0 255
718.373 550.324 0 0 0 255
717.074 551.074 0 0 0 255
716.873 550.324 0 0 0 255
718.373 550.324 0 0 0 255
716.873 550.324 0 0 0 255
717.074 549.574 0 0 0 255
718.373 550.324 0 0 0 255
717.074 549.574 0 0 0 255
717.623 549.025 0 0 0 255
718.373 550.324 0 0 0 255
717.623 549.025 0 0 0 255
718.373 548.824 0 0 0 255
718.373 550.324 0 0 0 255
718.373 548.824 0 0 0 255
719.123 549.025 0 0 0 255
718.373 550.324 0 0 0 255
719.123 549.025 0 0 0 255
719.672 549.574 0 0 0 255
718.373 550.324 0 0 0 255
719.672 549.574 0 0 0 255
719.873 550.324 0 0 0 255
719.242 551.547 0 0 0 255
717.503 549.102 0 0 0 255
720.274 550.813 0 0 0 255
717.503 549.102 0 0 0 255
718.535 548.369 0 0 0 255
720.274 550.813 0 0 0 255
719.404 549.591 0 0 0 255
720.904 549.591 0 0 0 255
720.703 550.341 0 0 0 255
719.404 549.591 0 0 0 255
720.703 550.341 0 0 0 255
720.154 550.89 0 0 0 255
719.404 549.591 0 0 0 255
720.154 550.89 0 0 0 255
719.404 551.091 0 0 0 255
719.404 549.591 0 0 0 255
719.404 551.091 0 0 0 255
718.654 550.89 0 0 0 255
719.404 549.591 0 0 0 255
718.654 550.89 0 0 0 255
718.105 550.341 0 0 0 255
719.404 549.591 0 0 0 255
718.105 550.341 0 0 0 255
717.904 549.591 0 0 0 255
719.404 549.591 0 0 0 255
717.904 549.591 0 0 0 255
718.105 548.841 0 0 0 255
719.404 549.591 0 0 0 255
718.105 548.841 0 0 0 255
718.654 548.292 0 0 0 255
719.404 549.591 0 0 0 255
718.654 548.292 0 0 0 255
719.404 548.091 0 0 0 255
719.404 549.591 0 0 0 255
719.404 548.091 0 0 0 255
720.154 548.292 0 0 0 255
719.404 549.591 0 0 0 255
720.154 548.292 0 0 0 255
720.703 548.841 0 0 0 255
719.404 549.591 0 0 0 255
720.703 548.841 0 0 0 255
720.904 549.591 0 0 0 255
720.287 550.804 0 0 0 255
718.522 548.378 0 0 0 255
721.21 550.132 0 0 0 255
718.522 548.378 0 0 0 255
719.445 547.706 0 0 0 255
721.21 550.132 0 0 0 255
720.328 548.919 0 0 0 255
721.828 548.919 0 0 0 255
721.627 549.669 0 0 0 255
720.328 548.919 0 0 0 255
721.627 549.669 0 0 0 255
721.078 550.218 0 0 0 255
720.328 548.919 0 0 0 255
721.078 550.218 0 0 0 255
720.328 550.419 0 0 0 255
720.328 548.919 0 0 0 255
720.328 550.419 0 0 0 255
719.578 550.218 0 0 0 255
720.328 548.919 0 0 0 255
719.578 550.218 0 0 0 255
719.029 549.669 0 0 0 255
720.328 548.919 0 0 0 255
719.029 549.669 0 0 0 255
718.828 548.919 0 0 0 255
720.328 548.919 0 0 0 255
718.828 548.919 0 0 0 255
719.029 548.169 0 0 0 255
720.328 548.919 0 0 0 255
719.029 548.169 0 0 0 255
719.578 547.62 0 0 0 255
720.328 548.919 0 0 0 255
719.578 547.62 0 0 0 255
720.328 547.419 0 0 0 255
720.328 548.919 0 0 0 255
720.328 547.419 0 0 0 255
721.078 547.62 0 0 0 255
720.328 548.919 0 0 0 255
721.078 547.62 0 0 0 255
721.627 548.169 0 0 0 255
720.328 548.919 0 0 0 255
721.627 548.169 0 0 0 255
721.828 548.919 0 0 0 255
721.215 550.129 0 0 0 255
719.441 547.709 0 0 0 255
722.048 549.518 0 0 0 255
719.441 547.709 0 0 0 255
720.274 547.099 0 0 0 255
722.048 549.518 0 0 0 255
721.161 548.308 0 0 0 255
722.661 548.308 0 0 0 255
722.46 549.058 0 0 0 255
721.161 548.308 0 0 0 255
722.46 549.058 0 0 0 255
721.911 549.607 0 0 0 255
721.161 548.308 0 0 0 255
721.911 549.607 0 0 0 255
721.161 549.808 0 0 0 255
721.161 548.308 0 0 0 255
721.161 549.808 0 0 0 255
720.411 549.607 0 0 0 255
721.161 548.308 0 0 0 255
720.411 549.607 0 0 0 255
719.862 549.058 0 0 0 255
721.161 548.308 0 0 0 255
719.862 549.058 0 0 0 255
719.661 548.308 0 0 0 255
721.161 548.308 0 0 0 255
719.661 548.308 0 0 0 255
719.862 547.558 0 0 0 255
721.161 548.308 0 0 0 255
719.862 547.558 0 0 0 255
720.411 547.009 0 0 0 255
721.161 548.308 0 0 0 255
720.411 547.009 0 0 0 255
721.161 546.808 0 0 0 255
721.161 548.308 0 0 0 255
721.161 546.808 0 0 0 255
721.911 547.009 0 0 0 255
721.161 548.308 0 0 0 255
721.911 547.009 0 0 0 255
722.46 547.558 0 0 0 255
721.161 548.308 0 0 0 255
722.46 547.558 0 0 0 255
722.661 548.308 0 0 0 255
722.053 549.514 0 0 0 255
720.268 547.102 0 0 0 255
722.796 548.964 0 0 0 255
720.268 547.102 0 0 0 255
721.011 546.553 0 0 0 255
722.796 548.964 0 0 0 255
721.904 547.758 0 0 0 255
723.404 547.758 0 0 0 255
723.203 548.508 0 0 0 255
721.904 547.758 0 0 0 255
723.203 548.508 0 0 0 255
722.654 549.057 0 0 0 255
721.904 547.758 0 0 0 255
722.654 549.057 0 0 0 255
721.904 549.258 0 0 0 255
721.904 547.758 0 0 0 255
721.904 549.258 0 0 0 255
721.154 549.057 0 0 0 255
721.904 547.758 0 0 0 255
721.154 549.057 0 0 0 255
720.604 548.508 0 0 0 255
721.904 547.758 0 0 0 255
720.604 548.508 0 0 0 255
720.404 547.758 0 0 0 255
721.904 547.758 0 0 0 255
720.404 547.758 0 0 0 255
720.604 547.008 0 0 0 255
721.904 547.758 0 0 0 255
720.604 547.008 0 0 0 255
721.154 546.459 0 0 0 255
721.904 547.758 0 0 0 255
721.154 546.459 0 0 0 255
721.904 546.258 0 0 0 255
721.904 547.758 0 0 0 255
721.904 546.258 0 0 0 255
722.654 546.459 0 0 0 255
721.904 547.758 0 0 0 255
722.654 546.459 0 0 0 255
723.203 547.008 0 0 0 255
721.904 547.758 0 0 0 255
723.203 547.008 0 0 0 255
723.404 547.758 0 0 0 255
722.803 548.959 0 0 0 255
721.004 546.558 0 0 0 255
723.455 548.47 0 0 0 255
721.004 546.558 0 0 0 255
721.656 546.07 0 0 0 255
723.455 548.47 0 0 0 255
722.555 547.27 0 0 0 255
724.055 547.27 0 0 0 255
723.854 548.02 0 0 0 255
722.555 547.27 0 0 0 255
723.854 548.02 0 0 0 255
723.305 548.569 0 0 0 255
722.555 547.27 0 0 0 255
723.305 548.569 0 0 0 255
722.555 548.77 0 0 0 255
722.555 547.27 0 0 0 255
722.555 548.77 0 0 0 255
721.805 548.569 0 0 0 255
722.555 547.27 0 0 0 255
721.805 548.569 0 0 0 255
721.256 548.02 0 0 0 255
722.555 547.27 0 0 0 255
721.256 548.02 0 0 0 255
721.055 547.27 0 0 0 255
722.555 547.27 0 0 0 255
721.055 547.27 0 0 0 255
721.256 546.52 0 0 0 255
722.555 547.27 0 0 0 255
721.256 546.52 0 0 0 255
721.805 545.971 0 0 0 255
722.555 547.27 0 0 0 255
721.805 545.971 0 0 0 255
722.555 545.77 0 0 0 255
722.555 547.27 0 0 0 255
722.555 545.77 0 0 0 255
723.305 545.971 0 0 0 255
722.555 547.27 0 0 0 255
723.305 545.971 0 0 0 255
723.854 546.52 0 0 0 255
722.555 547.27 0 0 0 255
723.854 546.52 0 0 0 255
724.055 547.27 0 0 0 255
723.464 548.463 0 0 0 255
721.647 546.076 0 0 0 255
724.026 548.036 0 0 0 255
721.647 546.076 0 0 0 255
722.208 545.649 0 0 0 255
724.026 548.036 0 0 0 255
723.117 546.842 0 0 0 255
724.617 546.842 0 0 0 255
724.416 547.592 0 0 0 255
723.117 546.842 0 0 0 255
724.416 547.592 0 0 0 255
723.867 548.141 0 0 0 255
723.117 546.842 0 0 0 255
723.867 548.141 0 0 0 255
723.117 548.342 0 0 0 255
723.117 546.842 0 0 0 255
723.117 548.342 0 0 0 255
722.367 548.141 0 0 0 255
723.117 546.842 0 0 0 255
722.367 548.141 0 0 0 255
721.818 547.592 0 0 0 255
723.117 546.842 0 0 0 255
721.818 547.592 0 0 0 255
721.617 546.842 0 0 0 255
723.117 546.842 0 0 0 255
721.617 546.842 0 0 0 255
721.818 546.092 0 0 0 255
723.117 546.842 0 0 0 255
721.818 546.092 0 0 0 255
722.367 545.543 0 0 0 255
723.117 546.842 0 0 0 255
722.367 545.543 0 0 0 255
723.117 545.342 0 0 0 255
723.117 546.842 0 0 0 255
723.117 545.342 0 0 0 255
723.867 545.543 0 0 0 255
723.117 546.842 0 0 0 255
723.867 545.543 0 0 0 255
724.416 546.092 0 0 0 255
723.117 546.842 0 0 0 255
724.416 546.092 0 0 0 255
724.617 546.842 0 0 0 255
724.038 548.026 0 0 0 255
722.195 545.659 0 0 0 255
724.509 547.659 0 0 0 255
722.195 545.659 0 0 0 255
722.666 545.292 0 0 0 255
724.509 547.659 0 0 0 255
723.587 546.476 0 0 0 255
725.087 546.476 0 0 0 255
724.886 547.226 0 0 0 255
723.587 546.476 0 0 0 255
724.886 547.226 0 0 0 255
724.337 547.775 0 0 0 255
723.587 546.476 0 0 0 255
724.337 547.775 0 0 0 255
723.587 547.976 0 0 0 255
723.587 546.476 0 0 0 255
723.587 547.976 0 0 0 255
722.837 547.775 0 0 0 255
723.587 546.476 0 0 0 255
722.837 547.775 0 0 0 255
722.288 547.226 0 0 0 255
723.587 546.476 0 0 0 255
722.288 547.226 0 0 0 255
722.087 546.476 0 0 0 255
723.587 546.476 0 0 0 255
722.087 546.476 0 0 0 255
722.288 545.726 0 0 0 255
723.587 546.476 0 0 0 255
722.288 545.726 0 0 0 255
722.837 545.177 0 0 0 255
723.587 546.476 0 0 0 255
722.837 545.177 0 0 0 255
723.587 544.976 0 0 0 255
723.587 546.476 0 0 0 255
723.587 544.976 0 0 0 255
724.337 545.177 0 0 0 255
723.587 546.476 0 0 0 255
724.337 545.177 0 0 0 255
724.886 545.726 0 0 0 255
723.587 546.476 0 0 0 255
724.886 545.726 0 0 0 255
725.087 546.476 0 0 0 255
724.517 547.653 0 0 0 255
722.658 545.298 0 0 0 255
725.793 546.646 0 0 0 255
722.658 545.298 0 0 0 255
723.934 544.291 0 0 0 255
725.793 546.646 0 0 0 255
724.864 545.468 0 0 0 255
726.364 545.468 0 0 0 255
726.163 546.218 0 0 0 255
724.864 545.468 0 0 0 255
726.163 546.218 0 0 0 255
725.614 546.767 0 0 0 255
724.864 545.468 0 0 0 255
725.614 546.767 0 0 0 255
724.864 546.968 0 0 0 255
724.864 545.468 0 0 0 255
724.864 546.968 0 0 0 255
724.114 546.767 0 0 0 255
724.864 545.468 0 0 0 255
724.114 546.767 0 0 0 255
723.565 546.218 0 0 0 255
724.864 545.468 0 0 0 255
723.565 546.218 0 0 0 255
723.364 545.468 0 0 0 255
724.864 545.468 0 0 0 255
723.364 545.468 0 0 0 255
723.565 544.718 0 0 0 255
724.864 545.468 0 0 0 255
723.565 544.718 0 0 0 255
724.114 544.169 0 0 0 255
724.864 545.468 0 0 0 255
724.114 544.169 0 0 0 255
724.864 543.968 0 0 0 255
724.864 545.468 0 0 0 255
724.864 543.968 0 0 0 255
725.614 544.169 0 0 0 255
724.864 545.468 0 0 0 255
725.614 544.169 0 0 0 255
726.163 544.718 0 0 0 255
724.864 545.468 0 0 0 255
726.163 544.718 0 0 0 255
726.364 545.468 0 0 0 255
724.864 545.468 0 0 0 255
726.364 545.468 0 0 0 255
726.25 546.042 0 0 0 255
724.864 545.468 0 0 0 255
726.25 546.042 0 0 0 255
725.924 546.529 0 0 0 255
724.864 545.468 0 0 0 255
725.924 546.529 0 0 0 255
725.438 546.854 0 0 0 255
724.864 545.468 0 0 0 255
725.438 546.854 0 0 0 255
724.864 546.968 0 0 0 255
724.864 545.468 0 0 0 255
724.864 546.968 0 0 0 255
724.29 546.854 0 0 0 255
724.864 545.468 0 0 0 255
724.29 546.854 0 0 0 255
723.803 546.529 0 0 0 255
724.864 545.468 0 0 0 255
723.803 546.529 0 0 0 255
723.478 546.042 0 0 0 255
724.864 545.468 0 0 0 255
723.478 546.042 0 0 0 255
723.364 545.468 0 0 0 255
724.864 545.468 0 0 0 255
723.364 545.468 0 0 0 255
723.478 544.894 0 0 0 255
724.864 545.468 0 0 0 255
723.478 544.894 0 0 0 255
723.803 544.408 0 0 0 255
724.864 545.468 0 0 0 255
723.803 544.408 0 0 0 255
724.29 544.083 0 0 0 255
724.864 545.468 0 0 0 255
724.29 544.083 0 0 0 255
724.864 543.968 0 0 0 255
724.864 545.468 0 0 0 255
724.864 543.968 0 0 0 255
725.438 544.083 0 0 0 255
724.864 545.468 0 0 0 255
725.438 544.083 0 0 0 255
725.924 544.408 0 0 0 255
724.864 545.468 0 0 0 255
725.924 544.408 0 0 0 255
726.25 544.894 0 0 0 255
724.864 545.468 0 0 0 255
726.25 544.894 0 0 0 255
726.364 545.468 0 0 0 255
0 2 0 3414
509.316 393.695 0 0 0 255
510.816 393.695 0 0 0 255
510.702 394.269 0 0 0 255
509.316 393.695 0 0 0 255
510.702 394.269 0 0 0 255
510.377 394.755 0 0 0 255
509.316 393.695 0 0 0 255
510.377 394.755 0 0 0 255
509.89 395.081 0 0 0 255
509.316 393.695 0 0 0 255
509.89 395.081 0 0 0 255
509.316 395.195 0 0 0 255
509.316 393.695 0 0 0 255
509.316 395.195 0 0 0 255
508.742 395.081 0 0 0 255
509.316 393.695 0 0 0 255
508.742 395.081 0 0 0 255
508.255 394.755 0 0 0 255
509.316 393.695 0 0 0 255
508.255 394.755 0 0 0 255
507.93 394.269 0 0 0 255
509.316 393.695 0 0 0 255
507.93 394.269 0 0 0 255
507.816 393.695 0 0 0 255
509.316 393.695 0 0 0 255
507.816 393.695 0 0 0 255
507.93 393.121 0 0 0 255
509.316 393.695 0 0 0 255
507.93 393.121 0 0 0 255
508.255 392.634 0 0 0 255
509.316 393.695 0 0 0 255
508.255 392.634 0 0 0 255
508.742 392.309 0 0 0 255
509.316 393.695 0 0 0 255
508.742 392.309 0 0 0 255
509.316 392.195 0 0 0 255
509.316 393.695 0 0 0 255
509.316 392.195 0 0 0 255
509.89 392.309 0 0 0 255
509.316 393.695 0 0 0 255
509.89 392.309 0 0 0 255
510.377 392.634 0 0 0 255
509.316 393.695 0 0 0 255
510.377 392.634 0 0 0 255
510.702 393.121 0 0 0 255
509.316 393.695 0 0 0 255
510.702 393.121 0 0 0 255
510.816 393.695 0 0 0 255
510.124 394.958 0 0 0 255
508.508 392.431 0 0 0 255
510.14 394.949 0 0 0 255
508.508 392.431 0 0 0 255
508.523 392.422 0 0 0 255
510.14 394.949 0 0 0 255
509.331 393.685 0 0 0 255
510.831 393.685 0 0 0 255
510.63 394.435 0 0 0 255
509.331 393.685 0 0 0 255
510.63 394.435 0 0 0 255
510.081 394.984 0 0 0 255
509.331 393.685 0 0 0 255
510.081 394.984 0 0 0 255
509.331 395.185 0 0 0 255
509.331 393.685 0 0 0 255
509.331 395.185 0 0 0 255
508.581 394.984 0 0 0 255
509.331 393.685 0 0 0 255
508.581 394.984 0 0 0 255
508.032 394.435 0 0 0 255
509.331 393.685 0 0 0 255
508.032 394.435 0 0 0 255
507.831 393.685 0 0 0 255
509.331 393.685 0 0 0 255
507.831 393.685 0 0 0 255
508.032 392.935 0 0 0 255
509.331 393.685 0 0 0 255
508.032 392.935 0 0 0 255
508.581 392.386 0 0 0 255
509.331 393.685 0 0 0 255
508.581 392.386 0 0 0 255
509.331 392.185 0 0 0 255
509.331 393.685 0 0 0 255
509.331 392.185 0 0 0 255
510.081 392.386 0 0 0 255
509.331 393.685 0 0 0 255
510.081 392.386 0 0 0 255
510.63 392.935 0 0 0 255
509.331 393.685 0 0 0 255
510.63 392.935 0 0 0 255
510.831 393.685 0 0 0 255
510.141 394.948 0 0 0 255
508.521 392.423 0 0 0 255
510.186 394.918 0 0 0 255
508.521 392.423 0 0 0 255
508.567 392.393 0 0 0 255
510.186 394.918 0 0 0 255
509.377 393.656 0 0 0 255
510.877 393.656 0 0 0 255
510.676 394.406 0 0 0 255
509.377 393.656 0 0 0 255
510.676 394.406 0 0 0 255
510.127 394.955 0 0 0 255
509.377 393.656 0 0 0 255
510.127 394.955 0 0 0 255
509.377 395.156 0 0 0 255
509.377 393.656 0 0 0 255
509.377 395.156 0 0 0 255
508.627 394.955 0 0 0 255
509.377 393.656 0 0 0 255
508.627 394.955 0 0 0 255
508.077 394.406 0 0 0 255
509.377 393.656 0 0 0 255
508.077 394.406 0 0 0 255
507.877 393.656 0 0 0 255
509.377 393.656 0 0 0 255
507.877 393.656 0 0 0 255
508.077 392.906 0 0 0 255
509.377 393.656 0 0 0 255
508.077 392.906 0 0 0 255
508.627 392.357 0 0 0 255
509.377 393.656 0 0 0 255
508.627 392.357 0 0 0 255
509.377 392.156 0 0 0 255
509.377 393.656 0 0 0 255
509.377 392.156 0 0 0 255
510.127 392.357 0 0 0 255
509.377 393.656 0 0 0 255
510.127 392.357 0 0 0 255
510.676 392.906 0 0 0 255
509.377 393.656 0 0 0 255
510.676 392.906 0 0 0 255
510.877 393.656 0 0 0 255
510.185 394.919 0 0 0 255
508.568 392.393 0 0 0 255
510.261 394.871 0 0 0 255
508.568 392.393 0 0 0 255
508.643 392.344 0 0 0 255
510.261 394.871 0 0 0 255
509.452 393.607 0 0 0 255
510.952 393.607 0 0 0 255
510.751 394.357 0 0 0 255
509.452 393.607 0 0 0 255
510.751 394.357 0 0 0 255
510.202 394.906 0 0 0 255
509.452 393.607 0 0 0 255
510.202 394.906 0 0 0 255
509.452 395.107 0 0 0 255
509.452 393.607 0 0 0 255
509.452 395.107 0 0 0 255
508.702 394.906 0 0 0 255
509.452 393.607 0 0 0 255
508.702 394.906 0 0 0 255
508.153 394.357 0 0 0 255
509.452 393.607 0 0 0 255
508.153 394.357 0 0 0 255
507.952 393.607 0 0 0 255
509.452 393.607 0 0 0 255
507.952 393.607 0 0 0 255
508.153 392.857 0 0 0 255
509.452 393.607 0 0 0 255
508.153 392.857 0 0 0 255
508.702 392.308 0 0 0 255
509.452 393.607 0 0 0 255
508.702 392.308 0 0 0 255
509.452 392.107 0 0 0 255
509.452 393.607 0 0 0 255
509.452 392.107 0 0 0 255
510.202 392.308 0 0 0 255
509.452 393.607 0 0 0 255
510.202 392.308 0 0 0 255
510.751 392.857 0 0 0 255
509.452 393.607 0 0 0 255
510.751 392.857 0 0 0 255
510.952 393.607 0 0 0 255
510.261 394.871 0 0 0 255
508.643 392.344 0 0 0 255
510.367 394.803 0 0 0 255
508.643 392.344 0 0 0 255
508.749 392.276 0 0 0 255
510.367 394.803 0 0 0 255
509.558 393.54 0 0 0 255
511.058 393.54 0 0 0 255
510.857 394.29 0 0 0 255
509.558 393.54 0 0 0 255
510.857 394.29 0 0 0 255
510.308 394.839 0 0 0 255
509.558 393.54 0 0 0 255
510.308 394.839 0 0 0 255
509.558 395.04 0 0 0 255
509.558 393.54 0 0 0 255
509.558 395.04 0 0 0 255
508.808 394.839 0 0 0 255
509.558 393.54 0 0 0 255
508.808 394.839 0 0 0 255
508.259 394.29 0 0 0 255
509.558 393.54 0 0 0 255
508.259 394.29 0 0 0 255
508.058 393.54 0 0 0 255
509.558 393.54 0 0 0 255
508.058 393.54 0 0 0 255
508.259 392.79 0 0 0 255
509.558 393.54 0 0 0 255
508.259 392.79 0 0 0 255
508.808 392.241 0 0 0 255
509.558 393.54 0 0 0 255
508.808 392.241 0 0 0 255
509.558 392.04 0 0 0 255
509.558 393.54 0 0 0 255
509.558 392.04 0 0 0 255
510.308 392.241 0 0 0 255
509.558 393.54 0 0 0 255
510.308 392.241 0 0 0 255
510.857 392.79 0 0 0 255
509.558 393.54 0 0 0 255
510.857 392.79 0 0 0 255
511.058 393.54 0 0 0 255
510.367 394.803 0 0 0 255
508.749 392.277 0 0 0 255
510.504 394.715 0 0 0 255
508.749 392.277 0 0 0 255
508.885 392.189 0 0 0 255
510.504 394.715 0 0 0 255
509.694 393.452 0 0 0 255
511.194 393.452 0 0 0 255
510.993 394.202 0 0 0 255
509.694 393.452 0 0 0 255
510.993 394.202 0 0 0 255
510.444 394.751 0 0 0 255
509.694 393.452 0 0 0 255
510.444 394.751 0 0 0 255
509.694 394.952 0 0 0 255
509.694 393.452 0 0 0 255
509.694 394.952 0 0 0 255
508.944 394.751 0 0 0 255
509.694 393.452 0 0 0 255
508.944 394.751 0 0 0 255
508.395 394.202 0 0 0 255
509.694 393.452 0 0 0 255
508.395 394.202 0 0 0 255
508.194 393.452 0 0 0 255
509.694 393.452 0 0 0 255
508.194 393.452 0 0 0 255
508.395 392.702 0 0 0 255
509.694 393.452 0 0 0 255
508.395 392.702 0 0 0 255
508.944 392.153 0 0 0 255
509.694 393.452 0 0 0 255
508.944 392.153 0 0 0 255
509.694 391.952 0 0 0 255
509.694 393.452 0 0 0 255
509.694 391.952 0 0 0 255
510.444 392.153 0 0 0 255
509.694 393.452 0 0 0 255
510.444 392.153 0 0 0 255
510.993 392.702 0 0 0 255
509.694 393.452 0 0 0 255
510.993 392.702 0 0 0 255
511.194 393.452 0 0 0 255
510.504 394.715 0 0 0 255
508.885 392.189 0 0 0 255
510.67 394.609 0 0 0 255
508.885 392.189 0 0 0 255
509.052 392.083 0 0 0 255
510.67 394.609 0 0 0 255
509.861 393.346 0 0 0 255
511.361 393.346 0 0 0 255
511.16 394.096 0 0 0 255
509.861 393.346 0 0 0 255
511.16 394.096 0 0 0 255
510.611 394.645 0 0 0 255
509.861 393.346 0 0 0 255
510.611 394.645 0 0 0 255
509.861 394.846 0 0 0 255
509.861 393.346 0 0 0 255
509.861 394.846 0 0 0 255
509.111 394.645 0 0 0 255
509.861 393.346 0 0 0 255
509.111 394.645 0 0 0 255
508.562 394.096 0 0 0 255
509.861 393.346 0 0 0 255
508.562 394.096 0 0 0 255
508.361 393.346 0 0 0 255
509.861 393.346 0 0 0 255
508.361 393.346 0 0 0 255
508.562 392.596 0 0 0 255
509.861 393.346 0 0 0 255
508.562 392.596 0 0 0 255
509.111 392.047 0 0 0 255
509.861 393.346 0 0 0 255
509.111 392.047 0 0 0 255
509.861 391.846 0 0 0 255
509.861 393.346 0 0 0 255
509.861 391.846 0 0 0 255
510.611 392.047 0 0 0 255
509.861 393.346 0 0 0 255
510.611 392.047 0 0 0 255
511.16 392.596 0 0 0 255
509.861 393.346 0 0 0 255
511.16 392.596 0 0 0 255
511.361 393.346 0 0 0 255
510.656 394.618 0 0 0 255
509.066 392.073 0 0 0 255
510.844 394.5 0 0 0 255
509.066 392.073 0 0 0 255
509.254 391.956 0 0 0 255
510.844 394.5 0 0 0 255
510.049 393.228 0 0 0 255
511.549 393.228 0 0 0 255
511.348 393.978 0 0 0 255
510.049 393.228 0 0 0 255
511.348 393.978 0 0 0 255
510.799 394.527 0 0 0 255
510.049 393.228 0 0 0 255
510.799 394.527 0 0 0 255
510.049 394.728 0 0 0 255
510.049 393.228 0 0 0 255
510.049 394.728 0 0 0 255
509.299 394.527 0 0 0 255
510.049 393.228 0 0 0 255
509.299 394.527 0 0 0 255
508.75 393.978 0 0 0 255
510.049 393.228 0 0 0 255
508.75 393.978 0 0 0 255
508.549 393.228 0 0 0 255
510.049 393.228 0 0 0 255
508.549 393.228 0 0 0 255
508.75 392.478 0 0 0 255
510.049 393.228 0 0 0 255
508.75 392.478 0 0 0 255
509.299 391.929 0 0 0 255
510.049 393.228 0 0 0 255
509.299 391.929 0 0 0 255
510.049 391.728 0 0 0 255
510.049 393.228 0 0 0 255
510.049 391.728 0 0 0 255
510.799 391.929 0 0 0 255
510.049 393.228 0 0 0 255
510.799 391.929 0 0 0 255
511.348 392.478 0 0 0 255
510.049 393.228 0 0 0 255
511.348 392.478 0 0 0 255
511.549 393.228 0 0 0 255
510.817 394.517 0 0 0 255
509.281 391.94 0 0 0 255
511.017 394.397 0 0 0 255
509.281 391.94 0 0 0 255
509.481 391.82 0 0 0 255
511.017 394.397 0 0 0 255
510.249 393.109 0 0 0 255
511.749 393.109 0 0 0 255
511.548 393.859 0 0 0 255
510.249 393.109 0 0 0 255
511.548 393.859 0 0 0 255
510.999 394.408 0 0 0 255
510.249 393.109 0 0 0 255
510.999 394.408 0 0 0 255
510.249 394.609 0 0 0 255
510.249 393.109 0 0 0 255
510.249 394.609 0 0 0 255
509.499 394.408 0 0 0 255
510.249 393.109 0 0 0 255
509.499 394.408 0 0 0 255
508.95 393.859 0 0 0 255
510.249 393.109 0 0 0 255
508.95 393.859 0 0 0 255
508.749 393.109 0 0 0 255
510.249 393.109 0 0 0 255
508.749 393.109 0 0 0 255
508.95 392.359 0 0 0 255
510.249 393.109 0 0 0 255
508.95 392.359 0 0 0 255
509.499 391.81 0 0 0 255
510.249 393.109 0 0 0 255
509.499 391.81 0 0 0 255
510.249 391.609 0 0 0 255
510.249 393.109 0 0 0 255
510.249 391.609 0 0 0 255
510.999 391.81 0 0 0 255
510.249 393.109 0 0 0 255
510.999 391.81 0 0 0 255
511.548 392.359 0 0 0 255
510.249 393.109 0 0 0 255
511.548 392.359 0 0 0 255
511.749 393.109 0 0 0 255
510.992 394.412 0 0 0 255
509.506 391.806 0 0 0 255
511.205 394.29 0 0 0 255
509.506 391.806 0 0 0 255
509.719 391.685 0 0 0 255
511.205 394.29 0 0 0 255
510.462 392.987 0 0 0 255
511.962 392.987 0 0 0 255
511.761 393.737 0 0 0 255
510.462 392.987 0 0 0 255
511.761 393.737 0 0 0 255
511.212 394.286 0 0 0 255
510.462 392.987 0 0 0 255
511.212 394.286 0 0 0 255
510.462 394.487 0 0 0 255
510.462 392.987 0 0 0 255
510.462 394.487 0 0 0 255
509.712 394.286 0 0 0 255
510.462 392.987 0 0 0 255
509.712 394.286 0 0 0 255
509.163 393.737 0 0 0 255
510.462 392.987 0 0 0 255
509.163 393.737 0 0 0 255
508.962 392.987 0 0 0 255
510.462 392.987 0 0 0 255
508.962 392.987 0 0 0 255
509.163 392.237 0 0 0 255
510.462 392.987 0 0 0 255
509.163 392.237 0 0 0 255
509.712 391.688 0 0 0 255
510.462 392.987 0 0 0 255
509.712 391.688 0 0 0 255
510.462 391.487 0 0 0 255
510.462 392.987 0 0 0 255
510.462 391.487 0 0 0 255
511.212 391.688 0 0 0 255
510.462 392.987 0 0 0 255
511.212 391.688 0 0 0 255
511.761 392.237 0 0 0 255
510.462 392.987 0 0 0 255
511.761 392.237 0 0 0 255
511.962 392.987 0 0 0 255
511.183 394.303 0 0 0 255
509.741 391.672 0 0 0 255
511.408 394.18 0 0 0 255
509.741 391.672 0 0 0 255
509.966 391.549 0 0 0 255
511.408 394.18 0 0 0 255
510.687 392.864 0 0 0 255
512.187 392.864 0 0 0 255
511.986 393.614 0 0 0 255
510.687 392.864 0 0 0 255
511.986 393.614 0 0 0 255
511.437 394.163 0 0 0 255
510.687 392.864 0 0 0 255
511.437 394.163 0 0 0 255
510.687 394.364 0 0 0 255
510.687 392.864 0 0 0 255
510.687 394.364 0 0 0 255
509.937 394.163 0 0 0 255
510.687 392.864 0 0 0 255
509.937 394.163 0 0 0 255
509.388 393.614 0 0 0 255
510.687 392.864 0 0 0 255
509.388 393.614 0 0 0 255
509.187 392.864 0 0 0 255
510.687 392.864 0 0 0 255
509.187 392.864 0 0 0 255
509.388 392.114 0 0 0 255
510.687 392.864 0 0 0 255
509.388 392.114 0 0 0 255
509.937 391.565 0 0 0 255
510.687 392.864 0 0 0 255
509.937 391.565 0 0 0 255
510.687 391.364 0 0 0 255
510.687 392.864 0 0 0 255
510.687 391.364 0 0 0 255
511.437 391.565 0 0 0 255
510.687 392.864 0 0 0 255
511.437 391.565 0 0 0 255
511.986 392.114 0 0 0 255
510.687 392.864 0 0 0 255
511.986 392.114 0 0 0 255
512.187 392.864 0 0 0 255
511.387 394.191 0 0 0 255
509.987 391.537 0 0 0 255
511.625 394.065 0 0 0 255
509.987 391.537 0 0 0 255
510.225 391.412 0 0 0 255
511.625 394.065 0 0 0 255
510.925 392.739 0 0 0 255
512.425 392.739 0 0 0 255
512.224 393.489 0 0 0 255
510.925 392.739 0 0 0 255
512.224 393.489 0 0 0 255
511.675 394.038 0 0 0 255
510.925 392.739 0 0 0 255
511.675 394.038 0 0 0 255
510.925 394.239 0 0 0 255
510.925 392.739 0 0 0 255
510.925 394.239 0 0 0 255
510.175 394.038 0 0 0 255
510.925 392.739 0 0 0 255
510.175 394.038 0 0 0 255
509.626 393.489 0 0 0 255
510.925 392.739 0 0 0 255
509.626 393.489 0 0 0 255
509.425 392.739 0 0 0 255
510.925 392.739 0 0 0 255
509.425 392.739 0 0 0 255
509.626 391.989 0 0 0 255
510.925 392.739 0 0 0 255
509.626 391.989 0 0 0 255
510.175 391.44 0 0 0 255
510.925 392.739 0 0 0 255
510.175 391.44 0 0 0 255
510.925 391.239 0 0 0 255
510.925 392.739 0 0 0 255
510.925 391.239 0 0 0 255
511.675 391.44 0 0 0 255
510.925 392.739 0 0 0 255
511.675 391.44 0 0 0 255
512.224 391.989 0 0 0 255
510.925 392.739 0 0 0 255
512.224 391.989 0 0 0 255
512.425 392.739 0 0 0 255
511.606 394.075 0 0 0 255
510.244 391.402 0 0 0 255
511.856 393.948 0 0 0 255
510.244 391.402 0 0 0 255
510.494 391.275 0 0 0 255
511.856 393.948 0 0 0 255
511.175 392.611 0 0 0 255
512.675 392.611 0 0 0 255
512.474 393.361 0 0 0 255
511.175 392.611 0 0 0 255
512.474 393.361 0 0 0 255
511.925 393.91 0 0 0 255
511.175 392.611 0 0 0 255
511.925 393.91 0 0 0 255
511.175 394.111 0 0 0 255
511.175 392.611 0 0 0 255
511.175 394.111 0 0 0 255
510.425 393.91 0 0 0 255
511.175 392.611 0 0 0 255
510.425 393.91 0 0 0 255
509.876 393.361 0 0 0 255
511.175 392.611 0 0 0 255
509.876 393.361 0 0 0 255
509.675 392.611 0 0 0 255
511.175 392.611 0 0 0 255
509.675 392.611 0 0 0 255
509.876 391.861 0 0 0 255
511.175 392.611 0 0 0 255
509.876 391.861 0 0 0 255
510.425 391.312 0 0 0 255
511.175 392.611 0 0 0 255
510.425 391.312 0 0 0 255
511.175 391.111 0 0 0 255
511.175 392.611 0 0 0 255
511.175 391.111 0 0 0 255
511.925 391.312 0 0 0 255
511.175 392.611 0 0 0 255
511.925 391.312 0 0 0 255
512.474 391.861 0 0 0 255
511.175 392.611 0 0 0 255
512.474 391.861 0 0 0 255
512.675 392.611 0 0 0 255
512.003 393.862 0 0 0 255
510.346 391.361 0 0 0 255
512.326 393.648 0 0 0 255
510.346 391.361 0 0 0 255
510.669 391.147 0 0 0 255
512.326 393.648 0 0 0 255
511.498 392.397 0 0 0 255
512.998 392.397 0 0 0 255
512.797 393.147 0 0 0 255
511.498 392.397 0 0 0 255
512.797 393.147 0 0 0 255
512.248 393.696 0 0 0 255
511.498 392.397 0 0 0 255
512.248 393.696 0 0 0 255
511.498 393.897 0 0 0 255
511.498 392.397 0 0 0 255
511.498 393.897 0 0 0 255
510.748 393.696 0 0 0 255
511.498 392.397 0 0 0 255
510.748 393.696 0 0 0 255
510.199 393.147 0 0 0 255
511.498 392.397 0 0 0 255
510.199 393.147 0 0 0 255
509.998 392.397 0 0 0 255
511.498 392.397 0 0 0 255
509.998 392.397 0 0 0 255
510.199 391.647 0 0 0 255
511.498 392.397 0 0 0 255
510.199 391.647 0 0 0 255
510.748 391.098 0 0 0 255
511.498 392.397 0 0 0 255
510.748 391.098 0 0 0 255
511.498 390.897 0 0 0 255
511.498 392.397 0 0 0 255
511.498 390.897 0 0 0 255
512.248 391.098 0 0 0 255
511.498 392.397 0 0 0 255
512.248 391.098 0 0 0 255
512.797 391.647 0 0 0 255
511.498 392.397 0 0 0 255
512.797 391.647 0 0 0 255
512.998 392.397 0 0 0 255
512.465 393.544 0 0 0 255
510.53 391.251 0 0 0 255
512.921 393.159 0 0 0 255
510.53 391.251 0 0 0 255
510.987 390.866 0 0 0 255
512.921 393.159 0 0 0 255
511.954 392.012 0 0 0 255
513.454 392.012 0 0 0 255
513.253 392.762 0 0 0 255
511.954 392.012 0 0 0 255
513.253 392.762 0 0 0 255
512.704 393.311 0 0 0 255
511.954 392.012 0 0 0 255
512.704 393.311 0 0 0 255
511.954 393.512 0 0 0 255
511.954 392.012 0 0 0 255
511.954 393.512 0 0 0 255
511.204 393.311 0 0 0 255
511.954 392.012 0 0 0 255
511.204 393.311 0 0 0 255
510.655 392.762 0 0 0 255
511.954 392.012 0 0 0 255
510.655 392.762 0 0 0 255
510.454 392.012 0 0 0 255
511.954 392.012 0 0 0 255
510.454 392.012 0 0 0 255
510.655 391.262 0 0 0 255
511.954 392.012 0 0 0 255
510.655 391.262 0 0 0 255
511.204 390.713 0 0 0 255
511.954 392.012 0 0 0 255
511.204 390.713 0 0 0 255
511.954 390.512 0 0 0 255
511.954 392.012 0 0 0 255
511.954 390.512 0 0 0 255
512.704 390.713 0 0 0 255
511.954 392.012 0 0 0 255
512.704 390.713 0 0 0 255
513.253 391.262 0 0 0 255
511.954 392.012 0 0 0 255
513.253 391.262 0 0 0 255
513.454 392.012 0 0 0 255
512.983 393.104 0 0 0 255
510.925 390.921 0 0 0 255
513.573 392.548 0 0 0 255
510.925 390.921 0 0 0 255
511.515 390.365 0 0 0 255
513.573 392.548 0 0 0 255
512.544 391.456 0 0 0 255
514.044 391.456 0 0 0 255
513.843 392.206 0 0 0 255
512.544 391.456 0 0 0 255
513.843 392.206 0 0 0 255
513.294 392.756 0 0 0 255
512.544 391.456 0 0 0 255
513.294 392.756 0 0 0 255
512.544 392.956 0 0 0 255
512.544 391.456 0 0 0 255
512.544 392.956 0 0 0 255
511.794 392.756 0 0 0 255
512.544 391.456 0 0 0 255
511.794 392.756 0 0 0 255
511.245 392.206 0 0 0 255
512.544 391.456 0 0 0 255
511.245 392.206 0 0 0 255
511.044 391.456 0 0 0 255
512.544 391.456 0 0 0 255
511.044 391.456 0 0 0 255
511.245 390.706 0 0 0 255
512.544 391.456 0 0 0 255
511.245 390.706 0 0 0 255
511.794 390.157 0 0 0 255
512.544 391.456 0 0 0 255
511.794 390.157 0 0 0 255
512.544 389.956 0 0 0 255
512.544 391.456 0 0 0 255
512.544 389.956 0 0 0 255
513.294 390.157 0 0 0 255
512.544 391.456 0 0 0 255
513.294 390.157 0 0 0 255
513.843 390.706 0 0 0 255
512.544 391.456 0 0 0 255
513.843 390.706 0 0 0 255
514.044 391.456 0 0 0 255
513.607 392.514 0 0 0 255
511.481 390.399 0 0 0 255
514.331 391.787 0 0 0 255
511.481 390.399 0 0 0 255
512.204 389.671 0 0 0 255
514.331 391.787 0 0 0 255
513.267 390.729 0 0 0 255
514.767 390.729 0 0 0 255
514.566 391.479 0 0 0 255
513.267 390.729 0 0 0 255
514.566 391.479 0 0 0 255
514.017 392.028 0 0 0 255
513.267 390.729 0 0 0 255
514.017 392.028 0 0 0 255
513.267 392.229 0 0 0 255
513.267 390.729 0 0 0 255
513.267 392.229 0 0 0 255
512.517 392.028 0 0 0 255
513.267 390.729 0 0 0 255
512.517 392.028 0 0 0 255
511.968 391.479 0 0 0 255
513.267 390.729 0 0 0 255
511.968 391.479 0 0 0 255
511.767 390.729 0 0 0 255
513.267 390.729 0 0 0 255
511.767 390.729 0 0 0 255
511.968 389.979 0 0 0 255
513.267 390.729 0 0 0 255
511.968 389.979 0 0 0 255
512.517 389.43 0 0 0 255
513.267 390.729 0 0 0 255
512.517 389.43 0 0 0 255
513.267 389.229 0 0 0 255
513.267 390.729 0 0 0 255
513.267 389.229 0 0 0 255
514.017 389.43 0 0 0 255
513.267 390.729 0 0 0 255
514.017 389.43 0 0 0 255
514.566 389.979 0 0 0 255
513.267 390.729 0 0 0 255
514.566 389.979 0 0 0 255
514.767 390.729 0 0 0 255
514.353 391.765 0 0 0 255
512.182 389.694 0 0 0 255
515.209 390.867 0 0 0 255
512.182 389.694 0 0 0 255
513.039 388.796 0 0 0 255
515.209 390.867 0 0 0 255
514.124 389.831 0 0 0 255
515.624 389.831 0 0 0 255
515.423 390.581 0 0 0 255
514.124 389.831 0 0 0 255
515.423 390.581 0 0 0 255
514.874 391.13 0 0 0 255
514.124 389.831 0 0 0 255
514.874 391.13 0 0 0 255
514.124 391.331 0 0 0 255
514.124 389.831 0 0 0 255
514.124 391.331 0 0 0 255
513.374 391.13 0 0 0 255
514.124 389.831 0 0 0 255
513.374 391.13 0 0 0 255
512.825 390.581 0 0 0 255
514.124 389.831 0 0 0 255
512.825 390.581 0 0 0 255
512.624 389.831 0 0 0 255
514.124 389.831 0 0 0 255
512.624 389.831 0 0 0 255
512.825 389.081 0 0 0 255
514.124 389.831 0 0 0 255
512.825 389.081 0 0 0 255
513.374 388.532 0 0 0 255
514.124 389.831 0 0 0 255
513.374 388.532 0 0 0 255
514.124 388.331 0 0 0 255
514.124 389.831 0 0 0 255
514.124 388.331 0 0 0 255
514.874 388.532 0 0 0 255
514.124 389.831 0 0 0 255
514.874 388.532 0 0 0 255
515.423 389.081 0 0 0 255
514.124 389.831 0 0 0 255
515.423 389.081 0 0 0 255
515.624 389.831 0 0 0 255
515.225 390.851 0 0 0 255
513.024 388.812 0 0 0 255
516.215 389.781 0 0 0 255
513.024 388.812 0 0 0 255
514.014 387.743 0 0 0 255
516.215 389.781 0 0 0 255
515.115 388.762 0 0 0 255
516.615 388.762 0 0 0 255
516.414 389.512 0 0 0 255
515.115 388.762 0 0 0 255
516.414 389.512 0 0 0 255
515.865 390.061 0 0 0 255
515.115 388.762 0 0 0 255
515.865 390.061 0 0 0 255
515.115 390.262 0 0 0 255
515.115 388.762 0 0 0 255
515.115 390.262 0 0 0 255
514.365 390.061 0 0 0 255
515.115 388.762 0 0 0 255
514.365 390.061 0 0 0 255
513.815 389.512 0 0 0 255
515.115 388.762 0 0 0 255
513.815 389.512 0 0 0 255
513.615 388.762 0 0 0 255
515.115 388.762 0 0 0 255
513.615 388.762 0 0 0 255
513.815 388.012 0 0 0 255
515.115 388.762 0 0 0 255
513.815 388.012 0 0 0 255
514.365 387.463 0 0 0 255
515.115 388.762 0 0 0 255
514.365 387.463 0 0 0 255
515.115 387.262 0 0 0 255
515.115 388.762 0 0 0 255
515.115 387.262 0 0 0 255
515.865 387.463 0 0 0 255
515.115 388.762 0 0 0 255
515.865 387.463 0 0 0 255
516.414 388.012 0 0 0 255
515.115 388.762 0 0 0 255
516.414 388.012 0 0 0 255
516.615 388.762 0 0 0 255
516.23 389.765 0 0 0 255
513.999 387.759 0 0 0 255
517.289 388.588 0 0 0 255
513.999 387.759 0 0 0 255
515.058 386.582 0 0 0 255
517.289 388.588 0 0 0 255
516.173 387.585 0 0 0 255
517.673 387.585 0 0 0 255
517.472 388.335 0 0 0 255
516.173 387.585 0 0 0 255
517.472 388.335 0 0 0 255
516.923 388.884 0 0 0 255
516.173 387.585 0 0 0 255
516.923 388.884 0 0 0 255
516.173 389.085 0 0 0 255
516.173 387.585 0 0 0 255
516.173 389.085 0 0 0 255
515.423 388.884 0 0 0 255
516.173 387.585 0 0 0 255
515.423 388.884 0 0 0 255
514.874 388.335 0 0 0 255
516.173 387.585 0 0 0 255
514.874 388.335 0 0 0 255
514.673 387.585 0 0 0 255
516.173 387.585 0 0 0 255
514.673 387.585 0 0 0 255
514.874 386.835 0 0 0 255
516.173 387.585 0 0 0 255
514.874 386.835 0 0 0 255
515.423 386.286 0 0 0 255
516.173 387.585 0 0 0 255
515.423 386.286 0 0 0 255
516.173 386.085 0 0 0 255
516.173 387.585 0 0 0 255
516.173 386.085 0 0 0 255
516.923 386.286 0 0 0 255
516.173 387.585 0 0 0 255
516.923 386.286 0 0 0 255
517.472 386.835 0 0 0 255
516.173 387.585 0 0 0 255
517.472 386.835 0 0 0 255
517.673 387.585 0 0 0 255
517.306 388.569 0 0 0 255
515.041 386.601 0 0 0 255
518.368 387.346 0 0 0 255
515.041 386.601 0 0 0 255
516.104 385.378 0 0 0 255
518.368 387.346 0 0 0 255
517.236 386.362 0 0 0 255
518.736 386.362 0 0 0 255
518.535 387.112 0 0 0 255
517.236 386.362 0 0 0 255
518.535 387.112 0 0 0 255
517.986 387.661 0 0 0 255
517.236 386.362 0 0 0 255
517.986 387.661 0 0 0 255
517.236 387.862 0 0 0 255
517.236 386.362 0 0 0 255
517.236 387.862 0 0 0 255
516.486 387.661 0 0 0 255
517.236 386.362 0 0 0 255
516.486 387.661 0 0 0 255
515.937 387.112 0 0 0 255
517.236 386.362 0 0 0 255
515.937 387.112 0 0 0 255
515.736 386.362 0 0 0 255
517.236 386.362 0 0 0 255
515.736 386.362 0 0 0 255
515.937 385.612 0 0 0 255
517.236 386.362 0 0 0 255
515.937 385.612 0 0 0 255
516.486 385.063 0 0 0 255
517.236 386.362 0 0 0 255
516.486 385.063 0 0 0 255
517.236 384.862 0 0 0 255
517.236 386.362 0 0 0 255
517.236 384.862 0 0 0 255
517.986 385.063 0 0 0 255
517.236 386.362 0 0 0 255
517.986 385.063 0 0 0 255
518.535 385.612 0 0 0 255
517.236 386.362 0 0 0 255
518.535 385.612 0 0 0 255
518.736 386.362 0 0 0 255
518.384 387.327 0 0 0 255
516.088 385.397 0 0 0 255
519.45 386.06 0 0 0 255
516.088 385.397 0 0 0 255
517.154 384.129 0 0 0 255
519.45 386.06 0 0 0 255
518.302 385.094 0 0 0 255
519.802 385.094 0 0 0 255
519.601 385.844 0 0 0 255
518.302 385.094 0 0 0 255
519.601 385.844 0 0 0 255
519.052 386.393 0 0 0 255
518.302 385.094 0 0 0 255
519.052 386.393 0 0 0 255
518.302 386.594 0 0 0 255
518.302 385.094 0 0 0 255
518.302 386.594 0 0 0 255
517.552 386.393 0 0 0 255
518.302 385.094 0 0 0 255
517.552 386.393 0 0 0 255
517.003 385.844 0 0 0 255
518.302 385.094 0 0 0 255
517.003 385.844 0 0 0 255
516.802 385.094 0 0 0 255
518.302 385.094 0 0 0 255
516.802 385.094 0 0 0 255
517.003 384.344 0 0 0 255
518.302 385.094 0 0 0 255
517.003 384.344 0 0 0 255
517.552 383.795 0 0 0 255
518.302 385.094 0 0 0 255
517.552 383.795 0 0 0 255
518.302 383.594 0 0 0 255
518.302 385.094 0 0 0 255
518.302 383.594 0 0 0 255
519.052 383.795 0 0 0 255
518.302 385.094 0 0 0 255
519.052 383.795 0 0 0 255
519.601 384.344 0 0 0 255
518.302 385.094 0 0 0 255
519.601 384.344 0 0 0 255
519.802 385.094 0 0 0 255
519.465 386.041 0 0 0 255
517.139 384.147 0 0 0 255
520.535 384.728 0 0 0 255
517.139 384.147 0 0 0 255
518.208 382.834 0 0 0 255
520.535 384.728 0 0 0 255
519.371 383.781 0 0 0 255
520.871 383.781 0 0 0 255
520.67 384.531 0 0 0 255
519.371 383.781 0 0 0 255
520.67 384.531 0 0 0 255
520.121 385.08 0 0 0 255
519.371 383.781 0 0 0 255
520.121 385.08 0 0 0 255
519.371 385.281 0 0 0 255
519.371 383.781 0 0 0 255
519.371 385.281 0 0 0 255
518.621 385.08 0 0 0 255
519.371 383.781 0 0 0 255
518.621 385.08 0 0 0 255
518.072 384.531 0 0 0 255
519.371 383.781 0 0 0 255
518.072 384.531 0 0 0 255
517.871 383.781 0 0 0 255
519.371 383.781 0 0 0 255
517.871 383.781 0 0 0 255
518.072 383.031 0 0 0 255
519.371 383.781 0 0 0 255
518.072 383.031 0 0 0 255
518.621 382.482 0 0 0 255
519.371 383.781 0 0 0 255
518.621 382.482 0 0 0 255
519.371 382.281 0 0 0 255
519.371 383.781 0 0 0 255
519.371 382.281 0 0 0 255
520.121 382.482 0 0 0 255
519.371 383.781 0 0 0 255
520.121 382.482 0 0 0 255
520.67 383.031 0 0 0 255
519.371 383.781 0 0 0 255
520.67 383.031 0 0 0 255
520.871 383.781 0 0 0 255
520.549 384.711 0 0 0 255
518.194 382.851 0 0 0 255
521.622 383.352 0 0 0 255
518.194 382.851 0 0 0 255
519.268 381.492 0 0 0 255
521.622 383.352 0 0 0 255
520.445 382.422 0 0 0 255
521.945 382.422 0 0 0 255
521.744 383.172 0 0 0 255
520.445 382.422 0 0 0 255
521.744 383.172 0 0 0 255
521.195 383.721 0 0 0 255
520.445 382.422 0 0 0 255
521.195 383.721 0 0 0 255
520.445 383.922 0 0 0 255
520.445 382.422 0 0 0 255
520.445 383.922 0 0 0 255
519.695 383.721 0 0 0 255
520.445 382.422 0 0 0 255
519.695 383.721 0 0 0 255
519.146 383.172 0 0 0 255
520.445 382.422 0 0 0 255
519.146 383.172 0 0 0 255
518.945 382.422 0 0 0 255
520.445 382.422 0 0 0 255
518.945 382.422 0 0 0 255
519.146 381.672 0 0 0 255
520.445 382.422 0 0 0 255
519.146 381.672 0 0 0 255
519.695 381.123 0 0 0 255
520.445 382.422 0 0 0 255
519.695 381.123 0 0 0 255
520.445 380.922 0 0 0 255
520.445 382.422 0 0 0 255
520.445 380.922 0 0 0 255
521.195 381.123 0 0 0 255
520.445 382.422 0 0 0 255
521.195 381.123 0 0 0 255
521.744 381.672 0 0 0 255
520.445 382.422 0 0 0 255
521.744 381.672 0 0 0 255
521.945 382.422 0 0 0 255
521.635 383.335 0 0 0 255
519.254 381.509 0 0 0 255
522.712 381.931 0 0 0 255
519.254 381.509 0 0 0 255
520.331 380.105 0 0 0 255
522.712 381.931 0 0 0 255
521.521 381.018 0 0 0 255
523.021 381.018 0 0 0 255
522.82 381.768 0 0 0 255
521.521 381.018 0 0 0 255
522.82 381.768 0 0 0 255
522.271 382.317 0 0 0 255
521.521 381.018 0 0 0 255
522.271 382.317 0 0 0 255
521.521 382.518 0 0 0 255
521.521 381.018 0 0 0 255
521.521 382.518 0 0 0 255
520.771 382.317 0 0 0 255
521.521 381.018 0 0 0 255
520.771 382.317 0 0 0 255
520.222 381.768 0 0 0 255
521.521 381.018 0 0 0 255
520.222 381.768 0 0 0 255
520.021 381.018 0 0 0 255
521.521 381.018 0 0 0 255
520.021 381.018 0 0 0 255
520.222 380.268 0 0 0 255
521.521 381.018 0 0 0 255
520.222 380.268 0 0 0 255
520.771 379.719 0 0 0 255
521.521 381.018 0 0 0 255
520.771 379.719 0 0 0 255
521.521 379.518 0 0 0 255
521.521 381.018 0 0 0 255
521.521 379.518 0 0 0 255
522.271 379.719 0 0 0 255
521.521 381.018 0 0 0 255
522.271 379.719 0 0 0 255
522.82 380.268 0 0 0 255
521.521 381.018 0 0 0 255
522.82 380.268 0 0 0 255
523.021 381.018 0 0 0 255
522.703 381.943 0 0 0 255
520.34 380.094 0 0 0 255
523.824 380.509 0 0 0 255
520.34 380.094 0 0 0 255
521.461 378.661 0 0 0 255
523.824 380.509 0 0 0 255
522.643 379.585 0 0 0 255
524.143 379.585 0 0 0 255
523.942 380.335 0 0 0 255
522.643 379.585 0 0 0 255
523.942 380.335 0 0 0 255
523.393 380.884 0 0 0 255
522.643 379.585 0 0 0 255
523.393 380.884 0 0 0 255
522.643 381.085 0 0 0 255
522.643 379.585 0 0 0 255
522.643 381.085 0 0 0 255
521.893 380.884 0 0 0 255
522.643 379.585 0 0 0 255
521.893 380.884 0 0 0 255
521.344 380.335 0 0 0 255
522.643 379.585 0 0 0 255
521.344 380.335 0 0 0 255
521.143 379.585 0 0 0 255
522.643 379.585 0 0 0 255
521.143 379.585 0 0 0 255
521.344 378.835 0 0 0 255
522.643 379.585 0 0 0 255
521.344 378.835 0 0 0 255
521.893 378.286 0 0 0 255
522.643 379.585 0 0 0 255
521.893 378.286 0 0 0 255
522.643 378.085 0 0 0 255
522.643 379.585 0 0 0 255
522.643 378.085 0 0 0 255
523.393 378.286 0 0 0 255
522.643 379.585 0 0 0 255
523.393 378.286 0 0 0 255
523.942 378.835 0 0 0 255
522.643 379.585 0 0 0 255
523.942 378.835 0 0 0 255
524.143 379.585 0 0 0 255
523.795 380.546 0 0 0 255
521.491 378.624 0 0 0 255
525.001 379.098 0 0 0 255
521.491 378.624 0 0 0 255
522.697 377.177 0 0 0 255
525.001 379.098 0 0 0 255
523.849 378.138 0 0 0 255
525.349 378.138 0 0 0 255
525.148 378.888 0 0 0 255
523.849 378.138 0 0 0 255
525.148 378.888 0 0 0 255
524.599 379.437 0 0 0 255
523.849 378.138 0 0 0 255
524.599 379.437 0 0 0 255
523.849 379.638 0 0 0 255
523.849 378.138 0 0 0 255
523.849 379.638 0 0 0 255
523.099 379.437 0 0 0 255
523.849 378.138 0 0 0 255
523.099 379.437 0 0 0 255
522.55 378.888 0 0 0 255
523.849 378.138 0 0 0 255
522.55 378.888 0 0 0 255
522.349 378.138 0 0 0 255
523.849 378.138 0 0 0 255
522.349 378.138 0 0 0 255
522.55 377.388 0 0 0 255
523.849 378.138 0 0 0 255
522.55 377.388 0 0 0 255
523.099 376.839 0 0 0 255
523.849 378.138 0 0 0 255
523.099 376.839 0 0 0 255
523.849 376.638 0 0 0 255
523.849 378.138 0 0 0 255
523.849 376.638 0 0 0 255
524.599 376.839 0 0 0 255
523.849 378.138 0 0 0 255
524.599 376.839 0 0 0 255
525.148 377.388 0 0 0 255
523.849 378.138 0 0 0 255
525.148 377.388 0 0 0 255
525.349 378.138 0 0 0 255
524.973 379.132 0 0 0 255
522.726 377.144 0 0 0 255
526.265 377.671 0 0 0 255
522.726 377.144 0 0 0 255
524.018 375.683 0 0 0 255
526.265 377.671 0 0 0 255
525.141 376.677 0 0 0 255
526.641 376.677 0 0 0 255
526.44 377.427 0 0 0 255
525.141 376.677 0 0 0 255
526.44 377.427 0 0 0 255
525.891 377.976 0 0 0 255
525.141 376.677 0 0 0 255
525.891 377.976 0 0 0 255
525.141 378.177 0 0 0 255
525.141 376.677 0 0 0 255
525.141 378.177 0 0 0 255
524.391 377.976 0 0 0 255
525.141 376.677 0 0 0 255
524.391 377.976 0 0 0 255
523.842 377.427 0 0 0 255
525.141 376.677 0 0 0 255
523.842 377.427 0 0 0 255
523.641 376.677 0 0 0 255
525.141 376.677 0 0 0 255
523.641 376.677 0 0 0 255
523.842 375.927 0 0 0 255
525.141 376.677 0 0 0 255
523.842 375.927 0 0 0 255
524.391 375.378 0 0 0 255
525.141 376.677 0 0 0 255
524.391 375.378 0 0 0 255
525.141 375.177 0 0 0 255
525.141 376.677 0 0 0 255
525.141 375.177 0 0 0 255
525.891 375.378 0 0 0 255
525.141 376.677 0 0 0 255
525.891 375.378 0 0 0 255
526.44 375.927 0 0 0 255
525.141 376.677 0 0 0 255
526.44 375.927 0 0 0 255
526.641 376.677 0 0 0 255
526.237 377.701 0 0 0 255
524.045 375.653 0 0 0 255
527.615 376.227 0 0 0 255
524.045 375.653 0 0 0 255
525.423 374.179 0 0 0 255
527.615 376.227 0 0 0 255
526.519 375.203 0 0 0 255
528.019 375.203 0 0 0 255
527.818 375.953 0 0 0 255
526.519 375.203 0 0 0 255
527.818 375.953 0 0 0 255
527.269 376.502 0 0 0 255
526.519 375.203 0 0 0 255
527.269 376.502 0 0 0 255
526.519 376.703 0 0 0 255
526.519 375.203 0 0 0 255
526.519 376.703 0 0 0 255
525.769 376.502 0 0 0 255
526.519 375.203 0 0 0 255
525.769 376.502 0 0 0 255
525.22 375.953 0 0 0 255
526.519 375.203 0 0 0 255
525.22 375.953 0 0 0 255
525.019 375.203 0 0 0 255
526.519 375.203 0 0 0 255
525.019 375.203 0 0 0 255
525.22 374.453 0 0 0 255
526.519 375.203 0 0 0 255
525.22 374.453 0 0 0 255
525.769 373.904 0 0 0 255
526.519 375.203 0 0 0 255
525.769 373.904 0 0 0 255
526.519 373.703 0 0 0 255
526.519 375.203 0 0 0 255
526.519 373.703 0 0 0 255
527.269 373.904 0 0 0 255
526.519 375.203 0 0 0 255
527.269 373.904 0 0 0 255
527.818 374.453 0 0 0 255
526.519 375.203 0 0 0 255
527.818 374.453 0 0 0 255
528.019 375.203 0 0 0 255
527.589 376.254 0 0 0 255
525.449 374.151 0 0 0 255
529.051 374.767 0 0 0 255
525.449 374.151 0 0 0 255
526.912 372.663 0 0 0 255
529.051 374.767 0 0 0 255
527.982 373.715 0 0 0 255
529.482 373.715 0 0 0 255
529.281 374.465 0 0 0 255
527.982 373.715 0 0 0 255
529.281 374.465 0 0 0 255
528.732 375.014 0 0 0 255
527.982 373.715 0 0 0 255
528.732 375.014 0 0 0 255
527.982 375.215 0 0 0 255
527.982 373.715 0 0 0 255
527.982 375.215 0 0 0 255
527.232 375.014 0 0 0 255
527.982 373.715 0 0 0 255
527.232 375.014 0 0 0 255
526.683 374.465 0 0 0 255
527.982 373.715 0 0 0 255
526.683 374.465 0 0 0 255
526.482 373.715 0 0 0 255
527.982 373.715 0 0 0 255
526.482 373.715 0 0 0 255
526.683 372.965 0 0 0 255
527.982 373.715 0 0 0 255
526.683 372.965 0 0 0 255
527.232 372.416 0 0 0 255
527.982 373.715 0 0 0 255
527.232 372.416 0 0 0 255
527.982 372.215 0 0 0 255
527.982 373.715 0 0 0 255
527.982 372.215 0 0 0 255
528.732 372.416 0 0 0 255
527.982 373.715 0 0 0 255
528.732 372.416 0 0 0 255
529.281 372.965 0 0 0 255
527.982 373.715 0 0 0 255
529.281 372.965 0 0 0 255
529.482 373.715 0 0 0 255
529.026 374.792 0 0 0 255
526.938 372.638 0 0 0 255
530.574 373.29 0 0 0 255
526.938 372.638 0 0 0 255
528.486 371.137 0 0 0 255
530.574 373.29 0 0 0 255
529.53 372.213 0 0 0 255
531.03 372.213 0 0 0 255
530.829 372.963 0 0 0 255
529.53 372.213 0 0 0 255
530.829 372.963 0 0 0 255
530.28 373.513 0 0 0 255
529.53 372.213 0 0 0 255
530.28 373.513 0 0 0 255
529.53 373.713 0 0 0 255
529.53 372.213 0 0 0 255
529.53 373.713 0 0 0 255
528.78 373.513 0 0 0 255
529.53 372.213 0 0 0 255
528.78 373.513 0 0 0 255
528.231 372.963 0 0 0 255
529.53 372.213 0 0 0 255
528.231 372.963 0 0 0 255
528.03 372.213 0 0 0 255
529.53 372.213 0 0 0 255
528.03 372.213 0 0 0 255
528.231 371.463 0 0 0 255
529.53 372.213 0 0 0 255
528.231 371.463 0 0 0 255
528.78 370.914 0 0 0 255
529.53 372.213 0 0 0 255
528.78 370.914 0 0 0 255
529.53 370.713 0 0 0 255
529.53 372.213 0 0 0 255
529.53 370.713 0 0 0 255
530.28 370.914 0 0 0 255
529.53 372.213 0 0 0 255
530.28 370.914 0 0 0 255
530.829 371.463 0 0 0 255
529.53 372.213 0 0 0 255
530.829 371.463 0 0 0 255
531.03 372.213 0 0 0 255
530.547 373.317 0 0 0 255
528.514 371.11 0 0 0 255
532.184 371.808 0 0 0 255
528.514 371.11 0 0 0 255
530.152 369.601 0 0 0 255
532.184 371.808 0 0 0 255
531.168 370.705 0 0 0 255
532.668 370.705 0 0 0 255
532.467 371.455 0 0 0 255
531.168 370.705 0 0 0 255
532.467 371.455 0 0 0 255
531.918 372.004 0 0 0 255
531.168 370.705 0 0 0 255
531.918 372.004 0 0 0 255
531.168 372.205 0 0 0 255
531.168 370.705 0 0 0 255
531.168 372.205 0 0 0 255
530.418 372.004 0 0 0 255
531.168 370.705 0 0 0 255
530.418 372.004 0 0 0 255
529.869 371.455 0 0 0 255
531.168 370.705 0 0 0 255
529.869 371.455 0 0 0 255
529.668 370.705 0 0 0 255
531.168 370.705 0 0 0 255
529.668 370.705 0 0 0 255
529.869 369.955 0 0 0 255
531.168 370.705 0 0 0 255
529.869 369.955 0 0 0 255
530.418 369.406 0 0 0 255
531.168 370.705 0 0 0 255
530.418 369.406 0 0 0 255
531.168 369.205 0 0 0 255
531.168 370.705 0 0 0 255
531.168 369.205 0 0 0 255
531.918 369.406 0 0 0 255
531.168 370.705 0 0 0 255
531.918 369.406 0 0 0 255
532.467 369.955 0 0 0 255
531.168 370.705 0 0 0 255
532.467 369.955 0 0 0 255
532.668 370.705 0 0 0 255
532.154 371.835 0 0 0 255
530.182 369.574 0 0 0 255
533.885 370.325 0 0 0 255
530.182 369.574 0 0 0 255
531.913 368.064 0 0 0 255
533.885 370.325 0 0 0 255
532.899 369.195 0 0 0 255
534.399 369.195 0 0 0 255
534.198 369.945 0 0 0 255
532.899 369.195 0 0 0 255
534.198 369.945 0 0 0 255
533.649 370.494 0 0 0 255
532.899 369.195 0 0 0 255
533.649 370.494 0 0 0 255
532.899 370.695 0 0 0 255
532.899 369.195 0 0 0 255
532.899 370.695 0 0 0 255
532.149 370.494 0 0 0 255
532.899 369.195 0 0 0 255
532.149 370.494 0 0 0 255
531.6 369.945 0 0 0 255
532.899 369.195 0 0 0 255
531.6 369.945 0 0 0 255
531.399 369.195 0 0 0 255
532.899 369.195 0 0 0 255
531.399 369.195 0 0 0 255
531.6 368.445 0 0 0 255
532.899 369.195 0 0 0 255
531.6 368.445 0 0 0 255
532.149 367.896 0 0 0 255
532.899 369.195 0 0 0 255
532.149 367.896 0 0 0 255
532.899 367.695 0 0 0 255
532.899 369.195 0 0 0 255
532.899 367.695 0 0 0 255
533.649 367.896 0 0 0 255
532.899 369.195 0 0 0 255
533.649 367.896 0 0 0 255
534.198 368.445 0 0 0 255
532.899 369.195 0 0 0 255
534.198 368.445 0 0 0 255
534.399 369.195 0 0 0 255
533.856 370.35 0 0 0 255
531.943 368.039 0 0 0 255
535.681 368.839 0 0 0 255
531.943 368.039 0 0 0 255
533.767 366.528 0 0 0 255
535.681 368.839 0 0 0 255
534.724 367.684 0 0 0 255
536.224 367.684 0 0 0 255
536.023 368.434 0 0 0 255
534.724 367.684 0 0 0 255
536.023 368.434 0 0 0 255
535.474 368.983 0 0 0 255
534.724 367.684 0 0 0 255
535.474 368.983 0 0 0 255
534.724 369.184 0 0 0 255
534.724 367.684 0 0 0 255
534.724 369.184 0 0 0 255
533.974 368.983 0 0 0 255
534.724 367.684 0 0 0 255
533.974 368.983 0 0 0 255
533.425 368.434 0 0 0 255
534.724 367.684 0 0 0 255
533.425 368.434 0 0 0 255
533.224 367.684 0 0 0 255
534.724 367.684 0 0 0 255
533.224 367.684 0 0 0 255
533.425 366.934 0 0 0 255
534.724 367.684 0 0 0 255
533.425 366.934 0 0 0 255
533.974 366.385 0 0 0 255
534.724 367.684 0 0 0 255
533.974 366.385 0 0 0 255
534.724 366.184 0 0 0 255
534.724 367.684 0 0 0 255
534.724 366.184 0 0 0 255
535.474 366.385 0 0 0 255
534.724 367.684 0 0 0 255
535.474 366.385 0 0 0 255
536.023 366.934 0 0 0 255
534.724 367.684 0 0 0 255
536.023 366.934 0 0 0 255
536.224 367.684 0 0 0 255
535.653 368.862 0 0 0 255
533.795 366.506 0 0 0 255
537.571 367.35 0 0 0 255
533.795 366.506 0 0 0 255
535.714 364.993 0 0 0 255
537.571 367.35 0 0 0 255
536.642 366.171 0 0 0 255
538.142 366.171 0 0 0 255
537.941 366.921 0 0 0 255
536.642 366.171 0 0 0 255
537.941 366.921 0 0 0 255
537.392 367.471 0 0 0 255
536.642 366.171 0 0 0 255
537.392 367.471 0 0 0 255
536.642 367.671 0 0 0 255
536.642 366.171 0 0 0 255
536.642 367.671 0 0 0 255
535.892 367.471 0 0 0 255
536.642 366.171 0 0 0 255
535.892 367.471 0 0 0 255
535.343 366.921 0 0 0 255
536.642 366.171 0 0 0 255
535.343 366.921 0 0 0 255
535.142 366.171 0 0 0 255
536.642 366.171 0 0 0 255
535.142 366.171 0 0 0 255
535.343 365.421 0 0 0 255
536.642 366.171 0 0 0 255
535.343 365.421 0 0 0 255
535.892 364.872 0 0 0 255
536.642 366.171 0 0 0 255
535.892 364.872 0 0 0 255
536.642 364.671 0 0 0 255
536.642 366.171 0 0 0 255
536.642 364.671 0 0 0 255
537.392 364.872 0 0 0 255
536.642 366.171 0 0 0 255
537.392 364.872 0 0 0 255
537.941 365.421 0 0 0 255
536.642 366.171 0 0 0 255
537.941 365.421 0 0 0 255
538.142 366.171 0 0 0 255
537.544 367.37 0 0 0 255
535.741 364.973 0 0 0 255
539.556 365.857 0 0 0 255
535.741 364.973 0 0 0 255
537.752 363.46 0 0 0 255
539.556 365.857 0 0 0 255
538.654 364.658 0 0 0 255
540.154 364.658 0 0 0 255
539.953 365.408 0 0 0 255
538.654 364.658 0 0 0 255
539.953 365.408 0 0 0 255
539.404 365.957 0 0 0 255
538.654 364.658 0 0 0 255
539.404 365.957 0 0 0 255
538.654 366.158 0 0 0 255
538.654 364.658 0 0 0 255
538.654 366.158 0 0 0 255
537.904 365.957 0 0 0 255
538.654 364.658 0 0 0 255
537.904 365.957 0 0 0 255
537.355 365.408 0 0 0 255
538.654 364.658 0 0 0 255
537.355 365.408 0 0 0 255
537.154 364.658 0 0 0 255
538.654 364.658 0 0 0 255
537.154 364.658 0 0 0 255
537.355 363.908 0 0 0 255
538.654 364.658 0 0 0 255
537.355 363.908 0 0 0 255
537.904 363.359 0 0 0 255
538.654 364.658 0 0 0 255
537.904 363.359 0 0 0 255
538.654 363.158 0 0 0 255
538.654 364.658 0 0 0 255
538.654 363.158 0 0 0 255
539.404 363.359 0 0 0 255
538.654 364.658 0 0 0 255
539.404 363.359 0 0 0 255
539.953 363.908 0 0 0 255
538.654 364.658 0 0 0 255
539.953 363.908 0 0 0 255
540.154 364.658 0 0 0 255
539.53 365.876 0 0 0 255
537.778 363.441 0 0 0 255
541.635 364.362 0 0 0 255
537.778 363.441 0 0 0 255
539.884 361.926 0 0 0 255
541.635 364.362 0 0 0 255
540.759 363.144 0 0 0 255
542.259 363.144 0 0 0 255
542.058 363.894 0 0 0 255
540.759 363.144 0 0 0 255
542.058 363.894 0 0 0 255
541.509 364.443 0 0 0 255
540.759 363.144 0 0 0 255
541.509 364.443 0 0 0 255
540.759 364.644 0 0 0 255
540.759 363.144 0 0 0 255
540.759 364.644 0 0 0 255
540.009 364.443 0 0 0 255
540.759 363.144 0 0 0 255
540.009 364.443 0 0 0 255
539.46 363.894 0 0 0 255
540.759 363.144 0 0 0 255
539.46 363.894 0 0 0 255
539.259 363.144 0 0 0 255
540.759 363.144 0 0 0 255
539.259 363.144 0 0 0 255
539.46 362.394 0 0 0 255
540.759 363.144 0 0 0 255
539.46 362.394 0 0 0 255
540.009 361.845 0 0 0 255
540.759 363.144 0 0 0 255
540.009 361.845 0 0 0 255
540.759 361.644 0 0 0 255
540.759 363.144 0 0 0 255
540.759 361.644 0 0 0 255
541.509 361.845 0 0 0 255
540.759 363.144 0 0 0 255
541.509 361.845 0 0 0 255
542.058 362.394 0 0 0 255
540.759 363.144 0 0 0 255
542.058 362.394 0 0 0 255
542.259 363.144 0 0 0 255
541.614 364.377 0 0 0 255
539.905 361.911 0 0 0 255
543.833 362.838 0 0 0 255
539.905 361.911 0 0 0 255
542.123 360.373 0 0 0 255
543.833 362.838 0 0 0 255
542.978 361.605 0 0 0 255
544.478 361.605 0 0 0 255
544.277 362.355 0 0 0 255
542.978 361.605 0 0 0 255
544.277 362.355 0 0 0 255
543.728 362.904 0 0 0 255
542.978 361.605 0 0 0 255
543.728 362.904 0 0 0 255
542.978 363.105 0 0 0 255
542.978 361.605 0 0 0 255
542.978 363.105 0 0 0 255
542.228 362.904 0 0 0 255
542.978 361.605 0 0 0 255
542.228 362.904 0 0 0 255
541.679 362.355 0 0 0 255
542.978 361.605 0 0 0 255
541.679 362.355 0 0 0 255
541.478 361.605 0 0 0 255
542.978 361.605 0 0 0 255
541.478 361.605 0 0 0 255
541.679 360.855 0 0 0 255
542.978 361.605 0 0 0 255
541.679 360.855 0 0 0 255
542.228 360.306 0 0 0 255
542.978 361.605 0 0 0 255
542.228 360.306 0 0 0 255
542.978 360.105 0 0 0 255
542.978 361.605 0 0 0 255
542.978 360.105 0 0 0 255
543.728 360.306 0 0 0 255
542.978 361.605 0 0 0 255
543.728 360.306 0 0 0 255
544.277 360.855 0 0 0 255
542.978 361.605 0 0 0 255
544.277 360.855 0 0 0 255
544.478 361.605 0 0 0 255
543.817 362.849 0 0 0 255
542.139 360.362 0 0 0 255
546.167 361.263 0 0 0 255
542.139 360.362 0 0 0 255
544.489 358.776 0 0 0 255
546.167 361.263 0 0 0 255
545.328 360.02 0 0 0 255
546.828 360.02 0 0 0 255
546.627 360.77 0 0 0 255
545.328 360.02 0 0 0 255
546.627 360.77 0 0 0 255
546.078 361.319 0 0 0 255
545.328 360.02 0 0 0 255
546.078 361.319 0 0 0 255
545.328 361.52 0 0 0 255
545.328 360.02 0 0 0 255
545.328 361.52 0 0 0 255
544.578 361.319 0 0 0 255
545.328 360.02 0 0 0 255
544.578 361.319 0 0 0 255
544.029 360.77 0 0 0 255
545.328 360.02 0 0 0 255
544.029 360.77 0 0 0 255
543.828 360.02 0 0 0 255
545.328 360.02 0 0 0 255
543.828 360.02 0 0 0 255
544.029 359.27 0 0 0 255
545.328 360.02 0 0 0 255
544.029 359.27 0 0 0 255
544.578 358.721 0 0 0 255
545.328 360.02 0 0 0 255
544.578 358.721 0 0 0 255
545.328 358.52 0 0 0 255
545.328 360.02 0 0 0 255
545.328 358.52 0 0 0 255
546.078 358.721 0 0 0 255
545.328 360.02 0 0 0 255
546.078 358.721 0 0 0 255
546.627 359.27 0 0 0 255
545.328 360.02 0 0 0 255
546.627 359.27 0 0 0 255
546.828 360.02 0 0 0 255
546.152 361.273 0 0 0 255
544.504 358.766 0 0 0 255
548.635 359.64 0 0 0 255
544.504 358.766 0 0 0 255
546.986 357.133 0 0 0 255
548.635 359.64 0 0 0 255
547.811 358.386 0 0 0 255
549.311 358.386 0 0 0 255
549.11 359.136 0 0 0 255
547.811 358.386 0 0 0 255
549.11 359.136 0 0 0 255
548.561 359.685 0 0 0 255
547.811 358.386 0 0 0 255
548.561 359.685 0 0 0 255
547.811 359.886 0 0 0 255
547.811 358.386 0 0 0 255
547.811 359.886 0 0 0 255
547.061 359.685 0 0 0 255
547.811 358.386 0 0 0 255
547.061 359.685 0 0 0 255
546.512 359.136 0 0 0 255
547.811 358.386 0 0 0 255
546.512 359.136 0 0 0 255
546.311 358.386 0 0 0 255
547.811 358.386 0 0 0 255
546.311 358.386 0 0 0 255
546.512 357.636 0 0 0 255
547.811 358.386 0 0 0 255
546.512 357.636 0 0 0 255
547.061 357.087 0 0 0 255
547.811 358.386 0 0 0 255
547.061 357.087 0 0 0 255
547.811 356.886 0 0 0 255
547.811 358.386 0 0 0 255
547.811 356.886 0 0 0 255
548.561 357.087 0 0 0 255
547.811 358.386 0 0 0 255
548.561 357.087 0 0 0 255
549.11 357.636 0 0 0 255
547.811 358.386 0 0 0 255
549.11 357.636 0 0 0 255
549.311 358.386 0 0 0 255
548.622 359.648 0 0 0 255
547 357.125 0 0 0 255
551.237 357.968 0 0 0 255
547 357.125 0 0 0 255
549.615 355.444 0 0 0 255
551.237 357.968 0 0 0 255
550.426 356.706 0 0 0 255
551.926 356.706 0 0 0 255
551.725 357.456 0 0 0 255
550.426 356.706 0 0 0 255
551.725 357.456 0 0 0 255
551.176 358.005 0 0 0 255
550.426 356.706 0 0 0 255
551.176 358.005 0 0 0 255
550.426 358.206 0 0 0 255
550.426 356.706 0 0 0 255
550.426 358.206 0 0 0 255
549.676 358.005 0 0 0 255
550.426 356.706 0 0 0 255
549.676 358.005 0 0 0 255
549.127 357.456 0 0 0 255
550.426 356.706 0 0 0 255
549.127 357.456 0 0 0 255
548.926 356.706 0 0 0 255
550.426 356.706 0 0 0 255
548.926 356.706 0 0 0 255
549.127 355.956 0 0 0 255
550.426 356.706 0 0 0 255
549.127 355.956 0 0 0 255
549.676 355.407 0 0 0 255
550.426 356.706 0 0 0 255
549.676 355.407 0 0 0 255
550.426 355.206 0 0 0 255
550.426 356.706 0 0 0 255
550.426 355.206 0 0 0 255
551.176 355.407 0 0 0 255
550.426 356.706 0 0 0 255
551.176 355.407 0 0 0 255
551.725 355.956 0 0 0 255
550.426 356.706 0 0 0 255
551.725 355.956 0 0 0 255
551.926 356.706 0 0 0 255
551.224 357.976 0 0 0 255
549.627 355.436 0 0 0 255
553.971 356.248 0 0 0 255
549.627 355.436 0 0 0 255
552.374 353.708 0 0 0 255
553.971 356.248 0 0 0 255
553.173 354.978 0 0 0 255
554.673 354.978 0 0 0 255
554.472 355.728 0 0 0 255
553.173 354.978 0 0 0 255
554.472 355.728 0 0 0 255
553.923 356.277 0 0 0 255
553.173 354.978 0 0 0 255
553.923 356.277 0 0 0 255
553.173 356.478 0 0 0 255
553.173 354.978 0 0 0 255
553.173 356.478 0 0 0 255
552.423 356.277 0 0 0 255
553.173 354.978 0 0 0 255
552.423 356.277 0 0 0 255
551.874 355.728 0 0 0 255
553.173 354.978 0 0 0 255
551.874 355.728 0 0 0 255
551.673 354.978 0 0 0 255
553.173 354.978 0 0 0 255
551.673 354.978 0 0 0 255
551.874 354.228 0 0 0 255
553.173 354.978 0 0 0 255
551.874 354.228 0 0 0 255
552.423 353.679 0 0 0 255
553.173 354.978 0 0 0 255
552.423 353.679 0 0 0 255
553.173 353.478 0 0 0 255
553.173 354.978 0 0 0 255
553.173 353.478 0 0 0 255
553.923 353.679 0 0 0 255
553.173 354.978 0 0 0 255
553.923 353.679 0 0 0 255
554.472 354.228 0 0 0 255
553.173 354.978 0 0 0 255
554.472 354.228 0 0 0 255
554.673 354.978 0 0 0 255
553.96 356.255 0 0 0 255
552.386 353.701 0 0 0 255
556.839 354.48 0 0 0 255
552.386 353.701 0 0 0 255
555.265 351.926 0 0 0 255
556.839 354.48 0 0 0 255
556.052 353.203 0 0 0 255
557.552 353.203 0 0 0 255
557.351 353.953 0 0 0 255
556.052 353.203 0 0 0 255
557.351 353.953 0 0 0 255
556.802 354.502 0 0 0 255
556.052 353.203 0 0 0 255
556.802 354.502 0 0 0 255
556.052 354.703 0 0 0 255
556.052 353.203 0 0 0 255
556.052 354.703 0 0 0 255
555.302 354.502 0 0 0 255
556.052 353.203 0 0 0 255
555.302 354.502 0 0 0 255
554.753 353.953 0 0 0 255
556.052 353.203 0 0 0 255
554.753 353.953 0 0 0 255
554.552 353.203 0 0 0 255
556.052 353.203 0 0 0 255
554.552 353.203 0 0 0 255
554.753 352.453 0 0 0 255
556.052 353.203 0 0 0 255
554.753 352.453 0 0 0 255
555.302 351.904 0 0 0 255
556.052 353.203 0 0 0 255
555.302 351.904 0 0 0 255
556.052 351.703 0 0 0 255
556.052 353.203 0 0 0 255
556.052 351.703 0 0 0 255
556.802 351.904 0 0 0 255
556.052 353.203 0 0 0 255
556.802 351.904 0 0 0 255
557.351 352.453 0 0 0 255
556.052 353.203 0 0 0 255
557.351 352.453 0 0 0 255
557.552 353.203 0 0 0 255
556.827 354.487 0 0 0 255
555.277 351.919 0 0 0 255
559.803 352.691 0 0 0 255
555.277 351.919 0 0 0 255
558.252 350.122 0 0 0 255
559.803 352.691 0 0 0 255
559.028 351.407 0 0 0 255
560.528 351.407 0 0 0 255
560.327 352.157 0 0 0 255
559.028 351.407 0 0 0 255
560.327 352.157 0 0 0 255
559.778 352.706 0 0 0 255
559.028 351.407 0 0 0 255
559.778 352.706 0 0 0 255
559.028 352.907 0 0 0 255
559.028 351.407 0 0 0 255
559.028 352.907 0 0 0 255
558.278 352.706 0 0 0 255
559.028 351.407 0 0 0 255
558.278 352.706 0 0 0 255
557.729 352.157 0 0 0 255
559.028 351.407 0 0 0 255
557.729 352.157 0 0 0 255
557.528 351.407 0 0 0 255
559.028 351.407 0 0 0 255
557.528 351.407 0 0 0 255
557.729 350.657 0 0 0 255
559.028 351.407 0 0 0 255
557.729 350.657 0 0 0 255
558.278 350.107 0 0 0 255
559.028 351.407 0 0 0 255
558.278 350.107 0 0 0 255
559.028 349.907 0 0 0 255
559.028 351.407 0 0 0 255
559.028 349.907 0 0 0 255
559.778 350.107 0 0 0 255
559.028 351.407 0 0 0 255
559.778 350.107 0 0 0 255
560.327 350.657 0 0 0 255
559.028 351.407 0 0 0 255
560.327 350.657 0 0 0 255
560.528 351.407 0 0 0 255
559.79 352.698 0 0 0 255
558.265 350.115 0 0 0 255
562.826 350.907 0 0 0 255
558.265 350.115 0 0 0 255
561.301 348.323 0 0 0 255
562.826 350.907 0 0 0 255
562.063 349.615 0 0 0 255
563.563 349.615 0 0 0 255
563.362 350.365 0 0 0 255
562.063 349.615 0 0 0 255
563.362 350.365 0 0 0 255
562.813 350.914 0 0 0 255
562.063 349.615 0 0 0 255
562.813 350.914 0 0 0 255
562.063 351.115 0 0 0 255
562.063 349.615 0 0 0 255
562.063 351.115 0 0 0 255
561.313 350.914 0 0 0 255
562.063 349.615 0 0 0 255
561.313 350.914 0 0 0 255
560.764 350.365 0 0 0 255
562.063 349.615 0 0 0 255
560.764 350.365 0 0 0 255
560.563 349.615 0 0 0 255
562.063 349.615 0 0 0 255
560.563 349.615 0 0 0 255
560.764 348.865 0 0 0 255
562.063 349.615 0 0 0 255
560.764 348.865 0 0 0 255
561.313 348.316 0 0 0 255
562.063 349.615 0 0 0 255
561.313 348.316 0 0 0 255
562.063 348.115 0 0 0 255
562.063 349.615 0 0 0 255
562.063 348.115 0 0 0 255
562.813 348.316 0 0 0 255
562.063 349.615 0 0 0 255
562.813 348.316 0 0 0 255
563.362 348.865 0 0 0 255
562.063 349.615 0 0 0 255
563.362 348.865 0 0 0 255
563.563 349.615 0 0 0 255
562.813 350.914 0 0 0 255
561.314 348.316 0 0 0 255
565.909 349.128 0 0 0 255
561.314 348.316 0 0 0 255
564.41 346.529 0 0 0 255
565.909 349.128 0 0 0 255
565.159 347.829 0 0 0 255
566.659 347.829 0 0 0 255
566.458 348.579 0 0 0 255
565.159 347.829 0 0 0 255
566.458 348.579 0 0 0 255
565.909 349.128 0 0 0 255
565.159 347.829 0 0 0 255
565.909 349.128 0 0 0 255
565.159 349.329 0 0 0 255
565.159 347.829 0 0 0 255
565.159 349.329 0 0 0 255
564.409 349.128 0 0 0 255
565.159 347.829 0 0 0 255
564.409 349.128 0 0 0 255
563.86 348.579 0 0 0 255
565.159 347.829 0 0 0 255
563.86 348.579 0 0 0 255
563.659 347.829 0 0 0 255
565.159 347.829 0 0 0 255
563.659 347.829 0 0 0 255
563.86 347.079 0 0 0 255
565.159 347.829 0 0 0 255
563.86 347.079 0 0 0 255
564.409 346.53 0 0 0 255
565.159 347.829 0 0 0 255
564.409 346.53 0 0 0 255
565.159 346.329 0 0 0 255
565.159 347.829 0 0 0 255
565.159 346.329 0 0 0 255
565.909 346.53 0 0 0 255
565.159 347.829 0 0 0 255
565.909 346.53 0 0 0 255
566.458 347.079 0 0 0 255
565.159 347.829 0 0 0 255
566.458 347.079 0 0 0 255
566.659 347.829 0 0 0 255
565.897 349.135 0 0 0 255
564.422 346.522 0 0 0 255
569.053 347.353 0 0 0 255
564.422 346.522 0 0 0 255
567.578 344.741 0 0 0 255
569.053 347.353 0 0 0 255
568.316 346.047 0 0 0 255
569.816 346.047 0 0 0 255
569.615 346.797 0 0 0 255
568.316 346.047 0 0 0 255
569.615 346.797 0 0 0 255
569.066 347.346 0 0 0 255
568.316 346.047 0 0 0 255
569.066 347.346 0 0 0 255
568.316 347.547 0 0 0 255
568.316 346.047 0 0 0 255
568.316 347.547 0 0 0 255
567.566 347.346 0 0 0 255
568.316 346.047 0 0 0 255
567.566 347.346 0 0 0 255
567.017 346.797 0 0 0 255
568.316 346.047 0 0 0 255
567.017 346.797 0 0 0 255
566.816 346.047 0 0 0 255
568.316 346.047 0 0 0 255
566.816 346.047 0 0 0 255
567.017 345.297 0 0 0 255
568.316 346.047 0 0 0 255
567.017 345.297 0 0 0 255
567.566 344.748 0 0 0 255
568.316 346.047 0 0 0 255
567.566 344.748 0 0 0 255
568.316 344.547 0 0 0 255
568.316 346.047 0 0 0 255
568.316 344.547 0 0 0 255
569.066 344.748 0 0 0 255
568.316 346.047 0 0 0 255
569.066 344.748 0 0 0 255
569.615 345.297 0 0 0 255
568.316 346.047 0 0 0 255
569.615 345.297 0 0 0 255
569.816 346.047 0 0 0 255
569.041 347.36 0 0 0 255
567.59 344.734 0 0 0 255
572.257 345.583 0 0 0 255
567.59 344.734 0 0 0 255
570.807 342.957 0 0 0 255
572.257 345.583 0 0 0 255
571.532 344.27 0 0 0 255
573.032 344.27 0 0 0 255
572.831 345.02 0 0 0 255
571.532 344.27 0 0 0 255
572.831 345.02 0 0 0 255
572.282 345.569 0 0 0 255
571.532 344.27 0 0 0 255
572.282 345.569 0 0 0 255
571.532 345.77 0 0 0 255
571.532 344.27 0 0 0 255
571.532 345.77 0 0 0 255
570.782 345.569 0 0 0 255
571.532 344.27 0 0 0 255
570.782 345.569 0 0 0 255
570.233 345.02 0 0 0 255
571.532 344.27 0 0 0 255
570.233 345.02 0 0 0 255
570.032 344.27 0 0 0 255
571.532 344.27 0 0 0 255
570.032 344.27 0 0 0 255
570.233 343.52 0 0 0 255
571.532 344.27 0 0 0 255
570.233 343.52 0 0 0 255
570.782 342.971 0 0 0 255
571.532 344.27 0 0 0 255
570.782 342.971 0 0 0 255
571.532 342.77 0 0 0 255
571.532 344.27 0 0 0 255
571.532 342.77 0 0 0 255
572.282 342.971 0 0 0 255
571.532 344.27 0 0 0 255
572.282 342.971 0 0 0 255
572.831 343.52 0 0 0 255
571.532 344.27 0 0 0 255
572.831 343.52 0 0 0 255
573.032 344.27 0 0 0 255
572.245 345.59 0 0 0 255
570.819 342.951 0 0 0 255
575.522 343.818 0 0 0 255
570.819 342.951 0 0 0 255
574.095 341.179 0 0 0 255
575.522 343.818 0 0 0 255
574.808 342.499 0 0 0 255
576.308 342.499 0 0 0 255
576.107 343.249 0 0 0 255
574.808 342.499 0 0 0 255
576.107 343.249 0 0 0 255
575.558 343.798 0 0 0 255
574.808 342.499 0 0 0 255
575.558 343.798 0 0 0 255
574.808 343.999 0 0 0 255
574.808 342.499 0 0 0 255
574.808 343.999 0 0 0 255
574.058 343.798 0 0 0 255
574.808 342.499 0 0 0 255
574.058 343.798 0 0 0 255
573.509 343.249 0 0 0 255
574.808 342.499 0 0 0 255
573.509 343.249 0 0 0 255
573.308 342.499 0 0 0 255
574.808 342.499 0 0 0 255
573.308 342.499 0 0 0 255
573.509 341.749 0 0 0 255
574.808 342.499 0 0 0 255
573.509 341.749 0 0 0 255
574.058 341.2 0 0 0 255
574.808 342.499 0 0 0 255
574.058 341.2 0 0 0 255
574.808 340.999 0 0 0 255
574.808 342.499 0 0 0 255
574.808 340.999 0 0 0 255
575.558 341.2 0 0 0 255
574.808 342.499 0 0 0 255
575.558 341.2 0 0 0 255
576.107 341.749 0 0 0 255
574.808 342.499 0 0 0 255
576.107 341.749 0 0 0 255
576.308 342.499 0 0 0 255
575.51 343.825 0 0 0 255
574.107 341.173 0 0 0 255
578.772 342.098 0 0 0 255
574.107 341.173 0 0 0 255
577.369 339.447 0 0 0 255
578.772 342.098 0 0 0 255
578.071 340.773 0 0 0 255
579.571 340.773 0 0 0 255
579.37 341.523 0 0 0 255
578.071 340.773 0 0 0 255
579.37 341.523 0 0 0 255
578.821 342.072 0 0 0 255
578.071 340.773 0 0 0 255
578.821 342.072 0 0 0 255
578.071 342.273 0 0 0 255
578.071 340.773 0 0 0 255
578.071 342.273 0 0 0 255
577.321 342.072 0 0 0 255
578.071 340.773 0 0 0 255
577.321 342.072 0 0 0 255
576.772 341.523 0 0 0 255
578.071 340.773 0 0 0 255
576.772 341.523 0 0 0 255
576.571 340.773 0 0 0 255
578.071 340.773 0 0 0 255
576.571 340.773 0 0 0 255
576.772 340.023 0 0 0 255
578.071 340.773 0 0 0 255
576.772 340.023 0 0 0 255
577.321 339.473 0 0 0 255
578.071 340.773 0 0 0 255
577.321 339.473 0 0 0 255
578.071 339.273 0 0 0 255
578.071 340.773 0 0 0 255
578.071 339.273 0 0 0 255
578.821 339.473 0 0 0 255
578.071 340.773 0 0 0 255
578.821 339.473 0 0 0 255
579.37 340.023 0 0 0 255
578.071 340.773 0 0 0 255
579.37 340.023 0 0 0 255
579.571 340.773 0 0 0 255
578.759 342.105 0 0 0 255
577.382 339.44 0 0 0 255
581.932 340.465 0 0 0 255
577.382 339.44 0 0 0 255
580.555 337.8 0 0 0 255
581.932 340.465 0 0 0 255
581.244 339.132 0 0 0 255
582.744 339.132 0 0 0 255
582.543 339.882 0 0 0 255
581.244 339.132 0 0 0 255
582.543 339.882 0 0 0 255
581.994 340.431 0 0 0 255
581.244 339.132 0 0 0 255
581.994 340.431 0 0 0 255
581.244 340.632 0 0 0 255
581.244 339.132 0 0 0 255
581.244 340.632 0 0 0 255
580.494 340.431 0 0 0 255
581.244 339.132 0 0 0 255
580.494 340.431 0 0 0 255
579.945 339.882 0 0 0 255
581.244 339.132 0 0 0 255
579.945 339.882 0 0 0 255
579.744 339.132 0 0 0 255
581.244 339.132 0 0 0 255
579.744 339.132 0 0 0 255
579.945 338.382 0 0 0 255
581.244 339.132 0 0 0 255
579.945 338.382 0 0 0 255
580.494 337.833 0 0 0 255
581.244 339.132 0 0 0 255
580.494 337.833 0 0 0 255
581.244 337.632 0 0 0 255
581.244 339.132 0 0 0 255
581.244 337.632 0 0 0 255
581.994 337.833 0 0 0 255
581.244 339.132 0 0 0 255
581.994 337.833 0 0 0 255
582.543 338.382 0 0 0 255
581.244 339.132 0 0 0 255
582.543 338.382 0 0 0 255
582.744 339.132 0 0 0 255
581.919 340.472 0 0 0 255
580.568 337.793 0 0 0 255
585.003 338.917 0 0 0 255
580.568 337.793 0 0 0 255
583.652 336.238 0 0 0 255
585.003 338.917 0 0 0 255
584.328 337.578 0 0 0 255
585.828 337.578 0 0 0 255
585.627 338.328 0 0 0 255
584.328 337.578 0 0 0 255
585.627 338.328 0 0 0 255
585.078 338.877 0 0 0 255
584.328 337.578 0 0 0 255
585.078 338.877 0 0 0 255
584.328 339.078 0 0 0 255
584.328 337.578 0 0 0 255
584.328 339.078 0 0 0 255
583.578 338.877 0 0 0 255
584.328 337.578 0 0 0 255
583.578 338.877 0 0 0 255
583.029 338.328 0 0 0 255
584.328 337.578 0 0 0 255
583.029 338.328 0 0 0 255
582.828 337.578 0 0 0 255
584.328 337.578 0 0 0 255
582.828 337.578 0 0 0 255
583.029 336.828 0 0 0 255
584.328 337.578 0 0 0 255
583.029 336.828 0 0 0 255
583.578 336.279 0 0 0 255
584.328 337.578 0 0 0 255
583.578 336.279 0 0 0 255
584.328 336.078 0 0 0 255
584.328 337.578 0 0 0 255
584.328 336.078 0 0 0 255
585.078 336.279 0 0 0 255
584.328 337.578 0 0 0 255
585.078 336.279 0 0 0 255
585.627 336.828 0 0 0 255
584.328 337.578 0 0 0 255
585.627 336.828 0 0 0 255
585.828 337.578 0 0 0 255
584.988 338.924 0 0 0 255
583.667 336.231 0 0 0 255
587.983 337.456 0 0 0 255
583.667 336.231 0 0 0 255
586.662 334.762 0 0 0 255
587.983 337.456 0 0 0 255
587.323 336.109 0 0 0 255
588.823 336.109 0 0 0 255
588.622 336.859 0 0 0 255
587.323 336.109 0 0 0 255
588.622 336.859 0 0 0 255
588.073 337.408 0 0 0 255
587.323 336.109 0 0 0 255
588.073 337.408 0 0 0 255
587.323 337.609 0 0 0 255
587.323 336.109 0 0 0 255
587.323 337.609 0 0 0 255
586.573 337.408 0 0 0 255
587.323 336.109 0 0 0 255
586.573 337.408 0 0 0 255
586.023 336.859 0 0 0 255
587.323 336.109 0 0 0 255
586.023 336.859 0 0 0 255
585.823 336.109 0 0 0 255
587.323 336.109 0 0 0 255
585.823 336.109 0 0 0 255
586.023 335.359 0 0 0 255
587.323 336.109 0 0 0 255
586.023 335.359 0 0 0 255
586.573 334.81 0 0 0 255
587.323 336.109 0 0 0 255
586.573 334.81 0 0 0 255
587.323 334.609 0 0 0 255
587.323 336.109 0 0 0 255
587.323 334.609 0 0 0 255
588.073 334.81 0 0 0 255
587.323 336.109 0 0 0 255
588.073 334.81 0 0 0 255
588.622 335.359 0 0 0 255
587.323 336.109 0 0 0 255
588.622 335.359 0 0 0 255
588.823 336.109 0 0 0 255
587.967 337.464 0 0 0 255
586.678 334.755 0 0 0 255
590.873 336.081 0 0 0 255
586.678 334.755 0 0 0 255
589.584 333.372 0 0 0 255
590.873 336.081 0 0 0 255
590.228 334.726 0 0 0 255
591.728 334.726 0 0 0 255
591.527 335.476 0 0 0 255
590.228 334.726 0 0 0 255
591.527 335.476 0 0 0 255
590.978 336.025 0 0 0 255
590.228 334.726 0 0 0 255
590.978 336.025 0 0 0 255
590.228 336.226 0 0 0 255
590.228 334.726 0 0 0 255
590.228 336.226 0 0 0 255
589.478 336.025 0 0 0 255
590.228 334.726 0 0 0 255
589.478 336.025 0 0 0 255
588.929 335.476 0 0 0 255
590.228 334.726 0 0 0 255
588.929 335.476 0 0 0 255
588.728 334.726 0 0 0 255
590.228 334.726 0 0 0 255
588.728 334.726 0 0 0 255
588.929 333.976 0 0 0 255
590.228 334.726 0 0 0 255
588.929 333.976 0 0 0 255
589.478 333.427 0 0 0 255
590.228 334.726 0 0 0 255
589.478 333.427 0 0 0 255
590.228 333.226 0 0 0 255
590.228 334.726 0 0 0 255
590.228 333.226 0 0 0 255
590.978 333.427 0 0 0 255
590.228 334.726 0 0 0 255
590.978 333.427 0 0 0 255
591.527 333.976 0 0 0 255
590.228 334.726 0 0 0 255
591.527 333.976 0 0 0 255
591.728 334.726 0 0 0 255
590.856 336.089 0 0 0 255
589.601 333.364 0 0 0 255
593.672 334.792 0 0 0 255
589.601 333.364 0 0 0 255
592.418 332.067 0 0 0 255
593.672 334.792 0 0 0 255
593.045 333.429 0 0 0 255
594.545 333.429 0 0 0 255
594.344 334.179 0 0 0 255
593.045 333.429 0 0 0 255
594.344 334.179 0 0 0 255
593.795 334.728 0 0 0 255
593.045 333.429 0 0 0 255
593.795 334.728 0 0 0 255
593.045 334.929 0 0 0 255
593.045 333.429 0 0 0 255
593.045 334.929 0 0 0 255
592.295 334.728 0 0 0 255
593.045 333.429 0 0 0 255
592.295 334.728 0 0 0 255
591.746 334.179 0 0 0 255
593.045 333.429 0 0 0 255
591.746 334.179 0 0 0 255
591.545 333.429 0 0 0 255
593.045 333.429 0 0 0 255
591.545 333.429 0 0 0 255
591.746 332.679 0 0 0 255
593.045 333.429 0 0 0 255
591.746 332.679 0 0 0 255
592.295 332.13 0 0 0 255
593.045 333.429 0 0 0 255
592.295 332.13 0 0 0 255
593.045 331.929 0 0 0 255
593.045 333.429 0 0 0 255
593.045 331.929 0 0 0 255
593.795 332.13 0 0 0 255
593.045 333.429 0 0 0 255
593.795 332.13 0 0 0 255
594.344 332.679 0 0 0 255
593.045 333.429 0 0 0 255
594.344 332.679 0 0 0 255
594.545 333.429 0 0 0 255
593.667 334.794 0 0 0 255
592.423 332.065 0 0 0 255
596.378 333.559 0 0 0 255
592.423 332.065 0 0 0 255
595.134 330.829 0 0 0 255
596.378 333.559 0 0 0 255
595.756 332.194 0 0 0 255
597.256 332.194 0 0 0 255
597.055 332.944 0 0 0 255
595.756 332.194 0 0 0 255
597.055 332.944 0 0 0 255
596.506 333.493 0 0 0 255
595.756 332.194 0 0 0 255
596.506 333.493 0 0 0 255
595.756 333.694 0 0 0 255
595.756 332.194 0 0 0 255
595.756 333.694 0 0 0 255
595.006 333.493 0 0 0 255
595.756 332.194 0 0 0 255
595.006 333.493 0 0 0 255
594.457 332.944 0 0 0 255
595.756 332.194 0 0 0 255
594.457 332.944 0 0 0 255
594.256 332.194 0 0 0 255
595.756 332.194 0 0 0 255
594.256 332.194 0 0 0 255
594.457 331.444 0 0 0 255
595.756 332.194 0 0 0 255
594.457 331.444 0 0 0 255
595.006 330.895 0 0 0 255
595.756 332.194 0 0 0 255
595.006 330.895 0 0 0 255
595.756 330.694 0 0 0 255
595.756 332.194 0 0 0 255
595.756 330.694 0 0 0 255
596.506 330.895 0 0 0 255
595.756 332.194 0 0 0 255
596.506 330.895 0 0 0 255
597.055 331.444 0 0 0 255
595.756 332.194 0 0 0 255
597.055 331.444 0 0 0 255
597.256 332.194 0 0 0 255
596.386 333.555 0 0 0 255
595.126 330.833 0 0 0 255
598.974 332.357 0 0 0 255
595.126 330.833 0 0 0 255
597.714 329.634 0 0 0 255
598.974 332.357 0 0 0 255
598.344 330.996 0 0 0 255
599.844 330.996 0 0 0 255
599.643 331.746 0 0 0 255
598.344 330.996 0 0 0 255
599.643 331.746 0 0 0 255
599.094 332.295 0 0 0 255
598.344 330.996 0 0 0 255
599.094 332.295 0 0 0 255
598.344 332.496 0 0 0 255
598.344 330.996 0 0 0 255
598.344 332.496 0 0 0 255
597.594 332.295 0 0 0 255
598.344 330.996 0 0 0 255
597.594 332.295 0 0 0 255
597.045 331.746 0 0 0 255
598.344 330.996 0 0 0 255
597.045 331.746 0 0 0 255
596.844 330.996 0 0 0 255
598.344 330.996 0 0 0 255
596.844 330.996 0 0 0 255
597.045 330.246 0 0 0 255
598.344 330.996 0 0 0 255
597.045 330.246 0 0 0 255
597.594 329.697 0 0 0 255
598.344 330.996 0 0 0 255
597.594 329.697 0 0 0 255
598.344 329.496 0 0 0 255
598.344 330.996 0 0 0 255
598.344 329.496 0 0 0 255
599.094 329.697 0 0 0 255
598.344 330.996 0 0 0 255
599.094 329.697 0 0 0 255
599.643 330.246 0 0 0 255
598.344 330.996 0 0 0 255
599.643 330.246 0 0 0 255
599.844 330.996 0 0 0 255
598.983 332.353 0 0 0 255
597.705 329.639 0 0 0 255
601.449 331.191 0 0 0 255
597.705 329.639 0 0 0 255
600.17 328.477 0 0 0 255
601.449 331.191 0 0 0 255
600.81 329.834 0 0 0 255
602.31 329.834 0 0 0 255
602.109 330.584 0 0 0 255
600.81 329.834 0 0 0 255
602.109 330.584 0 0 0 255
601.56 331.133 0 0 0 255
600.81 329.834 0 0 0 255
601.56 331.133 0 0 0 255
600.81 331.334 0 0 0 255
600.81 329.834 0 0 0 255
600.81 331.334 0 0 0 255
600.06 331.133 0 0 0 255
600.81 329.834 0 0 0 255
600.06 331.133 0 0 0 255
599.511 330.584 0 0 0 255
600.81 329.834 0 0 0 255
599.511 330.584 0 0 0 255
599.31 329.834 0 0 0 255
600.81 329.834 0 0 0 255
599.31 329.834 0 0 0 255
599.511 329.084 0 0 0 255
600.81 329.834 0 0 0 255
599.511 329.084 0 0 0 255
600.06 328.535 0 0 0 255
600.81 329.834 0 0 0 255
600.06 328.535 0 0 0 255
600.81 328.334 0 0 0 255
600.81 329.834 0 0 0 255
600.81 328.334 0 0 0 255
601.56 328.535 0 0 0 255
600.81 329.834 0 0 0 255
601.56 328.535 0 0 0 255
602.109 329.084 0 0 0 255
600.81 329.834 0 0 0 255
602.109 329.084 0 0 0 255
602.31 329.834 0 0 0 255
601.459 331.186 0 0 0 255
600.161 328.482 0 0 0 255
603.802 330.062 0 0 0 255
600.161 328.482 0 0 0 255
602.503 327.357 0 0 0 255
603.802 330.062 0 0 0 255
603.152 328.71 0 0 0 255
604.652 328.71 0 0 0 255
604.451 329.46 0 0 0 255
603.152 328.71 0 0 0 255
604.451 329.46 0 0 0 255
603.902 330.009 0 0 0 255
603.152 328.71 0 0 0 255
603.902 330.009 0 0 0 255
603.152 330.21 0 0 0 255
603.152 328.71 0 0 0 255
603.152 330.21 0 0 0 255
602.402 330.009 0 0 0 255
603.152 328.71 0 0 0 255
602.402 330.009 0 0 0 255
601.853 329.46 0 0 0 255
603.152 328.71 0 0 0 255
601.853 329.46 0 0 0 255
601.652 328.71 0 0 0 255
603.152 328.71 0 0 0 255
601.652 328.71 0 0 0 255
601.853 327.96 0 0 0 255
603.152 328.71 0 0 0 255
601.853 327.96 0 0 0 255
602.402 327.411 0 0 0 255
603.152 328.71 0 0 0 255
602.402 327.411 0 0 0 255
603.152 327.21 0 0 0 255
603.152 328.71 0 0 0 255
603.152 327.21 0 0 0 255
603.902 327.411 0 0 0 255
603.152 328.71 0 0 0 255
603.902 327.411 0 0 0 255
604.451 327.96 0 0 0 255
603.152 328.71 0 0 0 255
604.451 327.96 0 0 0 255
604.652 328.71 0 0 0 255
603.812 330.057 0 0 0 255
602.493 327.363 0 0 0 255
606.032 328.969 0 0 0 255
602.493 327.363 0 0 0 255
604.713 326.275 0 0 0 255
606.032 328.969 0 0 0 255
605.372 327.622 0 0 0 255
606.872 327.622 0 0 0 255
606.672 328.372 0 0 0 255
605.372 327.622 0 0 0 255
606.672 328.372 0 0 0 255
606.122 328.921 0 0 0 255
605.372 327.622 0 0 0 255
606.122 328.921 0 0 0 255
605.372 329.122 0 0 0 255
605.372 327.622 0 0 0 255
605.372 329.122 0 0 0 255
604.622 328.921 0 0 0 255
605.372 327.622 0 0 0 255
604.622 328.921 0 0 0 255
604.073 328.372 0 0 0 255
605.372 327.622 0 0 0 255
604.073 328.372 0 0 0 255
603.872 327.622 0 0 0 255
605.372 327.622 0 0 0 255
603.872 327.622 0 0 0 255
604.073 326.872 0 0 0 255
605.372 327.622 0 0 0 255
604.073 326.872 0 0 0 255
604.622 326.323 0 0 0 255
605.372 327.622 0 0 0 255
604.622 326.323 0 0 0 255
605.372 326.122 0 0 0 255
605.372 327.622 0 0 0 255
605.372 326.122 0 0 0 255
606.122 326.323 0 0 0 255
605.372 327.622 0 0 0 255
606.122 326.323 0 0 0 255
606.672 326.872 0 0 0 255
605.372 327.622 0 0 0 255
606.672 326.872 0 0 0 255
606.872 327.622 0 0 0 255
606.044 328.964 0 0 0 255
604.701 326.281 0 0 0 255
608.142 327.913 0 0 0 255
604.701 326.281 0 0 0 255
606.798 325.231 0 0 0 255
608.142 327.913 0 0 0 255
607.47 326.572 0 0 0 255
608.97 326.572 0 0 0 255
608.769 327.322 0 0 0 255
607.47 326.572 0 0 0 255
608.769 327.322 0 0 0 255
608.22 327.871 0 0 0 255
607.47 326.572 0 0 0 255
608.22 327.871 0 0 0 255
607.47 328.072 0 0 0 255
607.47 326.572 0 0 0 255
607.47 328.072 0 0 0 255
606.72 327.871 0 0 0 255
607.47 326.572 0 0 0 255
606.72 327.871 0 0 0 255
606.171 327.322 0 0 0 255
607.47 326.572 0 0 0 255
606.171 327.322 0 0 0 255
605.97 326.572 0 0 0 255
607.47 326.572 0 0 0 255
605.97 326.572 0 0 0 255
606.171 325.822 0 0 0 255
607.47 326.572 0 0 0 255
606.171 325.822 0 0 0 255
606.72 325.273 0 0 0 255
607.47 326.572 0 0 0 255
606.72 325.273 0 0 0 255
607.47 325.072 0 0 0 255
607.47 326.572 0 0 0 255
607.47 325.072 0 0 0 255
608.22 325.273 0 0 0 255
607.47 326.572 0 0 0 255
608.22 325.273 0 0 0 255
608.769 325.822 0 0 0 255
607.47 326.572 0 0 0 255
608.769 325.822 0 0 0 255
608.97 326.572 0 0 0 255
608.15 327.909 0 0 0 255
606.789 325.235 0 0 0 255
610.109 326.912 0 0 0 255
606.789 325.235 0 0 0 255
608.748 324.238 0 0 0 255
610.109 326.912 0 0 0 255
609.429 325.575 0 0 0 255
610.929 325.575 0 0 0 255
610.728 326.325 0 0 0 255
609.429 325.575 0 0 0 255
610.728 326.325 0 0 0 255
610.179 326.874 0 0 0 255
609.429 325.575 0 0 0 255
610.179 326.874 0 0 0 255
609.429 327.075 0 0 0 255
609.429 325.575 0 0 0 255
609.429 327.075 0 0 0 255
608.679 326.874 0 0 0 255
609.429 325.575 0 0 0 255
608.679 326.874 0 0 0 255
608.13 326.325 0 0 0 255
609.429 325.575 0 0 0 255
608.13 326.325 0 0 0 255
607.929 325.575 0 0 0 255
609.429 325.575 0 0 0 255
607.929 325.575 0 0 0 255
608.13 324.825 0 0 0 255
609.429 325.575 0 0 0 255
608.13 324.825 0 0 0 255
608.679 324.276 0 0 0 255
609.429 325.575 0 0 0 255
608.679 324.276 0 0 0 255
609.429 324.075 0 0 0 255
609.429 325.575 0 0 0 255
609.429 324.075 0 0 0 255
610.179 324.276 0 0 0 255
609.429 325.575 0 0 0 255
610.179 324.276 0 0 0 255
610.728 324.825 0 0 0 255
609.429 325.575 0 0 0 255
610.728 324.825 0 0 0 255
610.929 325.575 0 0 0 255
610.114 326.909 0 0 0 255
608.743 324.241 0 0 0 255
611.918 325.982 0 0 0 255
608.743 324.241 0 0 0 255
610.547 323.314 0 0 0 255
611.918 325.982 0 0 0 255
611.233 324.648 0 0 0 255
612.733 324.648 0 0 0 255
612.532 325.398 0 0 0 255
611.233 324.648 0 0 0 255
612.532 325.398 0 0 0 255
611.983 325.947 0 0 0 255
611.233 324.648 0 0 0 255
611.983 325.947 0 0 0 255
611.233 326.148 0 0 0 255
611.233 324.648 0 0 0 255
611.233 326.148 0 0 0 255
610.483 325.947 0 0 0 255
611.233 324.648 0 0 0 255
610.483 325.947 0 0 0 255
609.934 325.398 0 0 0 255
611.233 324.648 0 0 0 255
609.934 325.398 0 0 0 255
609.733 324.648 0 0 0 255
611.233 324.648 0 0 0 255
609.733 324.648 0 0 0 255
609.934 323.898 0 0 0 255
611.233 324.648 0 0 0 255
609.934 323.898 0 0 0 255
610.483 323.349 0 0 0 255
611.233 324.648 0 0 0 255
610.483 323.349 0 0 0 255
611.233 323.148 0 0 0 255
611.233 324.648 0 0 0 255
611.233 323.148 0 0 0 255
611.983 323.349 0 0 0 255
611.233 324.648 0 0 0 255
611.983 323.349 0 0 0 255
612.532 323.898 0 0 0 255
611.233 324.648 0 0 0 255
612.532 323.898 0 0 0 255
612.733 324.648 0 0 0 255
611.924 325.979 0 0 0 255
610.542 323.317 0 0 0 255
613.574 325.122 0 0 0 255
610.542 323.317 0 0 0 255
612.192 322.46 0 0 0 255
613.574 325.122 0 0 0 255
612.883 323.791 0 0 0 255
614.383 323.791 0 0 0 255
614.182 324.541 0 0 0 255
612.883 323.791 0 0 0 255
614.182 324.541 0 0 0 255
613.633 325.09 0 0 0 255
612.883 323.791 0 0 0 255
613.633 325.09 0 0 0 255
612.883 325.291 0 0 0 255
612.883 323.791 0 0 0 255
612.883 325.291 0 0 0 255
612.133 325.09 0 0 0 255
612.883 323.791 0 0 0 255
612.133 325.09 0 0 0 255
611.584 324.541 0 0 0 255
612.883 323.791 0 0 0 255
611.584 324.541 0 0 0 255
611.383 323.791 0 0 0 255
612.883 323.791 0 0 0 255
611.383 323.791 0 0 0 255
611.584 323.041 0 0 0 255
612.883 323.791 0 0 0 255
611.584 323.041 0 0 0 255
612.133 322.492 0 0 0 255
612.883 323.791 0 0 0 255
612.133 322.492 0 0 0 255
612.883 322.291 0 0 0 255
612.883 323.791 0 0 0 255
612.883 322.291 0 0 0 255
613.633 322.492 0 0 0 255
612.883 323.791 0 0 0 255
613.633 322.492 0 0 0 255
614.182 323.041 0 0 0 255
612.883 323.791 0 0 0 255
614.182 323.041 0 0 0 255
614.383 323.791 0 0 0 255
613.581 325.119 0 0 0 255
612.184 322.464 0 0 0 255
615.077 324.332 0 0 0 255
612.184 322.464 0 0 0 255
613.68 321.677 0 0 0 255
615.077 324.332 0 0 0 255
614.379 323.004 0 0 0 255
615.879 323.004 0 0 0 255
615.678 323.754 0 0 0 255
614.379 323.004 0 0 0 255
615.678 323.754 0 0 0 255
615.129 324.303 0 0 0 255
614.379 323.004 0 0 0 255
615.129 324.303 0 0 0 255
614.379 324.504 0 0 0 255
614.379 323.004 0 0 0 255
614.379 324.504 0 0 0 255
613.629 324.303 0 0 0 255
614.379 323.004 0 0 0 255
613.629 324.303 0 0 0 255
613.08 323.754 0 0 0 255
614.379 323.004 0 0 0 255
613.08 323.754 0 0 0 255
612.879 323.004 0 0 0 255
614.379 323.004 0 0 0 255
612.879 323.004 0 0 0 255
613.08 322.254 0 0 0 255
614.379 323.004 0 0 0 255
613.08 322.254 0 0 0 255
613.629 321.705 0 0 0 255
614.379 323.004 0 0 0 255
613.629 321.705 0 0 0 255
614.379 321.504 0 0 0 255
614.379 323.004 0 0 0 255
614.379 321.504 0 0 0 255
615.129 321.705 0 0 0 255
614.379 323.004 0 0 0 255
615.129 321.705 0 0 0 255
615.678 322.254 0 0 0 255
614.379 323.004 0 0 0 255
615.678 322.254 0 0 0 255
615.879 323.004 0 0 0 255
615.086 324.327 0 0 0 255
613.671 321.681 0 0 0 255
616.427 323.61 0 0 0 255
613.671 321.681 0 0 0 255
615.013 320.964 0 0 0 255
616.427 323.61 0 0 0 255
615.72 322.287 0 0 0 255
617.22 322.287 0 0 0 255
617.019 323.037 0 0 0 255
615.72 322.287 0 0 0 255
617.019 323.037 0 0 0 255
616.47 323.586 0 0 0 255
615.72 322.287 0 0 0 255
616.47 323.586 0 0 0 255
615.72 323.787 0 0 0 255
615.72 322.287 0 0 0 255
615.72 323.787 0 0 0 255
614.97 323.586 0 0 0 255
615.72 322.287 0 0 0 255
614.97 323.586 0 0 0 255
614.421 323.037 0 0 0 255
615.72 322.287 0 0 0 255
614.421 323.037 0 0 0 255
614.22 322.287 0 0 0 255
615.72 322.287 0 0 0 255
614.22 322.287 0 0 0 255
614.421 321.537 0 0 0 255
615.72 322.287 0 0 0 255
614.421 321.537 0 0 0 255
614.97 320.988 0 0 0 255
615.72 322.287 0 0 0 255
614.97 320.988 0 0 0 255
615.72 320.787 0 0 0 255
615.72 322.287 0 0 0 255
615.72 320.787 0 0 0 255
616.47 320.988 0 0 0 255
615.72 322.287 0 0 0 255
616.47 320.988 0 0 0 255
617.019 321.537 0 0 0 255
615.72 322.287 0 0 0 255
617.019 321.537 0 0 0 255
617.22 322.287 0 0 0 255
616.438 323.604 0 0 0 255
615.002 320.97 0 0 0 255
617.625 322.957 0 0 0 255
615.002 320.97 0 0 0 255
616.189 320.323 0 0 0 255
617.625 322.957 0 0 0 255
616.907 321.64 0 0 0 255
618.407 321.64 0 0 0 255
618.206 322.39 0 0 0 255
616.907 321.64 0 0 0 255
618.206 322.39 0 0 0 255
617.657 322.939 0 0 0 255
616.907 321.64 0 0 0 255
617.657 322.939 0 0 0 255
616.907 323.14 0 0 0 255
616.907 321.64 0 0 0 255
616.907 323.14 0 0 0 255
616.157 322.939 0 0 0 255
616.907 321.64 0 0 0 255
616.157 322.939 0 0 0 255
615.608 322.39 0 0 0 255
616.907 321.64 0 0 0 255
615.608 322.39 0 0 0 255
615.407 321.64 0 0 0 255
616.907 321.64 0 0 0 255
615.407 321.64 0 0 0 255
615.608 320.89 0 0 0 255
616.907 321.64 0 0 0 255
615.608 320.89 0 0 0 255
616.157 320.341 0 0 0 255
616.907 321.64 0 0 0 255
616.157 320.341 0 0 0 255
616.907 320.14 0 0 0 255
616.907 321.64 0 0 0 255
616.907 320.14 0 0 0 255
617.657 320.341 0 0 0 255
616.907 321.64 0 0 0 255
617.657 320.341 0 0 0 255
618.206 320.89 0 0 0 255
616.907 321.64 0 0 0 255
618.206 320.89 0 0 0 255
618.407 321.64 0 0 0 255
617.638 322.95 0 0 0 255
616.175 320.331 0 0 0 255
618.702 322.355 0 0 0 255
616.175 320.331 0 0 0 255
617.239 319.736 0 0 0 255
618.702 322.355 0 0 0 255
617.971 321.046 0 0 0 255
619.471 321.046 0 0 0 255
619.27 321.796 0 0 0 255
617.971 321.046 0 0 0 255
619.27 321.796 0 0 0 255
618.721 322.345 0 0 0 255
617.971 321.046 0 0 0 255
618.721 322.345 0 0 0 255
617.971 322.546 0 0 0 255
617.971 321.046 0 0 0 255
617.971 322.546 0 0 0 255
617.221 322.345 0 0 0 255
617.971 321.046 0 0 0 255
617.221 322.345 0 0 0 255
616.672 321.796 0 0 0 255
617.971 321.046 0 0 0 255
616.672 321.796 0 0 0 255
616.471 321.046 0 0 0 255
617.971 321.046 0 0 0 255
616.471 321.046 0 0 0 255
616.672 320.296 0 0 0 255
617.971 321.046 0 0 0 255
616.672 320.296 0 0 0 255
617.221 319.747 0 0 0 255
617.971 321.046 0 0 0 255
617.221 319.747 0 0 0 255
617.971 319.546 0 0 0 255
617.971 321.046 0 0 0 255
617.971 319.546 0 0 0 255
618.721 319.747 0 0 0 255
617.971 321.046 0 0 0 255
618.721 319.747 0 0 0 255
619.27 320.296 0 0 0 255
617.971 321.046 0 0 0 255
619.27 320.296 0 0 0 255
619.471 321.046 0 0 0 255
618.718 322.346 0 0 0 255
617.223 319.745 0 0 0 255
619.691 321.787 0 0 0 255
617.223 319.745 0 0 0 255
618.196 319.186 0 0 0 255
619.691 321.787 0 0 0 255
618.944 320.487 0 0 0 255
620.444 320.487 0 0 0 255
620.243 321.237 0 0 0 255
618.944 320.487 0 0 0 255
620.243 321.237 0 0 0 255
619.694 321.786 0 0 0 255
618.944 320.487 0 0 0 255
619.694 321.786 0 0 0 255
618.944 321.987 0 0 0 255
618.944 320.487 0 0 0 255
618.944 321.987 0 0 0 255
618.194 321.786 0 0 0 255
618.944 320.487 0 0 0 255
618.194 321.786 0 0 0 255
617.645 321.237 0 0 0 255
618.944 320.487 0 0 0 255
617.645 321.237 0 0 0 255
617.444 320.487 0 0 0 255
618.944 320.487 0 0 0 255
617.444 320.487 0 0 0 255
617.645 319.737 0 0 0 255
618.944 320.487 0 0 0 255
617.645 319.737 0 0 0 255
618.194 319.188 0 0 0 255
618.944 320.487 0 0 0 255
618.194 319.188 0 0 0 255
618.944 318.987 0 0 0 255
618.944 320.487 0 0 0 255
618.944 318.987 0 0 0 255
619.694 319.188 0 0 0 255
618.944 320.487 0 0 0 255
619.694 319.188 0 0 0 255
620.243 319.737 0 0 0 255
618.944 320.487 0 0 0 255
620.243 319.737 0 0 0 255
620.444 320.487 0 0 0 255
619.709 321.776 0 0 0 255
618.178 319.197 0 0 0 255
620.591 321.253 0 0 0 255
618.178 319.197 0 0 0 255
619.06 318.673 0 0 0 255
620.591 321.253 0 0 0 255
619.825 319.963 0 0 0 255
621.325 319.963 0 0 0 255
621.124 320.713 0 0 0 255
619.825 319.963 0 0 0 255
621.124 320.713 0 0 0 255
620.575 321.262 0 0 0 255
619.825 319.963 0 0 0 255
620.575 321.262 0 0 0 255
619.825 321.463 0 0 0 255
619.825 319.963 0 0 0 255
619.825 321.463 0 0 0 255
619.075 321.262 0 0 0 255
619.825 319.963 0 0 0 255
619.075 321.262 0 0 0 255
618.526 320.713 0 0 0 255
619.825 319.963 0 0 0 255
618.526 320.713 0 0 0 255
618.325 319.963 0 0 0 255
619.825 319.963 0 0 0 255
618.325 319.963 0 0 0 255
618.526 319.213 0 0 0 255
619.825 319.963 0 0 0 255
618.526 319.213 0 0 0 255
619.075 318.664 0 0 0 255
619.825 319.963 0 0 0 255
619.075 318.664 0 0 0 255
619.825 318.463 0 0 0 255
619.825 319.963 0 0 0 255
619.825 318.463 0 0 0 255
620.575 318.664 0 0 0 255
619.825 319.963 0 0 0 255
620.575 318.664 0 0 0 255
621.124 319.213 0 0 0 255
619.825 319.963 0 0 0 255
621.124 319.213 0 0 0 255
621.325 319.963 0 0 0 255
620.614 321.239 0 0 0 255
619.037 318.687 0 0 0 255
621.404 320.751 0 0 0 255
619.037 318.687 0 0 0 255
619.828 318.199 0 0 0 255
621.404 320.751 0 0 0 255
620.616 319.475 0 0 0 255
622.116 319.475 0 0 0 255
621.915 320.225 0 0 0 255
620.616 319.475 0 0 0 255
621.915 320.225 0 0 0 255
621.366 320.774 0 0 0 255
620.616 319.475 0 0 0 255
621.366 320.774 0 0 0 255
620.616 320.975 0 0 0 255
620.616 319.475 0 0 0 255
620.616 320.975 0 0 0 255
619.866 320.774 0 0 0 255
620.616 319.475 0 0 0 255
619.866 320.774 0 0 0 255
619.317 320.225 0 0 0 255
620.616 319.475 0 0 0 255
619.317 320.225 0 0 0 255
619.116 319.475 0 0 0 255
620.616 319.475 0 0 0 255
619.116 319.475 0 0 0 255
619.317 318.725 0 0 0 255
620.616 319.475 0 0 0 255
619.317 318.725 0 0 0 255
619.866 318.176 0 0 0 255
620.616 319.475 0 0 0 255
619.866 318.176 0 0 0 255
620.616 317.975 0 0 0 255
620.616 319.475 0 0 0 255
620.616 317.975 0 0 0 255
621.366 318.176 0 0 0 255
620.616 319.475 0 0 0 255
621.366 318.176 0 0 0 255
621.915 318.725 0 0 0 255
620.616 319.475 0 0 0 255
621.915 318.725 0 0 0 255
622.116 319.475 0 0 0 255
621.431 320.734 0 0 0 255
619.801 318.216 0 0 0 255
622.131 320.281 0 0 0 255
619.801 318.216 0 0 0 255
620.5 317.763 0 0 0 255
622.131 320.281 0 0 0 255
621.316 319.022 0 0 0 255
622.816 319.022 0 0 0 255
622.615 319.772 0 0 0 255
621.316 319.022 0 0 0 255
622.615 319.772 0 0 0 255
622.066 320.321 0 0 0 255
621.316 319.022 0 0 0 255
622.066 320.321 0 0 0 255
621.316 320.522 0 0 0 255
621.316 319.022 0 0 0 255
621.316 320.522 0 0 0 255
620.566 320.321 0 0 0 255
621.316 319.022 0 0 0 255
620.566 320.321 0 0 0 255
620.017 319.772 0 0 0 255
621.316 319.022 0 0 0 255
620.017 319.772 0 0 0 255
619.816 319.022 0 0 0 255
621.316 319.022 0 0 0 255
619.816 319.022 0 0 0 255
620.017 318.272 0 0 0 255
621.316 319.022 0 0 0 255
620.017 318.272 0 0 0 255
620.566 317.723 0 0 0 255
621.316 319.022 0 0 0 255
620.566 317.723 0 0 0 255
621.316 317.522 0 0 0 255
621.316 319.022 0 0 0 255
621.316 317.522 0 0 0 255
622.066 317.723 0 0 0 255
621.316 319.022 0 0 0 255
622.066 317.723 0 0 0 255
622.615 318.272 0 0 0 255
621.316 319.022 0 0 0 255
622.615 318.272 0 0 0 255
622.816 319.022 0 0 0 255
622.165 320.258 0 0 0 255
620.467 317.785 0 0 0 255
622.773 319.841 0 0 0 255
620.467 317.785 0 0 0 255
621.075 317.367 0 0 0 255
622.773 319.841 0 0 0 255
621.924 318.604 0 0 0 255
623.424 318.604 0 0 0 255
623.223 319.354 0 0 0 255
621.924 318.604 0 0 0 255
623.223 319.354 0 0 0 255
622.674 319.903 0 0 0 255
621.924 318.604 0 0 0 255
622.674 319.903 0 0 0 255
621.924 320.104 0 0 0 255
621.924 318.604 0 0 0 255
621.924 320.104 0 0 0 255
621.174 319.903 0 0 0 255
621.924 318.604 0 0 0 255
621.174 319.903 0 0 0 255
620.625 319.354 0 0 0 255
621.924 318.604 0 0 0 255
620.625 319.354 0 0 0 255
620.424 318.604 0 0 0 255
621.924 318.604 0 0 0 255
620.424 318.604 0 0 0 255
620.625 317.854 0 0 0 255
621.924 318.604 0 0 0 255
620.625 317.854 0 0 0 255
621.174 317.305 0 0 0 255
621.924 318.604 0 0 0 255
621.174 317.305 0 0 0 255
621.924 317.104 0 0 0 255
621.924 318.604 0 0 0 255
621.924 317.104 0 0 0 255
622.674 317.305 0 0 0 255
621.924 318.604 0 0 0 255
622.674 317.305 0 0 0 255
623.223 317.854 0 0 0 255
621.924 318.604 0 0 0 255
623.223 317.854 0 0 0 255
623.424 318.604 0 0 0 255
622.792 319.828 0 0 0 255
621.056 317.381 0 0 0 255
623.327 319.448 0 0 0 255
621.056 317.381 0 0 0 255
621.591 317.001 0 0 0 255
623.327 319.448 0 0 0 255
622.459 318.225 0 0 0 255
623.959 318.225 0 0 0 255
623.758 318.975 0 0 0 255
622.459 318.225 0 0 0 255
623.758 318.975 0 0 0 255
623.209 319.524 0 0 0 255
622.459 318.225 0 0 0 255
623.209 319.524 0 0 0 255
622.459 319.725 0 0 0 255
622.459 318.225 0 0 0 255
622.459 319.725 0 0 0 255
621.709 319.524 0 0 0 255
622.459 318.225 0 0 0 255
621.709 319.524 0 0 0 255
621.16 318.975 0 0 0 255
622.459 318.225 0 0 0 255
621.16 318.975 0 0 0 255
620.959 318.225 0 0 0 255
622.459 318.225 0 0 0 255
620.959 318.225 0 0 0 255
621.16 317.475 0 0 0 255
622.459 318.225 0 0 0 255
621.16 317.475 0 0 0 255
621.709 316.926 0 0 0 255
622.459 318.225 0 0 0 255
621.709 316.926 0 0 0 255
622.459 316.725 0 0 0 255
622.459 318.225 0 0 0 255
622.459 316.725 0 0 0 255
623.209 316.926 0 0 0 255
622.459 318.225 0 0 0 255
623.209 316.926 0 0 0 255
623.758 317.475 0 0 0 255
622.459 318.225 0 0 0 255
623.758 317.475 0 0 0 255
623.959 318.225 0 0 0 255
623.324 319.45 0 0 0 255
621.593 317 0 0 0 255
623.803 319.112 0 0 0 255
621.593 317 0 0 0 255
622.071 316.662 0 0 0 255
623.803 319.112 0 0 0 255
622.937 317.887 0 0 0 255
624.437 317.887 0 0 0 255
624.236 318.637 0 0 0 255
622.937 317.887 0 0 0 255
624.236 318.637 0 0 0 255
623.687 319.186 0 0 0 255
622.937 317.887 0 0 0 255
623.687 319.186 0 0 0 255
622.937 319.387 0 0 0 255
622.937 317.887 0 0 0 255
622.937 319.387 0 0 0 255
622.187 319.186 0 0 0 255
622.937 317.887 0 0 0 255
622.187 319.186 0 0 0 255
621.638 318.637 0 0 0 255
622.937 317.887 0 0 0 255
621.638 318.637 0 0 0 255
621.437 317.887 0 0 0 255
622.937 317.887 0 0 0 255
621.437 317.887 0 0 0 255
621.638 317.137 0 0 0 255
622.937 317.887 0 0 0 255
621.638 317.137 0 0 0 255
622.187 316.588 0 0 0 255
622.937 317.887 0 0 0 255
622.187 316.588 0 0 0 255
622.937 316.387 0 0 0 255
622.937 317.887 0 0 0 255
622.937 316.387 0 0 0 255
623.687 316.588 0 0 0 255
622.937 317.887 0 0 0 255
623.687 316.588 0 0 0 255
624.236 317.137 0 0 0 255
622.937 317.887 0 0 0 255
624.236 317.137 0 0 0 255
624.437 317.887 0 0 0 255
623.799 319.114 0 0 0 255
622.074 316.66 0 0 0 255
624.221 318.818 0 0 0 255
622.074 316.66 0 0 0 255
622.496 316.363 0 0 0 255
624.221 318.818 0 0 0 255
623.359 317.59 0 0 0 255
624.859 317.59 0 0 0 255
624.658 318.34 0 0 0 255
623.359 317.59 0 0 0 255
624.658 318.34 0 0 0 255
624.109 318.889 0 0 0 255
623.359 317.59 0 0 0 255
624.109 318.889 0 0 0 255
623.359 319.09 0 0 0 255
623.359 317.59 0 0 0 255
623.359 319.09 0 0 0 255
622.609 318.889 0 0 0 255
623.359 317.59 0 0 0 255
622.609 318.889 0 0 0 255
622.06 318.34 0 0 0 255
623.359 317.59 0 0 0 255
622.06 318.34 0 0 0 255
621.859 317.59 0 0 0 255
623.359 317.59 0 0 0 255
621.859 317.59 0 0 0 255
622.06 316.84 0 0 0 255
623.359 317.59 0 0 0 255
622.06 316.84 0 0 0 255
622.609 316.291 0 0 0 255
623.359 317.59 0 0 0 255
622.609 316.291 0 0 0 255
623.359 316.09 0 0 0 255
623.359 317.59 0 0 0 255
623.359 316.09 0 0 0 255
624.109 316.291 0 0 0 255
623.359 317.59 0 0 0 255
624.109 316.291 0 0 0 255
624.658 316.84 0 0 0 255
623.359 317.59 0 0 0 255
624.658 316.84 0 0 0 255
624.859 317.59 0 0 0 255
624.218 318.82 0 0 0 255
622.5 316.361 0 0 0 255
624.583 318.565 0 0 0 255
622.5 316.361 0 0 0 255
622.866 316.105 0 0 0 255
624.583 318.565 0 0 0 255
623.724 317.335 0 0 0 255
625.224 317.335 0 0 0 255
625.023 318.085 0 0 0 255
623.724 317.335 0 0 0 255
625.023 318.085 0 0 0 255
624.474 318.634 0 0 0 255
623.724 317.335 0 0 0 255
624.474 318.634 0 0 0 255
623.724 318.835 0 0 0 255
623.724 317.335 0 0 0 255
623.724 318.835 0 0 0 255
622.974 318.634 0 0 0 255
623.724 317.335 0 0 0 255
622.974 318.634 0 0 0 255
622.425 318.085 0 0 0 255
623.724 317.335 0 0 0 255
622.425 318.085 0 0 0 255
622.224 317.335 0 0 0 255
623.724 317.335 0 0 0 255
622.224 317.335 0 0 0 255
622.425 316.585 0 0 0 255
623.724 317.335 0 0 0 255
622.425 316.585 0 0 0 255
622.974 316.036 0 0 0 255
623.724 317.335 0 0 0 255
622.974 316.036 0 0 0 255
623.724 315.835 0 0 0 255
623.724 317.335 0 0 0 255
623.724 315.835 0 0 0 255
624.474 316.036 0 0 0 255
623.724 317.335 0 0 0 255
624.474 316.036 0 0 0 255
625.023 316.585 0 0 0 255
623.724 317.335 0 0 0 255
625.023 316.585 0 0 0 255
625.224 317.335 0 0 0 255
624.578 318.569 0 0 0 255
622.871 316.102 0 0 0 255
624.887 318.355 0 0 0 255
622.871 316.102 0 0 0 255
623.18 315.888 0 0 0 255
624.887 318.355 0 0 0 255
624.034 317.121 0 0 0 255
625.534 317.121 0 0 0 255
625.333 317.871 0 0 0 255
624.034 317.121 0 0 0 255
625.333 317.871 0 0 0 255
624.784 318.42 0 0 0 255
624.034 317.121 0 0 0 255
624.784 318.42 0 0 0 255
624.034 318.621 0 0 0 255
624.034 317.121 0 0 0 255
624.034 318.621 0 0 0 255
623.284 318.42 0 0 0 255
624.034 317.121 0 0 0 255
623.284 318.42 0 0 0 255
622.735 317.871 0 0 0 255
624.034 317.121 0 0 0 255
622.735 317.871 0 0 0 255
622.534 317.121 0 0 0 255
624.034 317.121 0 0 0 255
622.534 317.121 0 0 0 255
622.735 316.371 0 0 0 255
624.034 317.121 0 0 0 255
622.735 316.371 0 0 0 255
623.284 315.822 0 0 0 255
624.034 317.121 0 0 0 255
623.284 315.822 0 0 0 255
624.034 315.621 0 0 0 255
624.034 317.121 0 0 0 255
624.034 315.621 0 0 0 255
624.784 315.822 0 0 0 255
624.034 317.121 0 0 0 255
624.784 315.822 0 0 0 255
625.333 316.371 0 0 0 255
624.034 317.121 0 0 0 255
625.333 316.371 0 0 0 255
625.534 317.121 0 0 0 255
624.88 318.36 0 0 0 255
623.188 315.882 0 0 0 255
625.132 318.187 0 0 0 255
623.188 315.882 0 0 0 255
623.441 315.71 0 0 0 255
625.132 318.187 0 0 0 255
624.286 316.949 0 0 0 255
625.786 316.949 0 0 0 255
625.586 317.699 0 0 0 255
624.286 316.949 0 0 0 255
625.586 317.699 0 0 0 255
625.036 318.248 0 0 0 255
624.286 316.949 0 0 0 255
625.036 318.248 0 0 0 255
624.286 318.449 0 0 0 255
624.286 316.949 0 0 0 255
624.286 318.449 0 0 0 255
623.536 318.248 0 0 0 255
624.286 316.949 0 0 0 255
623.536 318.248 0 0 0 255
622.987 317.699 0 0 0 255
624.286 316.949 0 0 0 255
622.987 317.699 0 0 0 255
622.786 316.949 0 0 0 255
624.286 316.949 0 0 0 255
622.786 316.949 0 0 0 255
622.987 316.199 0 0 0 255
624.286 316.949 0 0 0 255
622.987 316.199 0 0 0 255
623.536 315.65 0 0 0 255
624.286 316.949 0 0 0 255
623.536 315.65 0 0 0 255
624.286 315.449 0 0 0 255
624.286 316.949 0 0 0 255
624.286 315.449 0 0 0 255
625.036 315.65 0 0 0 255
624.286 316.949 0 0 0 255
625.036 315.65 0 0 0 255
625.586 316.199 0 0 0 255
624.286 316.949 0 0 0 255
625.586 316.199 0 0 0 255
625.786 316.949 0 0 0 255
625.127 318.191 0 0 0 255
623.446 315.706 0 0 0 255
625.801 317.735 0 0 0 255
623.446 315.706 0 0 0 255
624.12 315.25 0 0 0 255
625.801 317.735 0 0 0 255
624.96 316.493 0 0 0 255
626.46 316.493 0 0 0 255
626.259 317.243 0 0 0 255
624.96 316.493 0 0 0 255
626.259 317.243 0 0 0 255
625.71 317.792 0 0 0 255
624.96 316.493 0 0 0 255
625.71 317.792 0 0 0 255
624.96 317.993 0 0 0 255
624.96 316.493 0 0 0 255
624.96 317.993 0 0 0 255
624.21 317.792 0 0 0 255
624.96 316.493 0 0 0 255
624.21 317.792 0 0 0 255
623.661 317.243 0 0 0 255
624.96 316.493 0 0 0 255
623.661 317.243 0 0 0 255
623.46 316.493 0 0 0 255
624.96 316.493 0 0 0 255
623.46 316.493 0 0 0 255
623.661 315.743 0 0 0 255
624.96 316.493 0 0 0 255
623.661 315.743 0 0 0 255
624.21 315.194 0 0 0 255
624.96 316.493 0 0 0 255
624.21 315.194 0 0 0 255
624.96 314.993 0 0 0 255
624.96 316.493 0 0 0 255
624.96 314.993 0 0 0 255
625.71 315.194 0 0 0 255
624.96 316.493 0 0 0 255
625.71 315.194 0 0 0 255
626.259 315.743 0 0 0 255
624.96 316.493 0 0 0 255
626.259 315.743 0 0 0 255
626.46 316.493 0 0 0 255
624.96 316.493 0 0 0 255
626.46 316.493 0 0 0 255
626.346 317.067 0 0 0 255
624.96 316.493 0 0 0 255
626.346 317.067 0 0 0 255
626.021 317.553 0 0 0 255
624.96 316.493 0 0 0 255
626.021 317.553 0 0 0 255
625.534 317.879 0 0 0 255
624.96 316.493 0 0 0 255
625.534 317.879 0 0 0 255
624.96 317.993 0 0 0 255
624.96 316.493 0 0 0 255
624.96 317.993 0 0 0 255
624.386 317.879 0 0 0 255
624.96 316.493 0 0 0 255
624.386 317.879 0 0 0 255
623.9 317.553 0 0 0 255
624.96 316.493 0 0 0 255
623.9 317.553 0 0 0 255
623.575 317.067 0 0 0 255
624.96 316.493 0 0 0 255
623.575 317.067 0 0 0 255
623.46 316.493 0 0 0 255
624.96 316.493 0 0 0 255
623.46 316.493 0 0 0 255
623.575 315.919 0 0 0 255
624.96 316.493 0 0 0 255
623.575 315.919 0 0 0 255
623.9 315.432 0 0 0 255
624.96 316.493 0 0 0 255
623.9 315.432 0 0 0 255
624.386 315.107 0 0 0 255
624.96 316.493 0 0 0 255
624.386 315.107 0 0 0 255
624.96 314.993 0 0 0 255
624.96 316.493 0 0 0 255
624.96 314.993 0 0 0 255
625.534 315.107 0 0 0 255
624.96 316.493 0 0 0 255
625.534 315.107 0 0 0 255
626.021 315.432 0 0 0 255
624.96 316.493 0 0 0 255
626.021 315.432 0 0 0 255
626.346 315.919 0 0 0 255
624.96 316.493 0 0 0 255
626.346 315.919 0 0 0 255
626.46 316.493 0 0 0 255
0 2 0 1902
585.823 364.534 0 0 0 255
587.323 364.534 0 0 0 255
587.209 365.108 0 0 0 255
585.823 364.534 0 0 0 255
587.209 365.108 0 0 0 255
586.884 365.595 0 0 0 255
585.823 364.534 0 0 0 255
586.884 365.595 0 0 0 255
586.397 365.92 0 0 0 255
585.823 364.534 0 0 0 255
586.397 365.92 0 0 0 255
585.823 366.034 0 0 0 255
585.823 364.534 0 0 0 255
585.823 366.034 0 0 0 255
585.249 365.92 0 0 0 255
585.823 364.534 0 0 0 255
585.249 365.92 0 0 0 255
584.763 365.595 0 0 0 255
585.823 364.534 0 0 0 255
584.763 365.595 0 0 0 255
584.437 365.108 0 0 0 255
585.823 364.534 0 0 0 255
584.437 365.108 0 0 0 255
584.323 364.534 0 0 0 255
585.823 364.534 0 0 0 255
584.323 364.534 0 0 0 255
584.437 363.96 0 0 0 255
585.823 364.534 0 0 0 255
584.437 363.96 0 0 0 255
584.763 363.474 0 0 0 255
585.823 364.534 0 0 0 255
584.763 363.474 0 0 0 255
585.249 363.149 0 0 0 255
585.823 364.534 0 0 0 255
585.249 363.149 0 0 0 255
585.823 363.034 0 0 0 255
585.823 364.534 0 0 0 255
585.823 363.034 0 0 0 255
586.397 363.149 0 0 0 255
585.823 364.534 0 0 0 255
586.397 363.149 0 0 0 255
586.884 363.474 0 0 0 255
585.823 364.534 0 0 0 255
586.884 363.474 0 0 0 255
587.209 363.96 0 0 0 255
585.823 364.534 0 0 0 255
587.209 363.96 0 0 0 255
587.323 364.534 0 0 0 255
586.094 366.01 0 0 0 255
585.553 363.059 0 0 0 255
586.113 366.006 0 0 0 255
585.553 363.059 0 0 0 255
585.573 363.055 0 0 0 255
586.113 366.006 0 0 0 255
585.843 364.531 0 0 0 255
587.343 364.531 0 0 0 255
587.142 365.281 0 0 0 255
585.843 364.531 0 0 0 255
587.142 365.281 0 0 0 255
586.593 365.83 0 0 0 255
585.843 364.531 0 0 0 255
586.593 365.83 0 0 0 255
585.843 366.031 0 0 0 255
585.843 364.531 0 0 0 255
585.843 366.031 0 0 0 255
585.093 365.83 0 0 0 255
585.843 364.531 0 0 0 255
585.093 365.83 0 0 0 255
584.544 365.281 0 0 0 255
585.843 364.531 0 0 0 255
584.544 365.281 0 0 0 255
584.343 364.531 0 0 0 255
585.843 364.531 0 0 0 255
584.343 364.531 0 0 0 255
584.544 363.781 0 0 0 255
585.843 364.531 0 0 0 255
584.544 363.781 0 0 0 255
585.093 363.232 0 0 0 255
585.843 364.531 0 0 0 255
585.093 363.232 0 0 0 255
585.843 363.031 0 0 0 255
585.843 364.531 0 0 0 255
585.843 363.031 0 0 0 255
586.593 363.232 0 0 0 255
585.843 364.531 0 0 0 255
586.593 363.232 0 0 0 255
587.142 363.781 0 0 0 255
585.843 364.531 0 0 0 255
587.142 363.781 0 0 0 255
587.343 364.531 0 0 0 255
586.112 366.006 0 0 0 255
585.573 363.055 0 0 0 255
586.171 365.996 0 0 0 255
585.573 363.055 0 0 0 255
585.632 363.044 0 0 0 255
586.171 365.996 0 0 0 255
585.902 364.52 0 0 0 255
587.402 364.52 0 0 0 255
587.201 365.27 0 0 0 255
585.902 364.52 0 0 0 255
587.201 365.27 0 0 0 255
586.652 365.819 0 0 0 255
585.902 364.52 0 0 0 255
586.652 365.819 0 0 0 255
585.902 366.02 0 0 0 255
585.902 364.52 0 0 0 255
585.902 366.02 0 0 0 255
585.152 365.819 0 0 0 255
585.902 364.52 0 0 0 255
585.152 365.819 0 0 0 255
584.603 365.27 0 0 0 255
585.902 364.52 0 0 0 255
584.603 365.27 0 0 0 255
584.402 364.52 0 0 0 255
585.902 364.52 0 0 0 255
584.402 364.52 0 0 0 255
584.603 363.77 0 0 0 255
585.902 364.52 0 0 0 255
584.603 363.77 0 0 0 255
585.152 363.221 0 0 0 255
585.902 364.52 0 0 0 255
585.152 363.221 0 0 0 255
585.902 363.02 0 0 0 255
585.902 364.52 0 0 0 255
585.902 363.02 0 0 0 255
586.652 363.221 0 0 0 255
585.902 364.52 0 0 0 255
586.652 363.221 0 0 0 255
587.201 363.77 0 0 0 255
585.902 364.52 0 0 0 255
587.201 363.77 0 0 0 255
587.402 364.52 0 0 0 255
586.171 365.996 0 0 0 255
585.633 363.044 0 0 0 255
586.269 365.978 0 0 0 255
585.633 363.044 0 0 0 255
585.731 363.026 0 0 0 255
586.269 365.978 0 0 0 255
586 364.502 0 0 0 255
587.5 364.502 0 0 0 255
587.299 365.252 0 0 0 255
586 364.502 0 0 0 255
587.299 365.252 0 0 0 255
586.75 365.801 0 0 0 255
586 364.502 0 0 0 255
586.75 365.801 0 0 0 255
586 366.002 0 0 0 255
586 364.502 0 0 0 255
586 366.002 0 0 0 255
585.25 365.801 0 0 0 255
586 364.502 0 0 0 255
585.25 365.801 0 0 0 255
584.701 365.252 0 0 0 255
586 364.502 0 0 0 255
584.701 365.252 0 0 0 255
584.5 364.502 0 0 0 255
586 364.502 0 0 0 255
584.5 364.502 0 0 0 255
584.701 363.752 0 0 0 255
586 364.502 0 0 0 255
584.701 363.752 0 0 0 255
585.25 363.203 0 0 0 255
586 364.502 0 0 0 255
585.25 363.203 0 0 0 255
586 363.002 0 0 0 255
586 364.502 0 0 0 255
586 363.002 0 0 0 255
586.75 363.203 0 0 0 255
586 364.502 0 0 0 255
586.75 363.203 0 0 0 255
587.299 363.752 0 0 0 255
586 364.502 0 0 0 255
587.299 363.752 0 0 0 255
587.5 364.502 0 0 0 255
586.27 365.978 0 0 0 255
585.731 363.027 0 0 0 255
586.407 365.953 0 0 0 255
585.731 363.027 0 0 0 255
585.868 363.001 0 0 0 255
586.407 365.953 0 0 0 255
586.138 364.477 0 0 0 255
587.638 364.477 0 0 0 255
587.437 365.227 0 0 0 255
586.138 364.477 0 0 0 255
587.437 365.227 0 0 0 255
586.888 365.776 0 0 0 255
586.138 364.477 0 0 0 255
586.888 365.776 0 0 0 255
586.138 365.977 0 0 0 255
586.138 364.477 0 0 0 255
586.138 365.977 0 0 0 255
585.388 365.776 0 0 0 255
586.138 364.477 0 0 0 255
585.388 365.776 0 0 0 255
584.839 365.227 0 0 0 255
586.138 364.477 0 0 0 255
584.839 365.227 0 0 0 255
584.638 364.477 0 0 0 255
586.138 364.477 0 0 0 255
584.638 364.477 0 0 0 255
584.839 363.727 0 0 0 255
586.138 364.477 0 0 0 255
584.839 363.727 0 0 0 255
585.388 363.178 0 0 0 255
586.138 364.477 0 0 0 255
585.388 363.178 0 0 0 255
586.138 362.977 0 0 0 255
586.138 364.477 0 0 0 255
586.138 362.977 0 0 0 255
586.888 363.178 0 0 0 255
586.138 364.477 0 0 0 255
586.888 363.178 0 0 0 255
587.437 363.727 0 0 0 255
586.138 364.477 0 0 0 255
587.437 363.727 0 0 0 255
587.638 364.477 0 0 0 255
586.407 365.953 0 0 0 255
585.868 363.001 0 0 0 255
586.584 365.92 0 0 0 255
585.868 363.001 0 0 0 255
586.045 362.969 0 0 0 255
586.584 365.92 0 0 0 255
586.315 364.445 0 0 0 255
587.815 364.445 0 0 0 255
587.614 365.195 0 0 0 255
586.315 364.445 0 0 0 255
587.614 365.195 0 0 0 255
587.065 365.744 0 0 0 255
586.315 364.445 0 0 0 255
587.065 365.744 0 0 0 255
586.315 365.945 0 0 0 255
586.315 364.445 0 0 0 255
586.315 365.945 0 0 0 255
585.565 365.744 0 0 0 255
586.315 364.445 0 0 0 255
585.565 365.744 0 0 0 255
585.016 365.195 0 0 0 255
586.315 364.445 0 0 0 255
585.016 365.195 0 0 0 255
584.815 364.445 0 0 0 255
586.315 364.445 0 0 0 255
584.815 364.445 0 0 0 255
585.016 363.695 0 0 0 255
586.315 364.445 0 0 0 255
585.016 363.695 0 0 0 255
585.565 363.146 0 0 0 255
586.315 364.445 0 0 0 255
585.565 363.146 0 0 0 255
586.315 362.945 0 0 0 255
586.315 364.445 0 0 0 255
586.315 362.945 0 0 0 255
587.065 363.146 0 0 0 255
586.315 364.445 0 0 0 255
587.065 363.146 0 0 0 255
587.614 363.695 0 0 0 255
586.315 364.445 0 0 0 255
587.614 363.695 0 0 0 255
587.815 364.445 0 0 0 255
586.584 365.92 0 0 0 255
586.045 362.969 0 0 0 255
586.801 365.881 0 0 0 255
586.045 362.969 0 0 0 255
586.262 362.93 0 0 0 255
586.801 365.881 0 0 0 255
586.531 364.405 0 0 0 255
588.031 364.405 0 0 0 255
587.83 365.155 0 0 0 255
586.531 364.405 0 0 0 255
587.83 365.155 0 0 0 255
587.281 365.704 0 0 0 255
586.531 364.405 0 0 0 255
587.281 365.704 0 0 0 255
586.531 365.905 0 0 0 255
586.531 364.405 0 0 0 255
586.531 365.905 0 0 0 255
585.781 365.704 0 0 0 255
586.531 364.405 0 0 0 255
585.781 365.704 0 0 0 255
585.232 365.155 0 0 0 255
586.531 364.405 0 0 0 255
585.232 365.155 0 0 0 255
585.031 364.405 0 0 0 255
586.531 364.405 0 0 0 255
585.031 364.405 0 0 0 255
585.232 363.655 0 0 0 255
586.531 364.405 0 0 0 255
585.232 363.655 0 0 0 255
585.781 363.106 0 0 0 255
586.531 364.405 0 0 0 255
585.781 363.106 0 0 0 255
586.531 362.905 0 0 0 255
586.531 364.405 0 0 0 255
586.531 362.905 0 0 0 255
587.281 363.106 0 0 0 255
586.531 364.405 0 0 0 255
587.281 363.106 0 0 0 255
587.83 363.655 0 0 0 255
586.531 364.405 0 0 0 255
587.83 363.655 0 0 0 255
588.031 364.405 0 0 0 255
586.798 365.881 0 0 0 255
586.264 362.929 0 0 0 255
587.076 365.831 0 0 0 255
586.264 362.929 0 0 0 255
586.542 362.879 0 0 0 255
587.076 365.831 0 0 0 255
586.809 364.355 0 0 0 255
588.309 364.355 0 0 0 255
588.108 365.105 0 0 0 255
586.809 364.355 0 0 0 255
588.108 365.105 0 0 0 255
587.559 365.654 0 0 0 255
586.809 364.355 0 0 0 255
587.559 365.654 0 0 0 255
586.809 365.855 0 0 0 255
586.809 364.355 0 0 0 255
586.809 365.855 0 0 0 255
586.059 365.654 0 0 0 255
586.809 364.355 0 0 0 255
586.059 365.654 0 0 0 255
585.51 365.105 0 0 0 255
586.809 364.355 0 0 0 255
585.51 365.105 0 0 0 255
585.309 364.355 0 0 0 255
586.809 364.355 0 0 0 255
585.309 364.355 0 0 0 255
585.51 363.605 0 0 0 255
586.809 364.355 0 0 0 255
585.51 363.605 0 0 0 255
586.059 363.056 0 0 0 255
586.809 364.355 0 0 0 255
586.059 363.056 0 0 0 255
586.809 362.855 0 0 0 255
586.809 364.355 0 0 0 255
586.809 362.855 0 0 0 255
587.559 363.056 0 0 0 255
586.809 364.355 0 0 0 255
587.559 363.056 0 0 0 255
588.108 363.605 0 0 0 255
586.809 364.355 0 0 0 255
588.108 363.605 0 0 0 255
588.309 364.355 0 0 0 255
587.074 365.831 0 0 0 255
586.544 362.878 0 0 0 255
587.435 365.767 0 0 0 255
586.544 362.878 0 0 0 255
586.906 362.814 0 0 0 255
587.435 365.767 0 0 0 255
587.171 364.29 0 0 0 255
588.671 364.29 0 0 0 255
588.47 365.04 0 0 0 255
587.171 364.29 0 0 0 255
588.47 365.04 0 0 0 255
587.921 365.589 0 0 0 255
587.171 364.29 0 0 0 255
587.921 365.589 0 0 0 255
587.171 365.79 0 0 0 255
587.171 364.29 0 0 0 255
587.171 365.79 0 0 0 255
586.421 365.589 0 0 0 255
587.171 364.29 0 0 0 255
586.421 365.589 0 0 0 255
585.872 365.04 0 0 0 255
587.171 364.29 0 0 0 255
585.872 365.04 0 0 0 255
585.671 364.29 0 0 0 255
587.171 364.29 0 0 0 255
585.671 364.29 0 0 0 255
585.872 363.54 0 0 0 255
587.171 364.29 0 0 0 255
585.872 363.54 0 0 0 255
586.421 362.991 0 0 0 255
587.171 364.29 0 0 0 255
586.421 362.991 0 0 0 255
587.171 362.79 0 0 0 255
587.171 364.29 0 0 0 255
587.171 362.79 0 0 0 255
587.921 362.991 0 0 0 255
587.171 364.29 0 0 0 255
587.921 362.991 0 0 0 255
588.47 363.54 0 0 0 255
587.171 364.29 0 0 0 255
588.47 363.54 0 0 0 255
588.671 364.29 0 0 0 255
587.433 365.767 0 0 0 255
586.908 362.813 0 0 0 255
587.879 365.688 0 0 0 255
586.908 362.813 0 0 0 255
587.354 362.734 0 0 0 255
587.879 365.688 0 0 0 255
587.616 364.211 0 0 0 255
589.116 364.211 0 0 0 255
588.915 364.961 0 0 0 255
587.616 364.211 0 0 0 255
588.915 364.961 0 0 0 255
588.366 365.51 0 0 0 255
587.616 364.211 0 0 0 255
588.366 365.51 0 0 0 255
587.616 365.711 0 0 0 255
587.616 364.211 0 0 0 255
587.616 365.711 0 0 0 255
586.866 365.51 0 0 0 255
587.616 364.211 0 0 0 255
586.866 365.51 0 0 0 255
586.317 364.961 0 0 0 255
587.616 364.211 0 0 0 255
586.317 364.961 0 0 0 255
586.116 364.211 0 0 0 255
587.616 364.211 0 0 0 255
586.116 364.211 0 0 0 255
586.317 363.461 0 0 0 255
587.616 364.211 0 0 0 255
586.317 363.461 0 0 0 255
586.866 362.912 0 0 0 255
587.616 364.211 0 0 0 255
586.866 362.912 0 0 0 255
587.616 362.711 0 0 0 255
587.616 364.211 0 0 0 255
587.616 362.711 0 0 0 255
588.366 362.912 0 0 0 255
587.616 364.211 0 0 0 255
588.366 362.912 0 0 0 255
588.915 363.461 0 0 0 255
587.616 364.211 0 0 0 255
588.915 363.461 0 0 0 255
589.116 364.211 0 0 0 255
587.878 365.688 0 0 0 255
587.355 362.734 0 0 0 255
588.407 365.594 0 0 0 255
587.355 362.734 0 0 0 255
587.884 362.64 0 0 0 255
588.407 365.594 0 0 0 255
588.146 364.117 0 0 0 255
589.646 364.117 0 0 0 255
589.445 364.867 0 0 0 255
588.146 364.117 0 0 0 255
589.445 364.867 0 0 0 255
588.896 365.416 0 0 0 255
588.146 364.117 0 0 0 255
588.896 365.416 0 0 0 255
588.146 365.617 0 0 0 255
588.146 364.117 0 0 0 255
588.146 365.617 0 0 0 255
587.396 365.416 0 0 0 255
588.146 364.117 0 0 0 255
587.396 365.416 0 0 0 255
586.847 364.867 0 0 0 255
588.146 364.117 0 0 0 255
586.847 364.867 0 0 0 255
586.646 364.117 0 0 0 255
588.146 364.117 0 0 0 255
586.646 364.117 0 0 0 255
586.847 363.367 0 0 0 255
588.146 364.117 0 0 0 255
586.847 363.367 0 0 0 255
587.396 362.818 0 0 0 255
588.146 364.117 0 0 0 255
587.396 362.818 0 0 0 255
588.146 362.617 0 0 0 255
588.146 364.117 0 0 0 255
588.146 362.617 0 0 0 255
588.896 362.818 0 0 0 255
588.146 364.117 0 0 0 255
588.896 362.818 0 0 0 255
589.445 363.367 0 0 0 255
588.146 364.117 0 0 0 255
589.445 363.367 0 0 0 255
589.646 364.117 0 0 0 255
588.406 365.594 0 0 0 255
587.885 362.64 0 0 0 255
589.019 365.486 0 0 0 255
587.885 362.64 0 0 0 255
588.498 362.532 0 0 0 255
589.019 365.486 0 0 0 255
588.759 364.009 0 0 0 255
590.259 364.009 0 0 0 255
590.058 364.759 0 0 0 255
588.759 364.009 0 0 0 255
590.058 364.759 0 0 0 255
589.509 365.308 0 0 0 255
588.759 364.009 0 0 0 255
589.509 365.308 0 0 0 255
588.759 365.509 0 0 0 255
588.759 364.009 0 0 0 255
588.759 365.509 0 0 0 255
588.009 365.308 0 0 0 255
588.759 364.009 0 0 0 255
588.009 365.308 0 0 0 255
587.46 364.759 0 0 0 255
588.759 364.009 0 0 0 255
587.46 364.759 0 0 0 255
587.259 364.009 0 0 0 255
588.759 364.009 0 0 0 255
587.259 364.009 0 0 0 255
587.46 363.259 0 0 0 255
588.759 364.009 0 0 0 255
587.46 363.259 0 0 0 255
588.009 362.71 0 0 0 255
588.759 364.009 0 0 0 255
588.009 362.71 0 0 0 255
588.759 362.509 0 0 0 255
588.759 364.009 0 0 0 255
588.759 362.509 0 0 0 255
589.509 362.71 0 0 0 255
588.759 364.009 0 0 0 255
589.509 362.71 0 0 0 255
590.058 363.259 0 0 0 255
588.759 364.009 0 0 0 255
590.058 363.259 0 0 0 255
590.259 364.009 0 0 0 255
589.019 365.486 0 0 0 255
588.499 362.532 0 0 0 255
589.716 365.364 0 0 0 255
588.499 362.532 0 0 0 255
589.196 362.409 0 0 0 255
589.716 365.364 0 0 0 255
589.456 363.886 0 0 0 255
590.956 363.886 0 0 0 255
590.755 364.636 0 0 0 255
589.456 363.886 0 0 0 255
590.755 364.636 0 0 0 255
590.206 365.185 0 0 0 255
589.456 363.886 0 0 0 255
590.206 365.185 0 0 0 255
589.456 365.386 0 0 0 255
589.456 363.886 0 0 0 255
589.456 365.386 0 0 0 255
588.706 365.185 0 0 0 255
589.456 363.886 0 0 0 255
588.706 365.185 0 0 0 255
588.157 364.636 0 0 0 255
589.456 363.886 0 0 0 255
588.157 364.636 0 0 0 255
587.956 363.886 0 0 0 255
589.456 363.886 0 0 0 255
587.956 363.886 0 0 0 255
588.157 363.136 0 0 0 255
589.456 363.886 0 0 0 255
588.157 363.136 0 0 0 255
588.706 362.587 0 0 0 255
589.456 363.886 0 0 0 255
588.706 362.587 0 0 0 255
589.456 362.386 0 0 0 255
589.456 363.886 0 0 0 255
589.456 362.386 0 0 0 255
590.206 362.587 0 0 0 255
589.456 363.886 0 0 0 255
590.206 362.587 0 0 0 255
590.755 363.136 0 0 0 255
589.456 363.886 0 0 0 255
590.755 363.136 0 0 0 255
590.956 363.886 0 0 0 255
589.676 365.37 0 0 0 255
589.236 362.403 0 0 0 255
590.703 365.218 0 0 0 255
589.236 362.403 0 0 0 255
590.263 362.25 0 0 0 255
590.703 365.218 0 0 0 255
590.483 363.734 0 0 0 255
591.983 363.734 0 0 0 255
591.782 364.484 0 0 0 255
590.483 363.734 0 0 0 255
591.782 364.484 0 0 0 255
591.233 365.033 0 0 0 255
590.483 363.734 0 0 0 255
591.233 365.033 0 0 0 255
590.483 365.234 0 0 0 255
590.483 363.734 0 0 0 255
590.483 365.234 0 0 0 255
589.733 365.033 0 0 0 255
590.483 363.734 0 0 0 255
589.733 365.033 0 0 0 255
589.184 364.484 0 0 0 255
590.483 363.734 0 0 0 255
589.184 364.484 0 0 0 255
588.983 363.734 0 0 0 255
590.483 363.734 0 0 0 255
588.983 363.734 0 0 0 255
589.184 362.984 0 0 0 255
590.483 363.734 0 0 0 255
589.184 362.984 0 0 0 255
589.733 362.435 0 0 0 255
590.483 363.734 0 0 0 255
589.733 362.435 0 0 0 255
590.483 362.234 0 0 0 255
590.483 363.734 0 0 0 255
590.483 362.234 0 0 0 255
591.233 362.435 0 0 0 255
590.483 363.734 0 0 0 255
591.233 362.435 0 0 0 255
591.782 362.984 0 0 0 255
590.483 363.734 0 0 0 255
591.782 362.984 0 0 0 255
591.983 363.734 0 0 0 255
590.666 365.223 0 0 0 255
590.3 362.245 0 0 0 255
592.27 365.026 0 0 0 255
590.3 362.245 0 0 0 255
591.903 362.048 0 0 0 255
592.27 365.026 0 0 0 255
592.086 363.537 0 0 0 255
593.586 363.537 0 0 0 255
593.385 364.287 0 0 0 255
592.086 363.537 0 0 0 255
593.385 364.287 0 0 0 255
592.836 364.836 0 0 0 255
592.086 363.537 0 0 0 255
592.836 364.836 0 0 0 255
592.086 365.037 0 0 0 255
592.086 363.537 0 0 0 255
592.086 365.037 0 0 0 255
591.336 364.836 0 0 0 255
592.086 363.537 0 0 0 255
591.336 364.836 0 0 0 255
590.787 364.287 0 0 0 255
592.086 363.537 0 0 0 255
590.787 364.287 0 0 0 255
590.586 363.537 0 0 0 255
592.086 363.537 0 0 0 255
590.586 363.537 0 0 0 255
590.787 362.787 0 0 0 255
592.086 363.537 0 0 0 255
590.787 362.787 0 0 0 255
591.336 362.238 0 0 0 255
592.086 363.537 0 0 0 255
591.336 362.238 0 0 0 255
592.086 362.037 0 0 0 255
592.086 363.537 0 0 0 255
592.086 362.037 0 0 0 255
592.836 362.238 0 0 0 255
592.086 363.537 0 0 0 255
592.836 362.238 0 0 0 255
593.385 362.787 0 0 0 255
592.086 363.537 0 0 0 255
593.385 362.787 0 0 0 255
593.586 363.537 0 0 0 255
592.252 365.028 0 0 0 255
591.921 362.046 0 0 0 255
594.432 364.785 0 0 0 255
591.921 362.046 0 0 0 255
594.101 361.804 0 0 0 255
594.432 364.785 0 0 0 255
594.266 363.294 0 0 0 255
595.766 363.294 0 0 0 255
595.565 364.044 0 0 0 255
594.266 363.294 0 0 0 255
595.565 364.044 0 0 0 255
595.016 364.594 0 0 0 255
594.266 363.294 0 0 0 255
595.016 364.594 0 0 0 255
594.266 364.794 0 0 0 255
594.266 363.294 0 0 0 255
594.266 364.794 0 0 0 255
593.516 364.594 0 0 0 255
594.266 363.294 0 0 0 255
593.516 364.594 0 0 0 255
592.967 364.044 0 0 0 255
594.266 363.294 0 0 0 255
592.967 364.044 0 0 0 255
592.766 363.294 0 0 0 255
594.266 363.294 0 0 0 255
592.766 363.294 0 0 0 255
592.967 362.544 0 0 0 255
594.266 363.294 0 0 0 255
592.967 362.544 0 0 0 255
593.516 361.995 0 0 0 255
594.266 363.294 0 0 0 255
593.516 361.995 0 0 0 255
594.266 361.794 0 0 0 255
594.266 363.294 0 0 0 255
594.266 361.794 0 0 0 255
595.016 361.995 0 0 0 255
594.266 363.294 0 0 0 255
595.016 361.995 0 0 0 255
595.565 362.544 0 0 0 255
594.266 363.294 0 0 0 255
595.565 362.544 0 0 0 255
595.766 363.294 0 0 0 255
594.422 364.786 0 0 0 255
594.111 361.803 0 0 0 255
597.178 364.499 0 0 0 255
594.111 361.803 0 0 0 255
596.867 361.515 0 0 0 255
597.178 364.499 0 0 0 255
597.023 363.007 0 0 0 255
598.523 363.007 0 0 0 255
598.322 363.757 0 0 0 255
597.023 363.007 0 0 0 255
598.322 363.757 0 0 0 255
597.773 364.306 0 0 0 255
597.023 363.007 0 0 0 255
597.773 364.306 0 0 0 255
597.023 364.507 0 0 0 255
597.023 363.007 0 0 0 255
597.023 364.507 0 0 0 255
596.273 364.306 0 0 0 255
597.023 363.007 0 0 0 255
596.273 364.306 0 0 0 255
595.724 363.757 0 0 0 255
597.023 363.007 0 0 0 255
595.724 363.757 0 0 0 255
595.523 363.007 0 0 0 255
597.023 363.007 0 0 0 255
595.523 363.007 0 0 0 255
595.724 362.257 0 0 0 255
597.023 363.007 0 0 0 255
595.724 362.257 0 0 0 255
596.273 361.708 0 0 0 255
597.023 363.007 0 0 0 255
596.273 361.708 0 0 0 255
597.023 361.507 0 0 0 255
597.023 363.007 0 0 0 255
597.023 361.507 0 0 0 255
597.773 361.708 0 0 0 255
597.023 363.007 0 0 0 255
597.773 361.708 0 0 0 255
598.322 362.257 0 0 0 255
597.023 363.007 0 0 0 255
598.322 362.257 0 0 0 255
598.523 363.007 0 0 0 255
597.172 364.5 0 0 0 255
596.874 361.515 0 0 0 255
600.504 364.168 0 0 0 255
596.874 361.515 0 0 0 255
600.207 361.182 0 0 0 255
600.504 364.168 0 0 0 255
600.356 362.675 0 0 0 255
601.856 362.675 0 0 0 255
601.655 363.425 0 0 0 255
600.356 362.675 0 0 0 255
601.655 363.425 0 0 0 255
601.106 363.974 0 0 0 255
600.356 362.675 0 0 0 255
601.106 363.974 0 0 0 255
600.356 364.175 0 0 0 255
600.356 362.675 0 0 0 255
600.356 364.175 0 0 0 255
599.606 363.974 0 0 0 255
600.356 362.675 0 0 0 255
599.606 363.974 0 0 0 255
599.057 363.425 0 0 0 255
600.356 362.675 0 0 0 255
599.057 363.425 0 0 0 255
598.856 362.675 0 0 0 255
600.356 362.675 0 0 0 255
598.856 362.675 0 0 0 255
599.057 361.925 0 0 0 255
600.356 362.675 0 0 0 255
599.057 361.925 0 0 0 255
599.606 361.376 0 0 0 255
600.356 362.675 0 0 0 255
599.606 361.376 0 0 0 255
600.356 361.175 0 0 0 255
600.356 362.675 0 0 0 255
600.356 361.175 0 0 0 255
601.106 361.376 0 0 0 255
600.356 362.675 0 0 0 255
601.106 361.376 0 0 0 255
601.655 361.925 0 0 0 255
600.356 362.675 0 0 0 255
601.655 361.925 0 0 0 255
601.856 362.675 0 0 0 255
600.5 364.168 0 0 0 255
600.211 361.182 0 0 0 255
604.409 363.791 0 0 0 255
600.211 361.182 0 0 0 255
604.121 360.805 0 0 0 255
604.409 363.791 0 0 0 255
604.265 362.298 0 0 0 255
605.765 362.298 0 0 0 255
605.564 363.048 0 0 0 255
604.265 362.298 0 0 0 255
605.564 363.048 0 0 0 255
605.015 363.597 0 0 0 255
604.265 362.298 0 0 0 255
605.015 363.597 0 0 0 255
604.265 363.798 0 0 0 255
604.265 362.298 0 0 0 255
604.265 363.798 0 0 0 255
603.515 363.597 0 0 0 255
604.265 362.298 0 0 0 255
603.515 363.597 0 0 0 255
602.966 363.048 0 0 0 255
604.265 362.298 0 0 0 255
602.966 363.048 0 0 0 255
602.765 362.298 0 0 0 255
604.265 362.298 0 0 0 255
602.765 362.298 0 0 0 255
602.966 361.548 0 0 0 255
604.265 362.298 0 0 0 255
602.966 361.548 0 0 0 255
603.515 360.999 0 0 0 255
604.265 362.298 0 0 0 255
603.515 360.999 0 0 0 255
604.265 360.798 0 0 0 255
604.265 362.298 0 0 0 255
604.265 360.798 0 0 0 255
605.015 360.999 0 0 0 255
604.265 362.298 0 0 0 255
605.015 360.999 0 0 0 255
605.564 361.548 0 0 0 255
604.265 362.298 0 0 0 255
605.564 361.548 0 0 0 255
605.765 362.298 0 0 0 255
604.407 363.791 0 0 0 255
604.122 360.804 0 0 0 255
608.434 363.408 0 0 0 255
604.122 360.804 0 0 0 255
608.15 360.421 0 0 0 255
608.434 363.408 0 0 0 255
608.292 361.914 0 0 0 255
609.792 361.914 0 0 0 255
609.591 362.664 0 0 0 255
608.292 361.914 0 0 0 255
609.591 362.664 0 0 0 255
609.042 363.213 0 0 0 255
608.292 361.914 0 0 0 255
609.042 363.213 0 0 0 255
608.292 363.414 0 0 0 255
608.292 361.914 0 0 0 255
608.292 363.414 0 0 0 255
607.542 363.213 0 0 0 255
608.292 361.914 0 0 0 255
607.542 363.213 0 0 0 255
606.993 362.664 0 0 0 255
608.292 361.914 0 0 0 255
606.993 362.664 0 0 0 255
606.792 361.914 0 0 0 255
608.292 361.914 0 0 0 255
606.792 361.914 0 0 0 255
606.993 361.164 0 0 0 255
608.292 361.914 0 0 0 255
606.993 361.164 0 0 0 255
607.542 360.615 0 0 0 255
608.292 361.914 0 0 0 255
607.542 360.615 0 0 0 255
608.292 360.414 0 0 0 255
608.292 361.914 0 0 0 255
608.292 360.414 0 0 0 255
609.042 360.615 0 0 0 255
608.292 361.914 0 0 0 255
609.042 360.615 0 0 0 255
609.591 361.164 0 0 0 255
608.292 361.914 0 0 0 255
609.591 361.164 0 0 0 255
609.792 361.914 0 0 0 255
608.434 363.408 0 0 0 255
608.15 360.421 0 0 0 255
612.123 363.057 0 0 0 255
608.15 360.421 0 0 0 255
611.839 360.07 0 0 0 255
612.123 363.057 0 0 0 255
611.981 361.564 0 0 0 255
613.481 361.564 0 0 0 255
613.28 362.314 0 0 0 255
611.981 361.564 0 0 0 255
613.28 362.314 0 0 0 255
612.731 362.863 0 0 0 255
611.981 361.564 0 0 0 255
612.731 362.863 0 0 0 255
611.981 363.064 0 0 0 255
611.981 361.564 0 0 0 255
611.981 363.064 0 0 0 255
611.231 362.863 0 0 0 255
611.981 361.564 0 0 0 255
611.231 362.863 0 0 0 255
610.682 362.314 0 0 0 255
611.981 361.564 0 0 0 255
610.682 362.314 0 0 0 255
610.481 361.564 0 0 0 255
611.981 361.564 0 0 0 255
610.481 361.564 0 0 0 255
610.682 360.814 0 0 0 255
611.981 361.564 0 0 0 255
610.682 360.814 0 0 0 255
611.231 360.264 0 0 0 255
611.981 361.564 0 0 0 255
611.231 360.264 0 0 0 255
611.981 360.064 0 0 0 255
611.981 361.564 0 0 0 255
611.981 360.064 0 0 0 255
612.731 360.264 0 0 0 255
611.981 361.564 0 0 0 255
612.731 360.264 0 0 0 255
613.28 360.814 0 0 0 255
611.981 361.564 0 0 0 255
613.28 360.814 0 0 0 255
613.481 361.564 0 0 0 255
612.122 363.057 0 0 0 255
611.839 360.07 0 0 0 255
615.471 362.739 0 0 0 255
611.839 360.07 0 0 0 255
615.188 359.752 0 0 0 255
615.471 362.739 0 0 0 255
615.329 361.246 0 0 0 255
616.829 361.246 0 0 0 255
616.628 361.996 0 0 0 255
615.329 361.246 0 0 0 255
616.628 361.996 0 0 0 255
616.079 362.545 0 0 0 255
615.329 361.246 0 0 0 255
616.079 362.545 0 0 0 255
615.329 362.746 0 0 0 255
615.329 361.246 0 0 0 255
615.329 362.746 0 0 0 255
614.579 362.545 0 0 0 255
615.329 361.246 0 0 0 255
614.579 362.545 0 0 0 255
614.03 361.996 0 0 0 255
615.329 361.246 0 0 0 255
614.03 361.996 0 0 0 255
613.829 361.246 0 0 0 255
615.329 361.246 0 0 0 255
613.829 361.246 0 0 0 255
614.03 360.496 0 0 0 255
615.329 361.246 0 0 0 255
614.03 360.496 0 0 0 255
614.579 359.947 0 0 0 255
615.329 361.246 0 0 0 255
614.579 359.947 0 0 0 255
615.329 359.746 0 0 0 255
615.329 361.246 0 0 0 255
615.329 359.746 0 0 0 255
616.079 359.947 0 0 0 255
615.329 361.246 0 0 0 255
616.079 359.947 0 0 0 255
616.628 360.496 0 0 0 255
615.329 361.246 0 0 0 255
616.628 360.496 0 0 0 255
616.829 361.246 0 0 0 255
615.471 362.739 0 0 0 255
615.188 359.752 0 0 0 255
618.48 362.454 0 0 0 255
615.188 359.752 0 0 0 255
618.197 359.467 0 0 0 255
618.48 362.454 0 0 0 255
618.339 360.96 0 0 0 255
619.839 360.96 0 0 0 255
619.638 361.71 0 0 0 255
618.339 360.96 0 0 0 255
619.638 361.71 0 0 0 255
619.089 362.259 0 0 0 255
618.339 360.96 0 0 0 255
619.089 362.259 0 0 0 255
618.339 362.46 0 0 0 255
618.339 360.96 0 0 0 255
618.339 362.46 0 0 0 255
617.589 362.259 0 0 0 255
618.339 360.96 0 0 0 255
617.589 362.259 0 0 0 255
617.04 361.71 0 0 0 255
618.339 360.96 0 0 0 255
617.04 361.71 0 0 0 255
616.839 360.96 0 0 0 255
618.339 360.96 0 0 0 255
616.839 360.96 0 0 0 255
617.04 360.21 0 0 0 255
618.339 360.96 0 0 0 255
617.04 360.21 0 0 0 255
617.589 359.661 0 0 0 255
618.339 360.96 0 0 0 255
617.589 359.661 0 0 0 255
618.339 359.46 0 0 0 255
618.339 360.96 0 0 0 255
618.339 359.46 0 0 0 255
619.089 359.661 0 0 0 255
618.339 360.96 0 0 0 255
619.089 359.661 0 0 0 255
619.638 360.21 0 0 0 255
618.339 360.96 0 0 0 255
619.638 360.21 0 0 0 255
619.839 360.96 0 0 0 255
618.48 362.454 0 0 0 255
618.198 359.467 0 0 0 255
621.15 362.201 0 0 0 255
618.198 359.467 0 0 0 255
620.868 359.214 0 0 0 255
621.15 362.201 0 0 0 255
621.009 360.708 0 0 0 255
622.509 360.708 0 0 0 255
622.308 361.458 0 0 0 255
621.009 360.708 0 0 0 255
622.308 361.458 0 0 0 255
621.759 362.007 0 0 0 255
621.009 360.708 0 0 0 255
621.759 362.007 0 0 0 255
621.009 362.208 0 0 0 255
621.009 360.708 0 0 0 255
621.009 362.208 0 0 0 255
620.259 362.007 0 0 0 255
621.009 360.708 0 0 0 255
620.259 362.007 0 0 0 255
619.71 361.458 0 0 0 255
621.009 360.708 0 0 0 255
619.71 361.458 0 0 0 255
619.509 360.708 0 0 0 255
621.009 360.708 0 0 0 255
619.509 360.708 0 0 0 255
619.71 359.958 0 0 0 255
621.009 360.708 0 0 0 255
619.71 359.958 0 0 0 255
620.259 359.409 0 0 0 255
621.009 360.708 0 0 0 255
620.259 359.409 0 0 0 255
621.009 359.208 0 0 0 255
621.009 360.708 0 0 0 255
621.009 359.208 0 0 0 255
621.759 359.409 0 0 0 255
621.009 360.708 0 0 0 255
621.759 359.409 0 0 0 255
622.308 359.958 0 0 0 255
621.009 360.708 0 0 0 255
622.308 359.958 0 0 0 255
622.509 360.708 0 0 0 255
621.15 362.201 0 0 0 255
620.868 359.214 0 0 0 255
623.48 361.981 0 0 0 255
620.868 359.214 0 0 0 255
623.199 358.994 0 0 0 255
623.48 361.981 0 0 0 255
623.34 360.488 0 0 0 255
624.84 360.488 0 0 0 255
624.639 361.238 0 0 0 255
623.34 360.488 0 0 0 255
624.639 361.238 0 0 0 255
624.09 361.787 0 0 0 255
623.34 360.488 0 0 0 255
624.09 361.787 0 0 0 255
623.34 361.988 0 0 0 255
623.34 360.488 0 0 0 255
623.34 361.988 0 0 0 255
622.59 361.787 0 0 0 255
623.34 360.488 0 0 0 255
622.59 361.787 0 0 0 255
622.041 361.238 0 0 0 255
623.34 360.488 0 0 0 255
622.041 361.238 0 0 0 255
621.84 360.488 0 0 0 255
623.34 360.488 0 0 0 255
621.84 360.488 0 0 0 255
622.041 359.738 0 0 0 255
623.34 360.488 0 0 0 255
622.041 359.738 0 0 0 255
622.59 359.189 0 0 0 255
623.34 360.488 0 0 0 255
622.59 359.189 0 0 0 255
623.34 358.988 0 0 0 255
623.34 360.488 0 0 0 255
623.34 358.988 0 0 0 255
624.09 359.189 0 0 0 255
623.34 360.488 0 0 0 255
624.09 359.189 0 0 0 255
624.639 359.738 0 0 0 255
623.34 360.488 0 0 0 255
624.639 359.738 0 0 0 255
624.84 360.488 0 0 0 255
623.489 361.98 0 0 0 255
623.191 358.995 0 0 0 255
625.577 361.772 0 0 0 255
623.191 358.995 0 0 0 255
625.279 358.787 0 0 0 255
625.577 361.772 0 0 0 255
625.428 360.279 0 0 0 255
626.928 360.279 0 0 0 255
626.727 361.029 0 0 0 255
625.428 360.279 0 0 0 255
626.727 361.029 0 0 0 255
626.178 361.578 0 0 0 255
625.428 360.279 0 0 0 255
626.178 361.578 0 0 0 255
625.428 361.779 0 0 0 255
625.428 360.279 0 0 0 255
625.428 361.779 0 0 0 255
624.678 361.578 0 0 0 255
625.428 360.279 0 0 0 255
624.678 361.578 0 0 0 255
624.129 361.029 0 0 0 255
625.428 360.279 0 0 0 255
624.129 361.029 0 0 0 255
623.928 360.279 0 0 0 255
625.428 360.279 0 0 0 255
623.928 360.279 0 0 0 255
624.129 359.529 0 0 0 255
625.428 360.279 0 0 0 255
624.129 359.529 0 0 0 255
624.678 358.98 0 0 0 255
625.428 360.279 0 0 0 255
624.678 358.98 0 0 0 255
625.428 358.779 0 0 0 255
625.428 360.279 0 0 0 255
625.428 358.779 0 0 0 255
626.178 358.98 0 0 0 255
625.428 360.279 0 0 0 255
626.178 358.98 0 0 0 255
626.727 359.529 0 0 0 255
625.428 360.279 0 0 0 255
626.727 359.529 0 0 0 255
626.928 360.279 0 0 0 255
625.596 361.77 0 0 0 255
625.26 358.789 0 0 0 255
627.539 361.551 0 0 0 255
625.26 358.789 0 0 0 255
627.203 358.57 0 0 0 255
627.539 361.551 0 0 0 255
627.371 360.061 0 0 0 255
628.871 360.061 0 0 0 255
628.67 360.811 0 0 0 255
627.371 360.061 0 0 0 255
628.67 360.811 0 0 0 255
628.121 361.36 0 0 0 255
627.371 360.061 0 0 0 255
628.121 361.36 0 0 0 255
627.371 361.561 0 0 0 255
627.371 360.061 0 0 0 255
627.371 361.561 0 0 0 255
626.621 361.36 0 0 0 255
627.371 360.061 0 0 0 255
626.621 361.36 0 0 0 255
626.072 360.811 0 0 0 255
627.371 360.061 0 0 0 255
626.072 360.811 0 0 0 255
625.871 360.061 0 0 0 255
627.371 360.061 0 0 0 255
625.871 360.061 0 0 0 255
626.072 359.311 0 0 0 255
627.371 360.061 0 0 0 255
626.072 359.311 0 0 0 255
626.621 358.762 0 0 0 255
627.371 360.061 0 0 0 255
626.621 358.762 0 0 0 255
627.371 358.561 0 0 0 255
627.371 360.061 0 0 0 255
627.371 358.561 0 0 0 255
628.121 358.762 0 0 0 255
627.371 360.061 0 0 0 255
628.121 358.762 0 0 0 255
628.67 359.311 0 0 0 255
627.371 360.061 0 0 0 255
628.67 359.311 0 0 0 255
628.871 360.061 0 0 0 255
627.56 361.549 0 0 0 255
627.182 358.573 0 0 0 255
629.358 361.32 0 0 0 255
627.182 358.573 0 0 0 255
628.979 358.344 0 0 0 255
629.358 361.32 0 0 0 255
629.168 359.832 0 0 0 255
630.668 359.832 0 0 0 255
630.467 360.582 0 0 0 255
629.168 359.832 0 0 0 255
630.467 360.582 0 0 0 255
629.918 361.131 0 0 0 255
629.168 359.832 0 0 0 255
629.918 361.131 0 0 0 255
629.168 361.332 0 0 0 255
629.168 359.832 0 0 0 255
629.168 361.332 0 0 0 255
628.418 361.131 0 0 0 255
629.168 359.832 0 0 0 255
628.418 361.131 0 0 0 255
627.869 360.582 0 0 0 255
629.168 359.832 0 0 0 255
627.869 360.582 0 0 0 255
627.668 359.832 0 0 0 255
629.168 359.832 0 0 0 255
627.668 359.832 0 0 0 255
627.869 359.082 0 0 0 255
629.168 359.832 0 0 0 255
627.869 359.082 0 0 0 255
628.418 358.533 0 0 0 255
629.168 359.832 0 0 0 255
628.418 358.533 0 0 0 255
629.168 358.332 0 0 0 255
629.168 359.832 0 0 0 255
629.168 358.332 0 0 0 255
629.918 358.533 0 0 0 255
629.168 359.832 0 0 0 255
629.918 358.533 0 0 0 255
630.467 359.082 0 0 0 255
629.168 359.832 0 0 0 255
630.467 359.082 0 0 0 255
630.668 359.832 0 0 0 255
629.383 361.317 0 0 0 255
628.954 358.348 0 0 0 255
631.035 361.078 0 0 0 255
628.954 358.348 0 0 0 255
630.606 358.109 0 0 0 255
631.035 361.078 0 0 0 255
630.821 359.593 0 0 0 255
632.321 359.593 0 0 0 255
632.12 360.343 0 0 0 255
630.821 359.593 0 0 0 255
632.12 360.343 0 0 0 255
631.571 360.892 0 0 0 255
630.821 359.593 0 0 0 255
631.571 360.892 0 0 0 255
630.821 361.093 0 0 0 255
630.821 359.593 0 0 0 255
630.821 361.093 0 0 0 255
630.071 360.892 0 0 0 255
630.821 359.593 0 0 0 255
630.071 360.892 0 0 0 255
629.522 360.343 0 0 0 255
630.821 359.593 0 0 0 255
629.522 360.343 0 0 0 255
629.321 359.593 0 0 0 255
630.821 359.593 0 0 0 255
629.321 359.593 0 0 0 255
629.522 358.843 0 0 0 255
630.821 359.593 0 0 0 255
629.522 358.843 0 0 0 255
630.071 358.294 0 0 0 255
630.821 359.593 0 0 0 255
630.071 358.294 0 0 0 255
630.821 358.093 0 0 0 255
630.821 359.593 0 0 0 255
630.821 358.093 0 0 0 255
631.571 358.294 0 0 0 255
630.821 359.593 0 0 0 255
631.571 358.294 0 0 0 255
632.12 358.843 0 0 0 255
630.821 359.593 0 0 0 255
632.12 358.843 0 0 0 255
632.321 359.593 0 0 0 255
631.065 361.073 0 0 0 255
630.576 358.113 0 0 0 255
632.572 360.825 0 0 0 255
630.576 358.113 0 0 0 255
632.083 357.865 0 0 0 255
632.572 360.825 0 0 0 255
632.328 359.345 0 0 0 255
633.828 359.345 0 0 0 255
633.627 360.095 0 0 0 255
632.328 359.345 0 0 0 255
633.627 360.095 0 0 0 255
633.078 360.644 0 0 0 255
632.328 359.345 0 0 0 255
633.078 360.644 0 0 0 255
632.328 360.845 0 0 0 255
632.328 359.345 0 0 0 255
632.328 360.845 0 0 0 255
631.578 360.644 0 0 0 255
632.328 359.345 0 0 0 255
631.578 360.644 0 0 0 255
631.029 360.095 0 0 0 255
632.328 359.345 0 0 0 255
631.029 360.095 0 0 0 255
630.828 359.345 0 0 0 255
632.328 359.345 0 0 0 255
630.828 359.345 0 0 0 255
631.029 358.595 0 0 0 255
632.328 359.345 0 0 0 255
631.029 358.595 0 0 0 255
631.578 358.046 0 0 0 255
632.328 359.345 0 0 0 255
631.578 358.046 0 0 0 255
632.328 357.845 0 0 0 255
632.328 359.345 0 0 0 255
632.328 357.845 0 0 0 255
633.078 358.046 0 0 0 255
632.328 359.345 0 0 0 255
633.078 358.046 0 0 0 255
633.627 358.595 0 0 0 255
632.328 359.345 0 0 0 255
633.627 358.595 0 0 0 255
633.828 359.345 0 0 0 255
632.608 360.818 0 0 0 255
632.047 357.871 0 0 0 255
633.969 360.56 0 0 0 255
632.047 357.871 0 0 0 255
633.409 357.612 0 0 0 255
633.969 360.56 0 0 0 255
633.689 359.086 0 0 0 255
635.189 359.086 0 0 0 255
634.988 359.836 0 0 0 255
633.689 359.086 0 0 0 255
634.988 359.836 0 0 0 255
634.439 360.385 0 0 0 255
633.689 359.086 0 0 0 255
634.439 360.385 0 0 0 255
633.689 360.586 0 0 0 255
633.689 359.086 0 0 0 255
633.689 360.586 0 0 0 255
632.939 360.385 0 0 0 255
633.689 359.086 0 0 0 255
632.939 360.385 0 0 0 255
632.39 359.836 0 0 0 255
633.689 359.086 0 0 0 255
632.39 359.836 0 0 0 255
632.189 359.086 0 0 0 255
633.689 359.086 0 0 0 255
632.189 359.086 0 0 0 255
632.39 358.336 0 0 0 255
633.689 359.086 0 0 0 255
632.39 358.336 0 0 0 255
632.939 357.787 0 0 0 255
633.689 359.086 0 0 0 255
632.939 357.787 0 0 0 255
633.689 357.586 0 0 0 255
633.689 359.086 0 0 0 255
633.689 357.586 0 0 0 255
634.439 357.787 0 0 0 255
633.689 359.086 0 0 0 255
634.439 357.787 0 0 0 255
634.988 358.336 0 0 0 255
633.689 359.086 0 0 0 255
634.988 358.336 0 0 0 255
635.189 359.086 0 0 0 255
634.004 360.552 0 0 0 255
633.374 357.62 0 0 0 255
635.225 360.29 0 0 0 255
633.374 357.62 0 0 0 255
634.594 357.357 0 0 0 255
635.225 360.29 0 0 0 255
634.91 358.823 0 0 0 255
636.41 358.823 0 0 0 255
636.209 359.573 0 0 0 255
634.91 358.823 0 0 0 255
636.209 359.573 0 0 0 255
635.66 360.123 0 0 0 255
634.91 358.823 0 0 0 255
635.66 360.123 0 0 0 255
634.91 360.323 0 0 0 255
634.91 358.823 0 0 0 255
634.91 360.323 0 0 0 255
634.16 360.123 0 0 0 255
634.91 358.823 0 0 0 255
634.16 360.123 0 0 0 255
633.611 359.573 0 0 0 255
634.91 358.823 0 0 0 255
633.611 359.573 0 0 0 255
633.41 358.823 0 0 0 255
634.91 358.823 0 0 0 255
633.41 358.823 0 0 0 255
633.611 358.073 0 0 0 255
634.91 358.823 0 0 0 255
633.611 358.073 0 0 0 255
634.16 357.524 0 0 0 255
634.91 358.823 0 0 0 255
634.16 357.524 0 0 0 255
634.91 357.323 0 0 0 255
634.91 358.823 0 0 0 255
634.91 357.323 0 0 0 255
635.66 357.524 0 0 0 255
634.91 358.823 0 0 0 255
635.66 357.524 0 0 0 255
636.209 358.073 0 0 0 255
634.91 358.823 0 0 0 255
636.209 358.073 0 0 0 255
636.41 358.823 0 0 0 255
635.26 360.282 0 0 0 255
634.56 357.365 0 0 0 255
636.344 360.022 0 0 0 255
634.56 357.365 0 0 0 255
635.644 357.105 0 0 0 255
636.344 360.022 0 0 0 255
635.994 358.563 0 0 0 255
637.494 358.563 0 0 0 255
637.293 359.313 0 0 0 255
635.994 358.563 0 0 0 255
637.293 359.313 0 0 0 255
636.744 359.862 0 0 0 255
635.994 358.563 0 0 0 255
636.744 359.862 0 0 0 255
635.994 360.063 0 0 0 255
635.994 358.563 0 0 0 255
635.994 360.063 0 0 0 255
635.244 359.862 0 0 0 255
635.994 358.563 0 0 0 255
635.244 359.862 0 0 0 255
634.695 359.313 0 0 0 255
635.994 358.563 0 0 0 255
634.695 359.313 0 0 0 255
634.494 358.563 0 0 0 255
635.994 358.563 0 0 0 255
634.494 358.563 0 0 0 255
634.695 357.813 0 0 0 255
635.994 358.563 0 0 0 255
634.695 357.813 0 0 0 255
635.244 357.264 0 0 0 255
635.994 358.563 0 0 0 255
635.244 357.264 0 0 0 255
635.994 357.063 0 0 0 255
635.994 358.563 0 0 0 255
635.994 357.063 0 0 0 255
636.744 357.264 0 0 0 255
635.994 358.563 0 0 0 255
636.744 357.264 0 0 0 255
637.293 357.813 0 0 0 255
635.994 358.563 0 0 0 255
637.293 357.813 0 0 0 255
637.494 358.563 0 0 0 255
636.388 360.011 0 0 0 255
635.601 357.116 0 0 0 255
637.336 359.753 0 0 0 255
635.601 357.116 0 0 0 255
636.55 356.858 0 0 0 255
637.336 359.753 0 0 0 255
636.943 358.306 0 0 0 255
638.443 358.306 0 0 0 255
638.242 359.056 0 0 0 255
636.943 358.306 0 0 0 255
638.242 359.056 0 0 0 255
637.693 359.605 0 0 0 255
636.943 358.306 0 0 0 255
637.693 359.605 0 0 0 255
636.943 359.806 0 0 0 255
636.943 358.306 0 0 0 255
636.943 359.806 0 0 0 255
636.193 359.605 0 0 0 255
636.943 358.306 0 0 0 255
636.193 359.605 0 0 0 255
635.644 359.056 0 0 0 255
636.943 358.306 0 0 0 255
635.644 359.056 0 0 0 255
635.443 358.306 0 0 0 255
636.943 358.306 0 0 0 255
635.443 358.306 0 0 0 255
635.644 357.556 0 0 0 255
636.943 358.306 0 0 0 255
635.644 357.556 0 0 0 255
636.193 357.007 0 0 0 255
636.943 358.306 0 0 0 255
636.193 357.007 0 0 0 255
636.943 356.806 0 0 0 255
636.943 358.306 0 0 0 255
636.943 356.806 0 0 0 255
637.693 357.007 0 0 0 255
636.943 358.306 0 0 0 255
637.693 357.007 0 0 0 255
638.242 357.556 0 0 0 255
636.943 358.306 0 0 0 255
638.242 357.556 0 0 0 255
638.443 358.306 0 0 0 255
637.393 359.737 0 0 0 255
636.493 356.875 0 0 0 255
638.205 359.481 0 0 0 255
636.493 356.875 0 0 0 255
637.305 356.619 0 0 0 255
638.205 359.481 0 0 0 255
637.755 358.05 0 0 0 255
639.255 358.05 0 0 0 255
639.054 358.8 0 0 0 255
637.755 358.05 0 0 0 255
639.054 358.8 0 0 0 255
638.505 359.349 0 0 0 255
637.755 358.05 0 0 0 255
638.505 359.349 0 0 0 255
637.755 359.55 0 0 0 255
637.755 358.05 0 0 0 255
637.755 359.55 0 0 0 255
637.005 359.349 0 0 0 255
637.755 358.05 0 0 0 255
637.005 359.349 0 0 0 255
636.456 358.8 0 0 0 255
637.755 358.05 0 0 0 255
636.456 358.8 0 0 0 255
636.255 358.05 0 0 0 255
637.755 358.05 0 0 0 255
636.255 358.05 0 0 0 255
636.456 357.3 0 0 0 255
637.755 358.05 0 0 0 255
636.456 357.3 0 0 0 255
637.005 356.751 0 0 0 255
637.755 358.05 0 0 0 255
637.005 356.751 0 0 0 255
637.755 356.55 0 0 0 255
637.755 358.05 0 0 0 255
637.755 356.55 0 0 0 255
638.505 356.751 0 0 0 255
637.755 358.05 0 0 0 255
638.505 356.751 0 0 0 255
639.054 357.3 0 0 0 255
637.755 358.05 0 0 0 255
639.054 357.3 0 0 0 255
639.255 358.05 0 0 0 255
638.281 359.455 0 0 0 255
637.23 356.645 0 0 0 255
638.957 359.202 0 0 0 255
637.23 356.645 0 0 0 255
637.906 356.392 0 0 0 255
638.957 359.202 0 0 0 255
638.431 357.797 0 0 0 255
639.931 357.797 0 0 0 255
639.73 358.547 0 0 0 255
638.431 357.797 0 0 0 255
639.73 358.547 0 0 0 255
639.181 359.096 0 0 0 255
638.431 357.797 0 0 0 255
639.181 359.096 0 0 0 255
638.431 359.297 0 0 0 255
638.431 357.797 0 0 0 255
638.431 359.297 0 0 0 255
637.681 359.096 0 0 0 255
638.431 357.797 0 0 0 255
637.681 359.096 0 0 0 255
637.132 358.547 0 0 0 255
638.431 357.797 0 0 0 255
637.132 358.547 0 0 0 255
636.931 357.797 0 0 0 255
638.431 357.797 0 0 0 255
636.931 357.797 0 0 0 255
637.132 357.047 0 0 0 255
638.431 357.797 0 0 0 255
637.132 357.047 0 0 0 255
637.681 356.498 0 0 0 255
638.431 357.797 0 0 0 255
637.681 356.498 0 0 0 255
638.431 356.297 0 0 0 255
638.431 357.797 0 0 0 255
638.431 356.297 0 0 0 255
639.181 356.498 0 0 0 255
638.431 357.797 0 0 0 255
639.181 356.498 0 0 0 255
639.73 357.047 0 0 0 255
638.431 357.797 0 0 0 255
639.73 357.047 0 0 0 255
639.931 357.797 0 0 0 255
639.063 359.158 0 0 0 255
637.8 356.437 0 0 0 255
639.603 358.908 0 0 0 255
637.8 356.437 0 0 0 255
638.34 356.186 0 0 0 255
639.603 358.908 0 0 0 255
638.972 357.547 0 0 0 255
640.472 357.547 0 0 0 255
640.271 358.297 0 0 0 255
638.972 357.547 0 0 0 255
640.271 358.297 0 0 0 255
639.722 358.846 0 0 0 255
638.972 357.547 0 0 0 255
639.722 358.846 0 0 0 255
638.972 359.047 0 0 0 255
638.972 357.547 0 0 0 255
638.972 359.047 0 0 0 255
638.222 358.846 0 0 0 255
638.972 357.547 0 0 0 255
638.222 358.846 0 0 0 255
637.673 358.297 0 0 0 255
638.972 357.547 0 0 0 255
637.673 358.297 0 0 0 255
637.472 357.547 0 0 0 255
638.972 357.547 0 0 0 255
637.472 357.547 0 0 0 255
637.673 356.797 0 0 0 255
638.972 357.547 0 0 0 255
637.673 356.797 0 0 0 255
638.222 356.248 0 0 0 255
638.972 357.547 0 0 0 255
638.222 356.248 0 0 0 255
638.972 356.047 0 0 0 255
638.972 357.547 0 0 0 255
638.972 356.047 0 0 0 255
639.722 356.248 0 0 0 255
638.972 357.547 0 0 0 255
639.722 356.248 0 0 0 255
640.271 356.797 0 0 0 255
638.972 357.547 0 0 0 255
640.271 356.797 0 0 0 255
640.472 357.547 0 0 0 255
639.688 358.865 0 0 0 255
638.256 356.229 0 0 0 255
640.131 358.624 0 0 0 255
638.256 356.229 0 0 0 255
638.699 355.988 0 0 0 255
640.131 358.624 0 0 0 255
639.415 357.306 0 0 0 255
640.915 357.306 0 0 0 255
640.714 358.056 0 0 0 255
639.415 357.306 0 0 0 255
640.714 358.056 0 0 0 255
640.165 358.605 0 0 0 255
639.415 357.306 0 0 0 255
640.165 358.605 0 0 0 255
639.415 358.806 0 0 0 255
639.415 357.306 0 0 0 255
639.415 358.806 0 0 0 255
638.665 358.605 0 0 0 255
639.415 357.306 0 0 0 255
638.665 358.605 0 0 0 255
638.116 358.056 0 0 0 255
639.415 357.306 0 0 0 255
638.116 358.056 0 0 0 255
637.915 357.306 0 0 0 255
639.415 357.306 0 0 0 255
637.915 357.306 0 0 0 255
638.116 356.556 0 0 0 255
639.415 357.306 0 0 0 255
638.116 356.556 0 0 0 255
638.665 356.007 0 0 0 255
639.415 357.306 0 0 0 255
638.665 356.007 0 0 0 255
639.415 355.806 0 0 0 255
639.415 357.306 0 0 0 255
639.415 355.806 0 0 0 255
640.165 356.007 0 0 0 255
639.415 357.306 0 0 0 255
640.165 356.007 0 0 0 255
640.714 356.556 0 0 0 255
639.415 357.306 0 0 0 255
640.714 356.556 0 0 0 255
640.915 357.306 0 0 0 255
640.167 358.604 0 0 0 255
638.662 356.008 0 0 0 255
640.553 358.38 0 0 0 255
638.662 356.008 0 0 0 255
639.048 355.785 0 0 0 255
640.553 358.38 0 0 0 255
639.801 357.082 0 0 0 255
641.301 357.082 0 0 0 255
641.1 357.832 0 0 0 255
639.801 357.082 0 0 0 255
641.1 357.832 0 0 0 255
640.551 358.382 0 0 0 255
639.801 357.082 0 0 0 255
640.551 358.382 0 0 0 255
639.801 358.582 0 0 0 255
639.801 357.082 0 0 0 255
639.801 358.582 0 0 0 255
639.051 358.382 0 0 0 255
639.801 357.082 0 0 0 255
639.051 358.382 0 0 0 255
638.502 357.832 0 0 0 255
639.801 357.082 0 0 0 255
638.502 357.832 0 0 0 255
638.301 357.082 0 0 0 255
639.801 357.082 0 0 0 255
638.301 357.082 0 0 0 255
638.502 356.332 0 0 0 255
639.801 357.082 0 0 0 255
638.502 356.332 0 0 0 255
639.051 355.783 0 0 0 255
639.801 357.082 0 0 0 255
639.051 355.783 0 0 0 255
639.801 355.582 0 0 0 255
639.801 357.082 0 0 0 255
639.801 355.582 0 0 0 255
640.551 355.783 0 0 0 255
639.801 357.082 0 0 0 255
640.551 355.783 0 0 0 255
641.1 356.332 0 0 0 255
639.801 357.082 0 0 0 255
641.1 356.332 0 0 0 255
641.301 357.082 0 0 0 255
640.599 358.352 0 0 0 255
639.002 355.813 0 0 0 255
640.927 358.146 0 0 0 255
639.002 355.813 0 0 0 255
639.331 355.606 0 0 0 255
640.927 358.146 0 0 0 255
640.129 356.876 0 0 0 255
641.629 356.876 0 0 0 255
641.428 357.626 0 0 0 255
640.129 356.876 0 0 0 255
641.428 357.626 0 0 0 255
640.879 358.175 0 0 0 255
640.129 356.876 0 0 0 255
640.879 358.175 0 0 0 255
640.129 358.376 0 0 0 255
640.129 356.876 0 0 0 255
640.129 358.376 0 0 0 255
639.379 358.175 0 0 0 255
640.129 356.876 0 0 0 255
639.379 358.175 0 0 0 255
638.83 357.626 0 0 0 255
640.129 356.876 0 0 0 255
638.83 357.626 0 0 0 255
638.629 356.876 0 0 0 255
640.129 356.876 0 0 0 255
638.629 356.876 0 0 0 255
638.83 356.126 0 0 0 255
640.129 356.876 0 0 0 255
638.83 356.126 0 0 0 255
639.379 355.577 0 0 0 255
640.129 356.876 0 0 0 255
639.379 355.577 0 0 0 255
640.129 355.376 0 0 0 255
640.129 356.876 0 0 0 255
640.129 355.376 0 0 0 255
640.879 355.577 0 0 0 255
640.129 356.876 0 0 0 255
640.879 355.577 0 0 0 255
641.428 356.126 0 0 0 255
640.129 356.876 0 0 0 255
641.428 356.126 0 0 0 255
641.629 356.876 0 0 0 255
640.988 358.105 0 0 0 255
639.269 355.647 0 0 0 255
641.259 357.916 0 0 0 255
639.269 355.647 0 0 0 255
639.54 355.457 0 0 0 255
641.259 357.916 0 0 0 255
640.4 356.687 0 0 0 255
641.9 356.687 0 0 0 255
641.699 357.437 0 0 0 255
640.4 356.687 0 0 0 255
641.699 357.437 0 0 0 255
641.15 357.986 0 0 0 255
640.4 356.687 0 0 0 255
641.15 357.986 0 0 0 255
640.4 358.187 0 0 0 255
640.4 356.687 0 0 0 255
640.4 358.187 0 0 0 255
639.65 357.986 0 0 0 255
640.4 356.687 0 0 0 255
639.65 357.986 0 0 0 255
639.101 357.437 0 0 0 255
640.4 356.687 0 0 0 255
639.101 357.437 0 0 0 255
638.9 356.687 0 0 0 255
640.4 356.687 0 0 0 255
638.9 356.687 0 0 0 255
639.101 355.937 0 0 0 255
640.4 356.687 0 0 0 255
639.101 355.937 0 0 0 255
639.65 355.388 0 0 0 255
640.4 356.687 0 0 0 255
639.65 355.388 0 0 0 255
640.4 355.187 0 0 0 255
640.4 356.687 0 0 0 255
640.4 355.187 0 0 0 255
641.15 355.388 0 0 0 255
640.4 356.687 0 0 0 255
641.15 355.388 0 0 0 255
641.699 355.937 0 0 0 255
640.4 356.687 0 0 0 255
641.699 355.937 0 0 0 255
641.9 356.687 0 0 0 255
641.342 357.854 0 0 0 255
639.458 355.519 0 0 0 255
641.555 357.682 0 0 0 255
639.458 355.519 0 0 0 255
639.671 355.347 0 0 0 255
641.555 357.682 0 0 0 255
640.613 356.515 0 0 0 255
642.113 356.515 0 0 0 255
641.912 357.265 0 0 0 255
640.613 356.515 0 0 0 255
641.912 357.265 0 0 0 255
641.363 357.814 0 0 0 255
640.613 356.515 0 0 0 255
641.363 357.814 0 0 0 255
640.613 358.015 0 0 0 255
640.613 356.515 0 0 0 255
640.613 358.015 0 0 0 255
639.863 357.814 0 0 0 255
640.613 356.515 0 0 0 255
639.863 357.814 0 0 0 255
639.314 357.265 0 0 0 255
640.613 356.515 0 0 0 255
639.314 357.265 0 0 0 255
639.113 356.515 0 0 0 255
640.613 356.515 0 0 0 255
639.113 356.515 0 0 0 255
639.314 355.765 0 0 0 255
640.613 356.515 0 0 0 255
639.314 355.765 0 0 0 255
639.863 355.215 0 0 0 255
640.613 356.515 0 0 0 255
639.863 355.215 0 0 0 255
640.613 355.015 0 0 0 255
640.613 356.515 0 0 0 255
640.613 355.015 0 0 0 255
641.363 355.215 0 0 0 255
640.613 356.515 0 0 0 255
641.363 355.215 0 0 0 255
641.912 355.765 0 0 0 255
640.613 356.515 0 0 0 255
641.912 355.765 0 0 0 255
642.113 356.515 0 0 0 255
641.671 357.578 0 0 0 255
639.555 355.451 0 0 0 255
641.827 357.423 0 0 0 255
639.555 355.451 0 0 0 255
639.711 355.296 0 0 0 255
641.827 357.423 0 0 0 255
640.769 356.359 0 0 0 255
642.269 356.359 0 0 0 255
642.068 357.109 0 0 0 255
640.769 356.359 0 0 0 255
642.068 357.109 0 0 0 255
641.519 357.659 0 0 0 255
640.769 356.359 0 0 0 255
641.519 357.659 0 0 0 255
640.769 357.859 0 0 0 255
640.769 356.359 0 0 0 255
640.769 357.859 0 0 0 255
640.019 357.659 0 0 0 255
640.769 356.359 0 0 0 255
640.019 357.659 0 0 0 255
639.47 357.109 0 0 0 255
640.769 356.359 0 0 0 255
639.47 357.109 0 0 0 255
639.269 356.359 0 0 0 255
640.769 356.359 0 0 0 255
639.269 356.359 0 0 0 255
639.47 355.609 0 0 0 255
640.769 356.359 0 0 0 255
639.47 355.609 0 0 0 255
640.019 355.06 0 0 0 255
640.769 356.359 0 0 0 255
640.019 355.06 0 0 0 255
640.769 354.859 0 0 0 255
640.769 356.359 0 0 0 255
640.769 354.859 0 0 0 255
641.519 355.06 0 0 0 255
640.769 356.359 0 0 0 255
641.519 355.06 0 0 0 255
642.068 355.609 0 0 0 255
640.769 356.359 0 0 0 255
642.068 355.609 0 0 0 255
642.269 356.359 0 0 0 255
641.902 357.343 0 0 0 255
639.636 355.376 0 0 0 255
642.283 356.903 0 0 0 255
639.636 355.376 0 0 0 255
640.018 354.937 0 0 0 255
642.283 356.903 0 0 0 255
641.151 355.92 0 0 0 255
642.651 355.92 0 0 0 255
642.45 356.67 0 0 0 255
641.151 355.92 0 0 0 255
642.45 356.67 0 0 0 255
641.901 357.219 0 0 0 255
641.151 355.92 0 0 0 255
641.901 357.219 0 0 0 255
641.151 357.42 0 0 0 255
641.151 355.92 0 0 0 255
641.151 357.42 0 0 0 255
640.401 357.219 0 0 0 255
641.151 355.92 0 0 0 255
640.401 357.219 0 0 0 255
639.852 356.67 0 0 0 255
641.151 355.92 0 0 0 255
639.852 356.67 0 0 0 255
639.651 355.92 0 0 0 255
641.151 355.92 0 0 0 255
639.651 355.92 0 0 0 255
639.852 355.17 0 0 0 255
641.151 355.92 0 0 0 255
639.852 355.17 0 0 0 255
640.401 354.621 0 0 0 255
641.151 355.92 0 0 0 255
640.401 354.621 0 0 0 255
641.151 354.42 0 0 0 255
641.151 355.92 0 0 0 255
641.151 354.42 0 0 0 255
641.901 354.621 0 0 0 255
641.151 355.92 0 0 0 255
641.901 354.621 0 0 0 255
642.45 355.17 0 0 0 255
641.151 355.92 0 0 0 255
642.45 355.17 0 0 0 255
642.651 355.92 0 0 0 255
641.151 355.92 0 0 0 255
642.651 355.92 0 0 0 255
642.536 356.494 0 0 0 255
641.151 355.92 0 0 0 255
642.536 356.494 0 0 0 255
642.211 356.981 0 0 0 255
641.151 355.92 0 0 0 255
642.211 356.981 0 0 0 255
641.725 357.306 0 0 0 255
641.151 355.92 0 0 0 255
641.725 357.306 0 0 0 255
641.151 357.42 0 0 0 255
641.151 355.92 0 0 0 255
641.151 357.42 0 0 0 255
640.576 357.306 0 0 0 255
641.151 355.92 0 0 0 255
640.576 357.306 0 0 0 255
640.09 356.981 0 0 0 255
641.151 355.92 0 0 0 255
640.09 356.981 0 0 0 255
639.765 356.494 0 0 0 255
641.151 355.92 0 0 0 255
639.765 356.494 0 0 0 255
639.651 355.92 0 0 0 255
641.151 355.92 0 0 0 255
639.651 355.92 0 0 0 255
639.765 355.346 0 0 0 255
641.151 355.92 0 0 0 255
639.765 355.346 0 0 0 255
640.09 354.859 0 0 0 255
641.151 355.92 0 0 0 255
640.09 354.859 0 0 0 255
640.576 354.534 0 0 0 255
641.151 355.92 0 0 0 255
640.576 354.534 0 0 0 255
641.151 354.42 0 0 0 255
641.151 355.92 0 0 0 255
641.151 354.42 0 0 0 255
641.725 354.534 0 0 0 255
641.151 355.92 0 0 0 255
641.725 354.534 0 0 0 255
642.211 354.859 0 0 0 255
641.151 355.92 0 0 0 255
642.211 354.859 0 0 0 255
642.536 355.346 0 0 0 255
641.151 355.92 0 0 0 255
642.536 355.346 0 0 0 255
642.651 355.92 0 0 0 255
0 2 0 11772
226.337 296.505 0 0 0 255
227.837 296.505 0 0 0 255
227.723 297.079 0 0 0 255
226.337 296.505 0 0 0 255
227.723 297.079 0 0 0 255
227.398 297.566 0 0 0 255
226.337 296.505 0 0 0 255
227.398 297.566 0 0 0 255
226.911 297.891 0 0 0 255
226.337 296.505 0 0 0 255
226.911 297.891 0 0 0 255
226.337 298.005 0 0 0 255
226.337 296.505 0 0 0 255
226.337 298.005 0 0 0 255
225.763 297.891 0 0 0 255
226.337 296.505 0 0 0 255
225.763 297.891 0 0 0 255
225.276 297.566 0 0 0 255
226.337 296.505 0 0 0 255
225.276 297.566 0 0 0 255
224.951 297.079 0 0 0 255
226.337 296.505 0 0 0 255
224.951 297.079 0 0 0 255
224.837 296.505 0 0 0 255
226.337 296.505 0 0 0 255
224.837 296.505 0 0 0 255
224.951 295.931 0 0 0 255
226.337 296.505 0 0 0 255
224.951 295.931 0 0 0 255
225.276 295.445 0 0 0 255
226.337 296.505 0 0 0 255
225.276 295.445 0 0 0 255
225.763 295.12 0 0 0 255
226.337 296.505 0 0 0 255
225.763 295.12 0 0 0 255
226.337 295.005 0 0 0 255
226.337 296.505 0 0 0 255
226.337 295.005 0 0 0 255
226.911 295.12 0 0 0 255
226.337 296.505 0 0 0 255
226.911 295.12 0 0 0 255
227.398 295.445 0 0 0 255
226.337 296.505 0 0 0 255
227.398 295.445 0 0 0 255
227.723 295.931 0 0 0 255
226.337 296.505 0 0 0 255
227.723 295.931 0 0 0 255
227.837 296.505 0 0 0 255
225.231 295.492 0 0 0 255
227.443 297.519 0 0 0 255
225.131 295.602 0 0 0 255
227.443 297.519 0 0 0 255
227.342 297.629 0 0 0 255
225.131 295.602 0 0 0 255
226.236 296.615 0 0 0 255
227.736 296.615 0 0 0 255
227.535 297.365 0 0 0 255
226.236 296.615 0 0 0 255
227.535 297.365 0 0 0 255
226.986 297.914 0 0 0 255
226.236 296.615 0 0 0 255
226.986 297.914 0 0 0 255
226.236 298.115 0 0 0 255
226.236 296.615 0 0 0 255
226.236 298.115 0 0 0 255
225.486 297.914 0 0 0 255
226.236 296.615 0 0 0 255
225.486 297.914 0 0 0 255
224.937 297.365 0 0 0 255
226.236 296.615 0 0 0 255
224.937 297.365 0 0 0 255
224.736 296.615 0 0 0 255
226.236 296.615 0 0 0 255
224.736 296.615 0 0 0 255
224.937 295.865 0 0 0 255
226.236 296.615 0 0 0 255
224.937 295.865 0 0 0 255
225.486 295.316 0 0 0 255
226.236 296.615 0 0 0 255
225.486 295.316 0 0 0 255
226.236 295.115 0 0 0 255
226.236 296.615 0 0 0 255
226.236 295.115 0 0 0 255
226.986 295.316 0 0 0 255
226.236 296.615 0 0 0 255
226.986 295.316 0 0 0 255
227.535 295.865 0 0 0 255
226.236 296.615 0 0 0 255
227.535 295.865 0 0 0 255
227.736 296.615 0 0 0 255
225.131 295.601 0 0 0 255
227.342 297.629 0 0 0 255
224.829 295.93 0 0 0 255
227.342 297.629 0 0 0 255
227.04 297.958 0 0 0 255
224.829 295.93 0 0 0 255
225.935 296.944 0 0 0 255
227.435 296.944 0 0 0 255
227.234 297.694 0 0 0 255
225.935 296.944 0 0 0 255
227.234 297.694 0 0 0 255
226.685 298.243 0 0 0 255
225.935 296.944 0 0 0 255
226.685 298.243 0 0 0 255
225.935 298.444 0 0 0 255
225.935 296.944 0 0 0 255
225.935 298.444 0 0 0 255
225.185 298.243 0 0 0 255
225.935 296.944 0 0 0 255
225.185 298.243 0 0 0 255
224.636 297.694 0 0 0 255
225.935 296.944 0 0 0 255
224.636 297.694 0 0 0 255
224.435 296.944 0 0 0 255
225.935 296.944 0 0 0 255
224.435 296.944 0 0 0 255
224.636 296.194 0 0 0 255
225.935 296.944 0 0 0 255
224.636 296.194 0 0 0 255
225.185 295.645 0 0 0 255
225.935 296.944 0 0 0 255
225.185 295.645 0 0 0 255
225.935 295.444 0 0 0 255
225.935 296.944 0 0 0 255
225.935 295.444 0 0 0 255
226.685 295.645 0 0 0 255
225.935 296.944 0 0 0 255
226.685 295.645 0 0 0 255
227.234 296.194 0 0 0 255
225.935 296.944 0 0 0 255
227.234 296.194 0 0 0 255
227.435 296.944 0 0 0 255
224.829 295.931 0 0 0 255
227.04 297.958 0 0 0 255
224.326 296.479 0 0 0 255
227.04 297.958 0 0 0 255
226.538 298.506 0 0 0 255
224.326 296.479 0 0 0 255
225.432 297.493 0 0 0 255
226.932 297.493 0 0 0 255
226.731 298.243 0 0 0 255
225.432 297.493 0 0 0 255
226.731 298.243 0 0 0 255
226.182 298.792 0 0 0 255
225.432 297.493 0 0 0 255
226.182 298.792 0 0 0 255
225.432 298.993 0 0 0 255
225.432 297.493 0 0 0 255
225.432 298.993 0 0 0 255
224.682 298.792 0 0 0 255
225.432 297.493 0 0 0 255
224.682 298.792 0 0 0 255
224.133 298.243 0 0 0 255
225.432 297.493 0 0 0 255
224.133 298.243 0 0 0 255
223.932 297.493 0 0 0 255
225.432 297.493 0 0 0 255
223.932 297.493 0 0 0 255
224.133 296.743 0 0 0 255
225.432 297.493 0 0 0 255
224.133 296.743 0 0 0 255
224.682 296.194 0 0 0 255
225.432 297.493 0 0 0 255
224.682 296.194 0 0 0 255
225.432 295.993 0 0 0 255
225.432 297.493 0 0 0 255
225.432 295.993 0 0 0 255
226.182 296.194 0 0 0 255
225.432 297.493 0 0 0 255
226.182 296.194 0 0 0 255
226.731 296.743 0 0 0 255
225.432 297.493 0 0 0 255
226.731 296.743 0 0 0 255
226.932 297.493 0 0 0 255
224.326 296.479 0 0 0 255
226.538 298.506 0 0 0 255
223.622 297.247 0 0 0 255
226.538 298.506 0 0 0 255
225.834 299.274 0 0 0 255
223.622 297.247 0 0 0 255
224.728 298.261 0 0 0 255
226.228 298.261 0 0 0 255
226.027 299.011 0 0 0 255
224.728 298.261 0 0 0 255
226.027 299.011 0 0 0 255
225.478 299.56 0 0 0 255
224.728 298.261 0 0 0 255
225.478 299.56 0 0 0 255
224.728 299.761 0 0 0 255
224.728 298.261 0 0 0 255
224.728 299.761 0 0 0 255
223.978 299.56 0 0 0 255
224.728 298.261 0 0 0 255
223.978 299.56 0 0 0 255
223.429 299.011 0 0 0 255
224.728 298.261 0 0 0 255
223.429 299.011 0 0 0 255
223.228 298.261 0 0 0 255
224.728 298.261 0 0 0 255
223.228 298.261 0 0 0 255
223.429 297.511 0 0 0 255
224.728 298.261 0 0 0 255
223.429 297.511 0 0 0 255
223.978 296.962 0 0 0 255
224.728 298.261 0 0 0 255
223.978 296.962 0 0 0 255
224.728 296.761 0 0 0 255
224.728 298.261 0 0 0 255
224.728 296.761 0 0 0 255
225.478 296.962 0 0 0 255
224.728 298.261 0 0 0 255
225.478 296.962 0 0 0 255
226.027 297.511 0 0 0 255
224.728 298.261 0 0 0 255
226.027 297.511 0 0 0 255
226.228 298.261 0 0 0 255
223.622 297.247 0 0 0 255
225.834 299.274 0 0 0 255
222.717 298.234 0 0 0 255
225.834 299.274 0 0 0 255
224.929 300.262 0 0 0 255
222.717 298.234 0 0 0 255
223.823 299.248 0 0 0 255
225.323 299.248 0 0 0 255
225.122 299.998 0 0 0 255
223.823 299.248 0 0 0 255
225.122 299.998 0 0 0 255
224.573 300.547 0 0 0 255
223.823 299.248 0 0 0 255
224.573 300.547 0 0 0 255
223.823 300.748 0 0 0 255
223.823 299.248 0 0 0 255
223.823 300.748 0 0 0 255
223.073 300.547 0 0 0 255
223.823 299.248 0 0 0 255
223.073 300.547 0 0 0 255
222.524 299.998 0 0 0 255
223.823 299.248 0 0 0 255
222.524 299.998 0 0 0 255
222.323 299.248 0 0 0 255
223.823 299.248 0 0 0 255
222.323 299.248 0 0 0 255
222.524 298.498 0 0 0 255
223.823 299.248 0 0 0 255
222.524 298.498 0 0 0 255
223.073 297.949 0 0 0 255
223.823 299.248 0 0 0 255
223.073 297.949 0 0 0 255
223.823 297.748 0 0 0 255
223.823 299.248 0 0 0 255
223.823 297.748 0 0 0 255
224.573 297.949 0 0 0 255
223.823 299.248 0 0 0 255
224.573 297.949 0 0 0 255
225.122 298.498 0 0 0 255
223.823 299.248 0 0 0 255
225.122 298.498 0 0 0 255
225.323 299.248 0 0 0 255
222.717 298.234 0 0 0 255
224.929 300.262 0 0 0 255
221.611 299.441 0 0 0 255
224.929 300.262 0 0 0 255
223.823 301.468 0 0 0 255
221.611 299.441 0 0 0 255
222.717 300.455 0 0 0 255
224.217 300.455 0 0 0 255
224.016 301.205 0 0 0 255
222.717 300.455 0 0 0 255
224.016 301.205 0 0 0 255
223.467 301.754 0 0 0 255
222.717 300.455 0 0 0 255
223.467 301.754 0 0 0 255
222.717 301.955 0 0 0 255
222.717 300.455 0 0 0 255
222.717 301.955 0 0 0 255
221.967 301.754 0 0 0 255
222.717 300.455 0 0 0 255
221.967 301.754 0 0 0 255
221.418 301.205 0 0 0 255
222.717 300.455 0 0 0 255
221.418 301.205 0 0 0 255
221.217 300.455 0 0 0 255
222.717 300.455 0 0 0 255
221.217 300.455 0 0 0 255
221.418 299.705 0 0 0 255
222.717 300.455 0 0 0 255
221.418 299.705 0 0 0 255
221.967 299.156 0 0 0 255
222.717 300.455 0 0 0 255
221.967 299.156 0 0 0 255
222.717 298.955 0 0 0 255
222.717 300.455 0 0 0 255
222.717 298.955 0 0 0 255
223.467 299.156 0 0 0 255
222.717 300.455 0 0 0 255
223.467 299.156 0 0 0 255
224.016 299.705 0 0 0 255
222.717 300.455 0 0 0 255
224.016 299.705 0 0 0 255
224.217 300.455 0 0 0 255
221.604 299.449 0 0 0 255
223.829 301.461 0 0 0 255
220.387 300.794 0 0 0 255
223.829 301.461 0 0 0 255
222.613 302.806 0 0 0 255
220.387 300.794 0 0 0 255
221.5 301.8 0 0 0 255
223 301.8 0 0 0 255
222.799 302.55 0 0 0 255
221.5 301.8 0 0 0 255
222.799 302.55 0 0 0 255
222.25 303.1 0 0 0 255
221.5 301.8 0 0 0 255
222.25 303.1 0 0 0 255
221.5 303.3 0 0 0 255
221.5 301.8 0 0 0 255
221.5 303.3 0 0 0 255
220.75 303.1 0 0 0 255
221.5 301.8 0 0 0 255
220.75 303.1 0 0 0 255
220.201 302.55 0 0 0 255
221.5 301.8 0 0 0 255
220.201 302.55 0 0 0 255
220 301.8 0 0 0 255
221.5 301.8 0 0 0 255
220 301.8 0 0 0 255
220.201 301.05 0 0 0 255
221.5 301.8 0 0 0 255
220.201 301.05 0 0 0 255
220.75 300.501 0 0 0 255
221.5 301.8 0 0 0 255
220.75 300.501 0 0 0 255
221.5 300.3 0 0 0 255
221.5 301.8 0 0 0 255
221.5 300.3 0 0 0 255
222.25 300.501 0 0 0 255
221.5 301.8 0 0 0 255
222.25 300.501 0 0 0 255
222.799 301.05 0 0 0 255
221.5 301.8 0 0 0 255
222.799 301.05 0 0 0 255
223 301.8 0 0 0 255
220.374 300.809 0 0 0 255
222.626 302.792 0 0 0 255
219.138 302.213 0 0 0 255
222.626 302.792 0 0 0 255
221.389 304.196 0 0 0 255
219.138 302.213 0 0 0 255
220.263 303.205 0 0 0 255
221.763 303.205 0 0 0 255
221.562 303.955 0 0 0 255
220.263 303.205 0 0 0 255
221.562 303.955 0 0 0 255
221.013 304.504 0 0 0 255
220.263 303.205 0 0 0 255
221.013 304.504 0 0 0 255
220.263 304.705 0 0 0 255
220.263 303.205 0 0 0 255
220.263 304.705 0 0 0 255
219.513 304.504 0 0 0 255
220.263 303.205 0 0 0 255
219.513 304.504 0 0 0 255
218.964 303.955 0 0 0 255
220.263 303.205 0 0 0 255
218.964 303.955 0 0 0 255
218.763 303.205 0 0 0 255
220.263 303.205 0 0 0 255
218.763 303.205 0 0 0 255
218.964 302.455 0 0 0 255
220.263 303.205 0 0 0 255
218.964 302.455 0 0 0 255
219.513 301.906 0 0 0 255
220.263 303.205 0 0 0 255
219.513 301.906 0 0 0 255
220.263 301.705 0 0 0 255
220.263 303.205 0 0 0 255
220.263 301.705 0 0 0 255
221.013 301.906 0 0 0 255
220.263 303.205 0 0 0 255
221.013 301.906 0 0 0 255
221.562 302.455 0 0 0 255
220.263 303.205 0 0 0 255
221.562 302.455 0 0 0 255
221.763 303.205 0 0 0 255
219.125 302.227 0 0 0 255
221.401 304.182 0 0 0 255
217.868 303.69 0 0 0 255
221.401 304.182 0 0 0 255
220.144 305.645 0 0 0 255
217.868 303.69 0 0 0 255
219.006 304.667 0 0 0 255
220.506 304.667 0 0 0 255
220.305 305.417 0 0 0 255
219.006 304.667 0 0 0 255
220.305 305.417 0 0 0 255
219.756 305.966 0 0 0 255
219.006 304.667 0 0 0 255
219.756 305.966 0 0 0 255
219.006 306.167 0 0 0 255
219.006 304.667 0 0 0 255
219.006 306.167 0 0 0 255
218.256 305.966 0 0 0 255
219.006 304.667 0 0 0 255
218.256 305.966 0 0 0 255
217.707 305.417 0 0 0 255
219.006 304.667 0 0 0 255
217.707 305.417 0 0 0 255
217.506 304.667 0 0 0 255
219.006 304.667 0 0 0 255
217.506 304.667 0 0 0 255
217.707 303.917 0 0 0 255
219.006 304.667 0 0 0 255
217.707 303.917 0 0 0 255
218.256 303.368 0 0 0 255
219.006 304.667 0 0 0 255
218.256 303.368 0 0 0 255
219.006 303.167 0 0 0 255
219.006 304.667 0 0 0 255
219.006 303.167 0 0 0 255
219.756 303.368 0 0 0 255
219.006 304.667 0 0 0 255
219.756 303.368 0 0 0 255
220.305 303.917 0 0 0 255
219.006 304.667 0 0 0 255
220.305 303.917 0 0 0 255
220.506 304.667 0 0 0 255
217.857 303.703 0 0 0 255
220.155 305.632 0 0 0 255
216.58 305.224 0 0 0 255
220.155 305.632 0 0 0 255
218.878 307.153 0 0 0 255
216.58 305.224 0 0 0 255
217.729 306.189 0 0 0 255
219.229 306.189 0 0 0 255
219.028 306.939 0 0 0 255
217.729 306.189 0 0 0 255
219.028 306.939 0 0 0 255
218.479 307.488 0 0 0 255
217.729 306.189 0 0 0 255
218.479 307.488 0 0 0 255
217.729 307.689 0 0 0 255
217.729 306.189 0 0 0 255
217.729 307.689 0 0 0 255
216.979 307.488 0 0 0 255
217.729 306.189 0 0 0 255
216.979 307.488 0 0 0 255
216.43 306.939 0 0 0 255
217.729 306.189 0 0 0 255
216.43 306.939 0 0 0 255
216.229 306.189 0 0 0 255
217.729 306.189 0 0 0 255
216.229 306.189 0 0 0 255
216.43 305.439 0 0 0 255
217.729 306.189 0 0 0 255
216.43 305.439 0 0 0 255
216.979 304.89 0 0 0 255
217.729 306.189 0 0 0 255
216.979 304.89 0 0 0 255
217.729 304.689 0 0 0 255
217.729 306.189 0 0 0 255
217.729 304.689 0 0 0 255
218.479 304.89 0 0 0 255
217.729 306.189 0 0 0 255
218.479 304.89 0 0 0 255
219.028 305.439 0 0 0 255
217.729 306.189 0 0 0 255
219.028 305.439 0 0 0 255
219.229 306.189 0 0 0 255
216.57 305.237 0 0 0 255
218.888 307.141 0 0 0 255
215.273 306.816 0 0 0 255
218.888 307.141 0 0 0 255
217.591 308.72 0 0 0 255
215.273 306.816 0 0 0 255
216.432 307.768 0 0 0 255
217.932 307.768 0 0 0 255
217.731 308.518 0 0 0 255
216.432 307.768 0 0 0 255
217.731 308.518 0 0 0 255
217.182 309.067 0 0 0 255
216.432 307.768 0 0 0 255
217.182 309.067 0 0 0 255
216.432 309.268 0 0 0 255
216.432 307.768 0 0 0 255
216.432 309.268 0 0 0 255
215.682 309.067 0 0 0 255
216.432 307.768 0 0 0 255
215.682 309.067 0 0 0 255
215.133 308.518 0 0 0 255
216.432 307.768 0 0 0 255
215.133 308.518 0 0 0 255
214.932 307.768 0 0 0 255
216.432 307.768 0 0 0 255
214.932 307.768 0 0 0 255
215.133 307.018 0 0 0 255
216.432 307.768 0 0 0 255
215.133 307.018 0 0 0 255
215.682 306.469 0 0 0 255
216.432 307.768 0 0 0 255
215.682 306.469 0 0 0 255
216.432 306.268 0 0 0 255
216.432 307.768 0 0 0 255
216.432 306.268 0 0 0 255
217.182 306.469 0 0 0 255
216.432 307.768 0 0 0 255
217.182 306.469 0 0 0 255
217.731 307.018 0 0 0 255
216.432 307.768 0 0 0 255
217.731 307.018 0 0 0 255
217.932 307.768 0 0 0 255
215.263 306.828 0 0 0 255
217.601 308.708 0 0 0 255
213.946 308.467 0 0 0 255
217.601 308.708 0 0 0 255
216.283 310.347 0 0 0 255
213.946 308.467 0 0 0 255
215.115 309.407 0 0 0 255
216.615 309.407 0 0 0 255
216.414 310.157 0 0 0 255
215.115 309.407 0 0 0 255
216.414 310.157 0 0 0 255
215.865 310.706 0 0 0 255
215.115 309.407 0 0 0 255
215.865 310.706 0 0 0 255
215.115 310.907 0 0 0 255
215.115 309.407 0 0 0 255
215.115 310.907 0 0 0 255
214.365 310.706 0 0 0 255
215.115 309.407 0 0 0 255
214.365 310.706 0 0 0 255
213.815 310.157 0 0 0 255
215.115 309.407 0 0 0 255
213.815 310.157 0 0 0 255
213.615 309.407 0 0 0 255
215.115 309.407 0 0 0 255
213.615 309.407 0 0 0 255
213.815 308.657 0 0 0 255
215.115 309.407 0 0 0 255
213.815 308.657 0 0 0 255
214.365 308.108 0 0 0 255
215.115 309.407 0 0 0 255
214.365 308.108 0 0 0 255
215.115 307.907 0 0 0 255
215.115 309.407 0 0 0 255
215.115 307.907 0 0 0 255
215.865 308.108 0 0 0 255
215.115 309.407 0 0 0 255
215.865 308.108 0 0 0 255
216.414 308.657 0 0 0 255
215.115 309.407 0 0 0 255
216.414 308.657 0 0 0 255
216.615 309.407 0 0 0 255
213.945 308.467 0 0 0 255
216.284 310.346 0 0 0 255
212.581 310.165 0 0 0 255
216.284 310.346 0 0 0 255
214.919 312.044 0 0 0 255
212.581 310.165 0 0 0 255
213.75 311.104 0 0 0 255
215.25 311.104 0 0 0 255
215.049 311.854 0 0 0 255
213.75 311.104 0 0 0 255
215.049 311.854 0 0 0 255
214.5 312.403 0 0 0 255
213.75 311.104 0 0 0 255
214.5 312.403 0 0 0 255
213.75 312.604 0 0 0 255
213.75 311.104 0 0 0 255
213.75 312.604 0 0 0 255
213 312.403 0 0 0 255
213.75 311.104 0 0 0 255
213 312.403 0 0 0 255
212.451 311.854 0 0 0 255
213.75 311.104 0 0 0 255
212.451 311.854 0 0 0 255
212.25 311.104 0 0 0 255
213.75 311.104 0 0 0 255
212.25 311.104 0 0 0 255
212.451 310.354 0 0 0 255
213.75 311.104 0 0 0 255
212.451 310.354 0 0 0 255
213 309.805 0 0 0 255
213.75 311.104 0 0 0 255
213 309.805 0 0 0 255
213.75 309.604 0 0 0 255
213.75 311.104 0 0 0 255
213.75 309.604 0 0 0 255
214.5 309.805 0 0 0 255
213.75 311.104 0 0 0 255
214.5 309.805 0 0 0 255
215.049 310.354 0 0 0 255
213.75 311.104 0 0 0 255
215.049 310.354 0 0 0 255
215.25 311.104 0 0 0 255
212.589 310.154 0 0 0 255
214.91 312.055 0 0 0 255
211.149 311.913 0 0 0 255
214.91 312.055 0 0 0 255
213.47 313.813 0 0 0 255
211.149 311.913 0 0 0 255
212.309 312.863 0 0 0 255
213.809 312.863 0 0 0 255
213.608 313.613 0 0 0 255
212.309 312.863 0 0 0 255
213.608 313.613 0 0 0 255
213.059 314.162 0 0 0 255
212.309 312.863 0 0 0 255
213.059 314.162 0 0 0 255
212.309 314.363 0 0 0 255
212.309 312.863 0 0 0 255
212.309 314.363 0 0 0 255
211.559 314.162 0 0 0 255
212.309 312.863 0 0 0 255
211.559 314.162 0 0 0 255
211.01 313.613 0 0 0 255
212.309 312.863 0 0 0 255
211.01 313.613 0 0 0 255
210.809 312.863 0 0 0 255
212.309 312.863 0 0 0 255
210.809 312.863 0 0 0 255
211.01 312.113 0 0 0 255
212.309 312.863 0 0 0 255
211.01 312.113 0 0 0 255
211.559 311.564 0 0 0 255
212.309 312.863 0 0 0 255
211.559 311.564 0 0 0 255
212.309 311.363 0 0 0 255
212.309 312.863 0 0 0 255
212.309 311.363 0 0 0 255
213.059 311.564 0 0 0 255
212.309 312.863 0 0 0 255
213.059 311.564 0 0 0 255
213.608 312.113 0 0 0 255
212.309 312.863 0 0 0 255
213.608 312.113 0 0 0 255
213.809 312.863 0 0 0 255
211.157 311.903 0 0 0 255
213.462 313.823 0 0 0 255
209.642 313.722 0 0 0 255
213.462 313.823 0 0 0 255
211.947 315.642 0 0 0 255
209.642 313.722 0 0 0 255
210.794 314.682 0 0 0 255
212.294 314.682 0 0 0 255
212.093 315.432 0 0 0 255
210.794 314.682 0 0 0 255
212.093 315.432 0 0 0 255
211.544 315.981 0 0 0 255
210.794 314.682 0 0 0 255
211.544 315.981 0 0 0 255
210.794 316.182 0 0 0 255
210.794 314.682 0 0 0 255
210.794 316.182 0 0 0 255
210.044 315.981 0 0 0 255
210.794 314.682 0 0 0 255
210.044 315.981 0 0 0 255
209.495 315.432 0 0 0 255
210.794 314.682 0 0 0 255
209.495 315.432 0 0 0 255
209.294 314.682 0 0 0 255
210.794 314.682 0 0 0 255
209.294 314.682 0 0 0 255
209.495 313.932 0 0 0 255
210.794 314.682 0 0 0 255
209.495 313.932 0 0 0 255
210.044 313.383 0 0 0 255
210.794 314.682 0 0 0 255
210.044 313.383 0 0 0 255
210.794 313.182 0 0 0 255
210.794 314.682 0 0 0 255
210.794 313.182 0 0 0 255
211.544 313.383 0 0 0 255
210.794 314.682 0 0 0 255
211.544 313.383 0 0 0 255
212.093 313.932 0 0 0 255
210.794 314.682 0 0 0 255
212.093 313.932 0 0 0 255
212.294 314.682 0 0 0 255
209.649 313.713 0 0 0 255
211.939 315.651 0 0 0 255
208.059 315.593 0 0 0 255
211.939 315.651 0 0 0 255
210.349 317.531 0 0 0 255
208.059 315.593 0 0 0 255
209.204 316.562 0 0 0 255
210.704 316.562 0 0 0 255
210.503 317.312 0 0 0 255
209.204 316.562 0 0 0 255
210.503 317.312 0 0 0 255
209.954 317.861 0 0 0 255
209.204 316.562 0 0 0 255
209.954 317.861 0 0 0 255
209.204 318.062 0 0 0 255
209.204 316.562 0 0 0 255
209.204 318.062 0 0 0 255
208.454 317.861 0 0 0 255
209.204 316.562 0 0 0 255
208.454 317.861 0 0 0 255
207.905 317.312 0 0 0 255
209.204 316.562 0 0 0 255
207.905 317.312 0 0 0 255
207.704 316.562 0 0 0 255
209.204 316.562 0 0 0 255
207.704 316.562 0 0 0 255
207.905 315.812 0 0 0 255
209.204 316.562 0 0 0 255
207.905 315.812 0 0 0 255
208.454 315.263 0 0 0 255
209.204 316.562 0 0 0 255
208.454 315.263 0 0 0 255
209.204 315.062 0 0 0 255
209.204 316.562 0 0 0 255
209.204 315.062 0 0 0 255
209.954 315.263 0 0 0 255
209.204 316.562 0 0 0 255
209.954 315.263 0 0 0 255
210.503 315.812 0 0 0 255
209.204 316.562 0 0 0 255
210.503 315.812 0 0 0 255
210.704 316.562 0 0 0 255
208.066 315.585 0 0 0 255
210.342 317.539 0 0 0 255
206.4 317.526 0 0 0 255
210.342 317.539 0 0 0 255
208.677 319.48 0 0 0 255
206.4 317.526 0 0 0 255
207.538 318.503 0 0 0 255
209.038 318.503 0 0 0 255
208.837 319.253 0 0 0 255
207.538 318.503 0 0 0 255
208.837 319.253 0 0 0 255
208.288 319.802 0 0 0 255
207.538 318.503 0 0 0 255
208.288 319.802 0 0 0 255
207.538 320.003 0 0 0 255
207.538 318.503 0 0 0 255
207.538 320.003 0 0 0 255
206.788 319.802 0 0 0 255
207.538 318.503 0 0 0 255
206.788 319.802 0 0 0 255
206.239 319.253 0 0 0 255
207.538 318.503 0 0 0 255
206.239 319.253 0 0 0 255
206.038 318.503 0 0 0 255
207.538 318.503 0 0 0 255
206.038 318.503 0 0 0 255
206.239 317.753 0 0 0 255
207.538 318.503 0 0 0 255
206.239 317.753 0 0 0 255
206.788 317.204 0 0 0 255
207.538 318.503 0 0 0 255
206.788 317.204 0 0 0 255
207.538 317.003 0 0 0 255
207.538 318.503 0 0 0 255
207.538 317.003 0 0 0 255
208.288 317.204 0 0 0 255
207.538 318.503 0 0 0 255
208.288 317.204 0 0 0 255
208.837 317.753 0 0 0 255
207.538 318.503 0 0 0 255
208.837 317.753 0 0 0 255
209.038 318.503 0 0 0 255
206.406 317.518 0 0 0 255
208.67 319.487 0 0 0 255
204.666 319.52 0 0 0 255
208.67 319.487 0 0 0 255
206.929 321.488 0 0 0 255
204.666 319.52 0 0 0 255
205.798 320.504 0 0 0 255
207.298 320.504 0 0 0 255
207.097 321.254 0 0 0 255
205.798 320.504 0 0 0 255
207.097 321.254 0 0 0 255
206.548 321.803 0 0 0 255
205.798 320.504 0 0 0 255
206.548 321.803 0 0 0 255
205.798 322.004 0 0 0 255
205.798 320.504 0 0 0 255
205.798 322.004 0 0 0 255
205.048 321.803 0 0 0 255
205.798 320.504 0 0 0 255
205.048 321.803 0 0 0 255
204.499 321.254 0 0 0 255
205.798 320.504 0 0 0 255
204.499 321.254 0 0 0 255
204.298 320.504 0 0 0 255
205.798 320.504 0 0 0 255
204.298 320.504 0 0 0 255
204.499 319.754 0 0 0 255
205.798 320.504 0 0 0 255
204.499 319.754 0 0 0 255
205.048 319.205 0 0 0 255
205.798 320.504 0 0 0 255
205.048 319.205 0 0 0 255
205.798 319.004 0 0 0 255
205.798 320.504 0 0 0 255
205.798 319.004 0 0 0 255
206.548 319.205 0 0 0 255
205.798 320.504 0 0 0 255
206.548 319.205 0 0 0 255
207.097 319.754 0 0 0 255
205.798 320.504 0 0 0 255
207.097 319.754 0 0 0 255
207.298 320.504 0 0 0 255
204.688 319.495 0 0 0 255
206.907 321.514 0 0 0 255
202.687 321.694 0 0 0 255
206.907 321.514 0 0 0 255
204.906 323.713 0 0 0 255
202.687 321.694 0 0 0 255
203.796 322.703 0 0 0 255
205.296 322.703 0 0 0 255
205.095 323.453 0 0 0 255
203.796 322.703 0 0 0 255
205.095 323.453 0 0 0 255
204.546 324.002 0 0 0 255
203.796 322.703 0 0 0 255
204.546 324.002 0 0 0 255
203.796 324.203 0 0 0 255
203.796 322.703 0 0 0 255
203.796 324.203 0 0 0 255
203.046 324.002 0 0 0 255
203.796 322.703 0 0 0 255
203.046 324.002 0 0 0 255
202.497 323.453 0 0 0 255
203.796 322.703 0 0 0 255
202.497 323.453 0 0 0 255
202.296 322.703 0 0 0 255
203.796 322.703 0 0 0 255
202.296 322.703 0 0 0 255
202.497 321.953 0 0 0 255
203.796 322.703 0 0 0 255
202.497 321.953 0 0 0 255
203.046 321.404 0 0 0 255
203.796 322.703 0 0 0 255
203.046 321.404 0 0 0 255
203.796 321.203 0 0 0 255
203.796 322.703 0 0 0 255
203.796 321.203 0 0 0 255
204.546 321.404 0 0 0 255
203.796 322.703 0 0 0 255
204.546 321.404 0 0 0 255
205.095 321.953 0 0 0 255
203.796 322.703 0 0 0 255
205.095 321.953 0 0 0 255
205.296 322.703 0 0 0 255
202.717 321.661 0 0 0 255
204.875 323.745 0 0 0 255
200.269 324.196 0 0 0 255
204.875 323.745 0 0 0 255
202.427 326.28 0 0 0 255
200.269 324.196 0 0 0 255
201.348 325.238 0 0 0 255
202.848 325.238 0 0 0 255
202.647 325.988 0 0 0 255
201.348 325.238 0 0 0 255
202.647 325.988 0 0 0 255
202.098 326.537 0 0 0 255
201.348 325.238 0 0 0 255
202.098 326.537 0 0 0 255
201.348 326.738 0 0 0 255
201.348 325.238 0 0 0 255
201.348 326.738 0 0 0 255
200.598 326.537 0 0 0 255
201.348 325.238 0 0 0 255
200.598 326.537 0 0 0 255
200.049 325.988 0 0 0 255
201.348 325.238 0 0 0 255
200.049 325.988 0 0 0 255
199.848 325.238 0 0 0 255
201.348 325.238 0 0 0 255
199.848 325.238 0 0 0 255
200.049 324.488 0 0 0 255
201.348 325.238 0 0 0 255
200.049 324.488 0 0 0 255
200.598 323.939 0 0 0 255
201.348 325.238 0 0 0 255
200.598 323.939 0 0 0 255
201.348 323.738 0 0 0 255
201.348 325.238 0 0 0 255
201.348 323.738 0 0 0 255
202.098 323.939 0 0 0 255
201.348 325.238 0 0 0 255
202.098 323.939 0 0 0 255
202.647 324.488 0 0 0 255
201.348 325.238 0 0 0 255
202.647 324.488 0 0 0 255
202.848 325.238 0 0 0 255
200.292 324.173 0 0 0 255
202.405 326.303 0 0 0 255
197.398 327.042 0 0 0 255
202.405 326.303 0 0 0 255
199.511 329.173 0 0 0 255
197.398 327.042 0 0 0 255
198.454 328.107 0 0 0 255
199.954 328.107 0 0 0 255
199.753 328.857 0 0 0 255
198.454 328.107 0 0 0 255
199.753 328.857 0 0 0 255
199.204 329.406 0 0 0 255
198.454 328.107 0 0 0 255
199.204 329.406 0 0 0 255
198.454 329.607 0 0 0 255
198.454 328.107 0 0 0 255
198.454 329.607 0 0 0 255
197.704 329.406 0 0 0 255
198.454 328.107 0 0 0 255
197.704 329.406 0 0 0 255
197.155 328.857 0 0 0 255
198.454 328.107 0 0 0 255
197.155 328.857 0 0 0 255
196.954 328.107 0 0 0 255
198.454 328.107 0 0 0 255
196.954 328.107 0 0 0 255
197.155 327.357 0 0 0 255
198.454 328.107 0 0 0 255
197.155 327.357 0 0 0 255
197.704 326.808 0 0 0 255
198.454 328.107 0 0 0 255
197.704 326.808 0 0 0 255
198.454 326.607 0 0 0 255
198.454 328.107 0 0 0 255
198.454 326.607 0 0 0 255
199.204 326.808 0 0 0 255
198.454 328.107 0 0 0 255
199.204 326.808 0 0 0 255
199.753 327.357 0 0 0 255
198.454 328.107 0 0 0 255
199.753 327.357 0 0 0 255
199.954 328.107 0 0 0 255
197.416 327.025 0 0 0 255
199.493 329.19 0 0 0 255
194.075 330.23 0 0 0 255
199.493 329.19 0 0 0 255
196.152 332.395 0 0 0 255
194.075 330.23 0 0 0 255
195.114 331.312 0 0 0 255
196.614 331.312 0 0 0 255
196.413 332.062 0 0 0 255
195.114 331.312 0 0 0 255
196.413 332.062 0 0 0 255
195.864 332.611 0 0 0 255
195.114 331.312 0 0 0 255
195.864 332.611 0 0 0 255
195.114 332.812 0 0 0 255
195.114 331.312 0 0 0 255
195.114 332.812 0 0 0 255
194.364 332.611 0 0 0 255
195.114 331.312 0 0 0 255
194.364 332.611 0 0 0 255
193.815 332.062 0 0 0 255
195.114 331.312 0 0 0 255
193.815 332.062 0 0 0 255
193.614 331.312 0 0 0 255
195.114 331.312 0 0 0 255
193.614 331.312 0 0 0 255
193.815 330.562 0 0 0 255
195.114 331.312 0 0 0 255
193.815 330.562 0 0 0 255
194.364 330.013 0 0 0 255
195.114 331.312 0 0 0 255
194.364 330.013 0 0 0 255
195.114 329.812 0 0 0 255
195.114 331.312 0 0 0 255
195.114 329.812 0 0 0 255
195.864 330.013 0 0 0 255
195.114 331.312 0 0 0 255
195.864 330.013 0 0 0 255
196.413 330.562 0 0 0 255
195.114 331.312 0 0 0 255
196.413 330.562 0 0 0 255
196.614 331.312 0 0 0 255
194.09 330.216 0 0 0 255
196.138 332.408 0 0 0 255
190.303 333.757 0 0 0 255
196.138 332.408 0 0 0 255
192.352 335.948 0 0 0 255
190.303 333.757 0 0 0 255
191.327 334.852 0 0 0 255
192.827 334.852 0 0 0 255
192.626 335.602 0 0 0 255
191.327 334.852 0 0 0 255
192.626 335.602 0 0 0 255
192.077 336.151 0 0 0 255
191.327 334.852 0 0 0 255
192.077 336.151 0 0 0 255
191.327 336.352 0 0 0 255
191.327 334.852 0 0 0 255
191.327 336.352 0 0 0 255
190.577 336.151 0 0 0 255
191.327 334.852 0 0 0 255
190.577 336.151 0 0 0 255
190.028 335.602 0 0 0 255
191.327 334.852 0 0 0 255
190.028 335.602 0 0 0 255
189.827 334.852 0 0 0 255
191.327 334.852 0 0 0 255
189.827 334.852 0 0 0 255
190.028 334.102 0 0 0 255
191.327 334.852 0 0 0 255
190.028 334.102 0 0 0 255
190.577 333.553 0 0 0 255
191.327 334.852 0 0 0 255
190.577 333.553 0 0 0 255
191.327 333.352 0 0 0 255
191.327 334.852 0 0 0 255
191.327 333.352 0 0 0 255
192.077 333.553 0 0 0 255
191.327 334.852 0 0 0 255
192.077 333.553 0 0 0 255
192.626 334.102 0 0 0 255
191.327 334.852 0 0 0 255
192.626 334.102 0 0 0 255
192.827 334.852 0 0 0 255
190.314 333.746 0 0 0 255
192.34 335.959 0 0 0 255
186.081 337.621 0 0 0 255
192.34 335.959 0 0 0 255
188.107 339.834 0 0 0 255
186.081 337.621 0 0 0 255
187.094 338.727 0 0 0 255
188.594 338.727 0 0 0 255
188.393 339.477 0 0 0 255
187.094 338.727 0 0 0 255
188.393 339.477 0 0 0 255
187.844 340.026 0 0 0 255
187.094 338.727 0 0 0 255
187.844 340.026 0 0 0 255
187.094 340.227 0 0 0 255
187.094 338.727 0 0 0 255
187.094 340.227 0 0 0 255
186.344 340.026 0 0 0 255
187.094 338.727 0 0 0 255
186.344 340.026 0 0 0 255
185.795 339.477 0 0 0 255
187.094 338.727 0 0 0 255
185.795 339.477 0 0 0 255
185.594 338.727 0 0 0 255
187.094 338.727 0 0 0 255
185.594 338.727 0 0 0 255
185.795 337.977 0 0 0 255
187.094 338.727 0 0 0 255
185.795 337.977 0 0 0 255
186.344 337.428 0 0 0 255
187.094 338.727 0 0 0 255
186.344 337.428 0 0 0 255
187.094 337.227 0 0 0 255
187.094 338.727 0 0 0 255
187.094 337.227 0 0 0 255
187.844 337.428 0 0 0 255
187.094 338.727 0 0 0 255
187.844 337.428 0 0 0 255
188.393 337.977 0 0 0 255
187.094 338.727 0 0 0 255
188.393 337.977 0 0 0 255
188.594 338.727 0 0 0 255
186.097 337.607 0 0 0 255
188.092 339.848 0 0 0 255
181.362 341.822 0 0 0 255
188.092 339.848 0 0 0 255
183.357 344.063 0 0 0 255
181.362 341.822 0 0 0 255
182.36 342.942 0 0 0 255
183.86 342.942 0 0 0 255
183.659 343.692 0 0 0 255
182.36 342.942 0 0 0 255
183.659 343.692 0 0 0 255
183.11 344.241 0 0 0 255
182.36 342.942 0 0 0 255
183.11 344.241 0 0 0 255
182.36 344.442 0 0 0 255
182.36 342.942 0 0 0 255
182.36 344.442 0 0 0 255
181.61 344.241 0 0 0 255
182.36 342.942 0 0 0 255
181.61 344.241 0 0 0 255
181.061 343.692 0 0 0 255
182.36 342.942 0 0 0 255
181.061 343.692 0 0 0 255
180.86 342.942 0 0 0 255
182.36 342.942 0 0 0 255
180.86 342.942 0 0 0 255
181.061 342.192 0 0 0 255
182.36 342.942 0 0 0 255
181.061 342.192 0 0 0 255
181.61 341.643 0 0 0 255
182.36 342.942 0 0 0 255
181.61 341.643 0 0 0 255
182.36 341.442 0 0 0 255
182.36 342.942 0 0 0 255
182.36 341.442 0 0 0 255
183.11 341.643 0 0 0 255
182.36 342.942 0 0 0 255
183.11 341.643 0 0 0 255
183.659 342.192 0 0 0 255
182.36 342.942 0 0 0 255
183.659 342.192 0 0 0 255
183.86 342.942 0 0 0 255
181.381 341.806 0 0 0 255
183.339 344.079 0 0 0 255
176.089 346.365 0 0 0 255
183.339 344.079 0 0 0 255
178.048 348.638 0 0 0 255
176.089 346.365 0 0 0 255
177.069 347.502 0 0 0 255
178.569 347.502 0 0 0 255
178.368 348.252 0 0 0 255
177.069 347.502 0 0 0 255
178.368 348.252 0 0 0 255
177.819 348.801 0 0 0 255
177.069 347.502 0 0 0 255
177.819 348.801 0 0 0 255
177.069 349.002 0 0 0 255
177.069 347.502 0 0 0 255
177.069 349.002 0 0 0 255
176.319 348.801 0 0 0 255
177.069 347.502 0 0 0 255
176.319 348.801 0 0 0 255
175.77 348.252 0 0 0 255
177.069 347.502 0 0 0 255
175.77 348.252 0 0 0 255
175.569 347.502 0 0 0 255
177.069 347.502 0 0 0 255
175.569 347.502 0 0 0 255
175.77 346.752 0 0 0 255
177.069 347.502 0 0 0 255
175.77 346.752 0 0 0 255
176.319 346.203 0 0 0 255
177.069 347.502 0 0 0 255
176.319 346.203 0 0 0 255
177.069 346.002 0 0 0 255
177.069 347.502 0 0 0 255
177.069 346.002 0 0 0 255
177.819 346.203 0 0 0 255
177.069 347.502 0 0 0 255
177.819 346.203 0 0 0 255
178.368 346.752 0 0 0 255
177.069 347.502 0 0 0 255
178.368 346.752 0 0 0 255
178.569 347.502 0 0 0 255
176.105 346.352 0 0 0 255
178.032 348.651 0 0 0 255
170.257 351.256 0 0 0 255
178.032 348.651 0 0 0 255
172.185 353.555 0 0 0 255
170.257 351.256 0 0 0 255
171.221 352.405 0 0 0 255
172.721 352.405 0 0 0 255
172.52 353.155 0 0 0 255
171.221 352.405 0 0 0 255
172.52 353.155 0 0 0 255
171.971 353.704 0 0 0 255
171.221 352.405 0 0 0 255
171.971 353.704 0 0 0 255
171.221 353.905 0 0 0 255
171.221 352.405 0 0 0 255
171.221 353.905 0 0 0 255
170.471 353.704 0 0 0 255
171.221 352.405 0 0 0 255
170.471 353.704 0 0 0 255
169.922 353.155 0 0 0 255
171.221 352.405 0 0 0 255
169.922 353.155 0 0 0 255
169.721 352.405 0 0 0 255
171.221 352.405 0 0 0 255
169.721 352.405 0 0 0 255
169.922 351.655 0 0 0 255
171.221 352.405 0 0 0 255
169.922 351.655 0 0 0 255
170.471 351.106 0 0 0 255
171.221 352.405 0 0 0 255
170.471 351.106 0 0 0 255
171.221 350.905 0 0 0 255
171.221 352.405 0 0 0 255
171.221 350.905 0 0 0 255
171.971 351.106 0 0 0 255
171.221 352.405 0 0 0 255
171.971 351.106 0 0 0 255
172.52 351.655 0 0 0 255
171.221 352.405 0 0 0 255
172.52 351.655 0 0 0 255
172.721 352.405 0 0 0 255
170.27 351.245 0 0 0 255
172.172 353.565 0 0 0 255
163.866 356.493 0 0 0 255
172.172 353.565 0 0 0 255
165.767 358.813 0 0 0 255
163.866 356.493 0 0 0 255
164.817 357.653 0 0 0 255
166.317 357.653 0 0 0 255
166.116 358.403 0 0 0 255
164.817 357.653 0 0 0 255
166.116 358.403 0 0 0 255
165.567 358.952 0 0 0 255
164.817 357.653 0 0 0 255
165.567 358.952 0 0 0 255
164.817 359.153 0 0 0 255
164.817 357.653 0 0 0 255
164.817 359.153 0 0 0 255
164.067 358.952 0 0 0 255
164.817 357.653 0 0 0 255
164.067 358.952 0 0 0 255
163.518 358.403 0 0 0 255
164.817 357.653 0 0 0 255
163.518 358.403 0 0 0 255
163.317 357.653 0 0 0 255
164.817 357.653 0 0 0 255
163.317 357.653 0 0 0 255
163.518 356.903 0 0 0 255
164.817 357.653 0 0 0 255
163.518 356.903 0 0 0 255
164.067 356.354 0 0 0 255
164.817 357.653 0 0 0 255
164.067 356.354 0 0 0 255
164.817 356.153 0 0 0 255
164.817 357.653 0 0 0 255
164.817 356.153 0 0 0 255
165.567 356.354 0 0 0 255
164.817 357.653 0 0 0 255
165.567 356.354 0 0 0 255
166.116 356.903 0 0 0 255
164.817 357.653 0 0 0 255
166.116 356.903 0 0 0 255
166.317 357.653 0 0 0 255
163.877 356.484 0 0 0 255
165.756 358.823 0 0 0 255
156.916 362.076 0 0 0 255
165.756 358.823 0 0 0 255
158.795 364.415 0 0 0 255
156.916 362.076 0 0 0 255
157.856 363.245 0 0 0 255
159.356 363.245 0 0 0 255
159.155 363.995 0 0 0 255
157.856 363.245 0 0 0 255
159.155 363.995 0 0 0 255
158.606 364.544 0 0 0 255
157.856 363.245 0 0 0 255
158.606 364.544 0 0 0 255
157.856 364.745 0 0 0 255
157.856 363.245 0 0 0 255
157.856 364.745 0 0 0 255
157.106 364.544 0 0 0 255
157.856 363.245 0 0 0 255
157.106 364.544 0 0 0 255
156.557 363.995 0 0 0 255
157.856 363.245 0 0 0 255
156.557 363.995 0 0 0 255
156.356 363.245 0 0 0 255
157.856 363.245 0 0 0 255
156.356 363.245 0 0 0 255
156.557 362.495 0 0 0 255
157.856 363.245 0 0 0 255
156.557 362.495 0 0 0 255
157.106 361.946 0 0 0 255
157.856 363.245 0 0 0 255
157.106 361.946 0 0 0 255
157.856 361.745 0 0 0 255
157.856 363.245 0 0 0 255
157.856 361.745 0 0 0 255
158.606 361.946 0 0 0 255
157.856 363.245 0 0 0 255
158.606 361.946 0 0 0 255
159.155 362.495 0 0 0 255
157.856 363.245 0 0 0 255
159.155 362.495 0 0 0 255
159.356 363.245 0 0 0 255
156.926 362.068 0 0 0 255
158.786 364.423 0 0 0 255
149.409 368.005 0 0 0 255
158.786 364.423 0 0 0 255
151.268 370.359 0 0 0 255
149.409 368.005 0 0 0 255
150.339 369.182 0 0 0 255
151.839 369.182 0 0 0 255
151.638 369.932 0 0 0 255
150.339 369.182 0 0 0 255
151.638 369.932 0 0 0 255
151.089 370.481 0 0 0 255
150.339 369.182 0 0 0 255
151.089 370.481 0 0 0 255
150.339 370.682 0 0 0 255
150.339 369.182 0 0 0 255
150.339 370.682 0 0 0 255
149.589 370.481 0 0 0 255
150.339 369.182 0 0 0 255
149.589 370.481 0 0 0 255
149.04 369.932 0 0 0 255
150.339 369.182 0 0 0 255
149.04 369.932 0 0 0 255
148.839 369.182 0 0 0 255
150.339 369.182 0 0 0 255
148.839 369.182 0 0 0 255
149.04 368.432 0 0 0 255
150.339 369.182 0 0 0 255
149.04 368.432 0 0 0 255
149.589 367.883 0 0 0 255
150.339 369.182 0 0 0 255
149.589 367.883 0 0 0 255
150.339 367.682 0 0 0 255
150.339 369.182 0 0 0 255
150.339 367.682 0 0 0 255
151.089 367.883 0 0 0 255
150.339 369.182 0 0 0 255
151.089 367.883 0 0 0 255
151.638 368.432 0 0 0 255
150.339 369.182 0 0 0 255
151.638 368.432 0 0 0 255
151.839 369.182 0 0 0 255
149.413 368.001 0 0 0 255
151.264 370.363 0 0 0 255
141.864 373.917 0 0 0 255
151.264 370.363 0 0 0 255
143.714 376.279 0 0 0 255
141.864 373.917 0 0 0 255
142.789 375.098 0 0 0 255
144.289 375.098 0 0 0 255
144.088 375.848 0 0 0 255
142.789 375.098 0 0 0 255
144.088 375.848 0 0 0 255
143.539 376.397 0 0 0 255
142.789 375.098 0 0 0 255
143.539 376.397 0 0 0 255
142.789 376.598 0 0 0 255
142.789 375.098 0 0 0 255
142.789 376.598 0 0 0 255
142.039 376.397 0 0 0 255
142.789 375.098 0 0 0 255
142.039 376.397 0 0 0 255
141.49 375.848 0 0 0 255
142.789 375.098 0 0 0 255
141.49 375.848 0 0 0 255
141.289 375.098 0 0 0 255
142.789 375.098 0 0 0 255
141.289 375.098 0 0 0 255
141.49 374.348 0 0 0 255
142.789 375.098 0 0 0 255
141.49 374.348 0 0 0 255
142.039 373.799 0 0 0 255
142.789 375.098 0 0 0 255
142.039 373.799 0 0 0 255
142.789 373.598 0 0 0 255
142.789 375.098 0 0 0 255
142.789 373.598 0 0 0 255
143.539 373.799 0 0 0 255
142.789 375.098 0 0 0 255
143.539 373.799 0 0 0 255
144.088 374.348 0 0 0 255
142.789 375.098 0 0 0 255
144.088 374.348 0 0 0 255
144.289 375.098 0 0 0 255
141.864 373.917 0 0 0 255
143.715 376.279 0 0 0 255
134.808 379.447 0 0 0 255
143.715 376.279 0 0 0 255
136.658 381.808 0 0 0 255
134.808 379.447 0 0 0 255
135.733 380.628 0 0 0 255
137.233 380.628 0 0 0 255
137.032 381.378 0 0 0 255
135.733 380.628 0 0 0 255
137.032 381.378 0 0 0 255
136.483 381.927 0 0 0 255
135.733 380.628 0 0 0 255
136.483 381.927 0 0 0 255
135.733 382.128 0 0 0 255
135.733 380.628 0 0 0 255
135.733 382.128 0 0 0 255
134.983 381.927 0 0 0 255
135.733 380.628 0 0 0 255
134.983 381.927 0 0 0 255
134.434 381.378 0 0 0 255
135.733 380.628 0 0 0 255
134.434 381.378 0 0 0 255
134.233 380.628 0 0 0 255
135.733 380.628 0 0 0 255
134.233 380.628 0 0 0 255
134.434 379.878 0 0 0 255
135.733 380.628 0 0 0 255
134.434 379.878 0 0 0 255
134.983 379.328 0 0 0 255
135.733 380.628 0 0 0 255
134.983 379.328 0 0 0 255
135.733 379.128 0 0 0 255
135.733 380.628 0 0 0 255
135.733 379.128 0 0 0 255
136.483 379.328 0 0 0 255
135.733 380.628 0 0 0 255
136.483 379.328 0 0 0 255
137.032 379.878 0 0 0 255
135.733 380.628 0 0 0 255
137.032 379.878 0 0 0 255
137.233 380.628 0 0 0 255
134.808 379.447 0 0 0 255
136.658 381.808 0 0 0 255
128.244 384.59 0 0 0 255
136.658 381.808 0 0 0 255
130.095 386.952 0 0 0 255
128.244 384.59 0 0 0 255
129.169 385.771 0 0 0 255
130.669 385.771 0 0 0 255
130.468 386.521 0 0 0 255
129.169 385.771 0 0 0 255
130.468 386.521 0 0 0 255
129.919 387.07 0 0 0 255
129.169 385.771 0 0 0 255
129.919 387.07 0 0 0 255
129.169 387.271 0 0 0 255
129.169 385.771 0 0 0 255
129.169 387.271 0 0 0 255
128.419 387.07 0 0 0 255
129.169 385.771 0 0 0 255
128.419 387.07 0 0 0 255
127.87 386.521 0 0 0 255
129.169 385.771 0 0 0 255
127.87 386.521 0 0 0 255
127.669 385.771 0 0 0 255
129.169 385.771 0 0 0 255
127.669 385.771 0 0 0 255
127.87 385.021 0 0 0 255
129.169 385.771 0 0 0 255
127.87 385.021 0 0 0 255
128.419 384.472 0 0 0 255
129.169 385.771 0 0 0 255
128.419 384.472 0 0 0 255
129.169 384.271 0 0 0 255
129.169 385.771 0 0 0 255
129.169 384.271 0 0 0 255
129.919 384.472 0 0 0 255
129.169 385.771 0 0 0 255
129.919 384.472 0 0 0 255
130.468 385.021 0 0 0 255
129.169 385.771 0 0 0 255
130.468 385.021 0 0 0 255
130.669 385.771 0 0 0 255
128.244 384.59 0 0 0 255
130.095 386.952 0 0 0 255
122.173 389.348 0 0 0 255
130.095 386.952 0 0 0 255
124.024 391.709 0 0 0 255
122.173 389.348 0 0 0 255
123.099 390.529 0 0 0 255
124.599 390.529 0 0 0 255
124.398 391.279 0 0 0 255
123.099 390.529 0 0 0 255
124.398 391.279 0 0 0 255
123.849 391.828 0 0 0 255
123.099 390.529 0 0 0 255
123.849 391.828 0 0 0 255
123.099 392.029 0 0 0 255
123.099 390.529 0 0 0 255
123.099 392.029 0 0 0 255
122.349 391.828 0 0 0 255
123.099 390.529 0 0 0 255
122.349 391.828 0 0 0 255
121.8 391.279 0 0 0 255
123.099 390.529 0 0 0 255
121.8 391.279 0 0 0 255
121.599 390.529 0 0 0 255
123.099 390.529 0 0 0 255
121.599 390.529 0 0 0 255
121.8 389.779 0 0 0 255
123.099 390.529 0 0 0 255
121.8 389.779 0 0 0 255
122.349 389.23 0 0 0 255
123.099 390.529 0 0 0 255
122.349 389.23 0 0 0 255
123.099 389.029 0 0 0 255
123.099 390.529 0 0 0 255
123.099 389.029 0 0 0 255
123.849 389.23 0 0 0 255
123.099 390.529 0 0 0 255
123.849 389.23 0 0 0 255
124.398 389.779 0 0 0 255
123.099 390.529 0 0 0 255
124.398 389.779 0 0 0 255
124.599 390.529 0 0 0 255
122.173 389.348 0 0 0 255
124.024 391.709 0 0 0 255
116.596 393.719 0 0 0 255
124.024 391.709 0 0 0 255
118.446 396.081 0 0 0 255
116.596 393.719 0 0 0 255
117.521 394.9 0 0 0 255
119.021 394.9 0 0 0 255
118.82 395.65 0 0 0 255
117.521 394.9 0 0 0 255
118.82 395.65 0 0 0 255
118.271 396.199 0 0 0 255
117.521 394.9 0 0 0 255
118.271 396.199 0 0 0 255
117.521 396.4 0 0 0 255
117.521 394.9 0 0 0 255
117.521 396.4 0 0 0 255
116.771 396.199 0 0 0 255
117.521 394.9 0 0 0 255
116.771 396.199 0 0 0 255
116.222 395.65 0 0 0 255
117.521 394.9 0 0 0 255
116.222 395.65 0 0 0 255
116.021 394.9 0 0 0 255
117.521 394.9 0 0 0 255
116.021 394.9 0 0 0 255
116.222 394.15 0 0 0 255
117.521 394.9 0 0 0 255
116.222 394.15 0 0 0 255
116.771 393.601 0 0 0 255
117.521 394.9 0 0 0 255
116.771 393.601 0 0 0 255
117.521 393.4 0 0 0 255
117.521 394.9 0 0 0 255
117.521 393.4 0 0 0 255
118.271 393.601 0 0 0 255
117.521 394.9 0 0 0 255
118.271 393.601 0 0 0 255
118.82 394.15 0 0 0 255
117.521 394.9 0 0 0 255
118.82 394.15 0 0 0 255
119.021 394.9 0 0 0 255
116.596 393.719 0 0 0 255
118.446 396.081 0 0 0 255
111.511 397.705 0 0 0 255
118.446 396.081 0 0 0 255
113.361 400.066 0 0 0 255
111.511 397.705 0 0 0 255
112.436 398.885 0 0 0 255
113.936 398.885 0 0 0 255
113.735 399.635 0 0 0 255
112.436 398.885 0 0 0 255
113.735 399.635 0 0 0 255
113.186 400.184 0 0 0 255
112.436 398.885 0 0 0 255
113.186 400.184 0 0 0 255
112.436 400.385 0 0 0 255
112.436 398.885 0 0 0 255
112.436 400.385 0 0 0 255
111.686 400.184 0 0 0 255
112.436 398.885 0 0 0 255
111.686 400.184 0 0 0 255
111.137 399.635 0 0 0 255
112.436 398.885 0 0 0 255
111.137 399.635 0 0 0 255
110.936 398.885 0 0 0 255
112.436 398.885 0 0 0 255
110.936 398.885 0 0 0 255
111.137 398.135 0 0 0 255
112.436 398.885 0 0 0 255
111.137 398.135 0 0 0 255
111.686 397.586 0 0 0 255
112.436 398.885 0 0 0 255
111.686 397.586 0 0 0 255
112.436 397.385 0 0 0 255
112.436 398.885 0 0 0 255
112.436 397.385 0 0 0 255
113.186 397.586 0 0 0 255
112.436 398.885 0 0 0 255
113.186 397.586 0 0 0 255
113.735 398.135 0 0 0 255
112.436 398.885 0 0 0 255
113.735 398.135 0 0 0 255
113.936 398.885 0 0 0 255
111.509 397.706 0 0 0 255
113.363 400.065 0 0 0 255
106.988 401.259 0 0 0 255
113.363 400.065 0 0 0 255
108.841 403.618 0 0 0 255
106.988 401.259 0 0 0 255
107.915 402.439 0 0 0 255
109.415 402.439 0 0 0 255
109.214 403.189 0 0 0 255
107.915 402.439 0 0 0 255
109.214 403.189 0 0 0 255
108.665 403.738 0 0 0 255
107.915 402.439 0 0 0 255
108.665 403.738 0 0 0 255
107.915 403.939 0 0 0 255
107.915 402.439 0 0 0 255
107.915 403.939 0 0 0 255
107.165 403.738 0 0 0 255
107.915 402.439 0 0 0 255
107.165 403.738 0 0 0 255
106.615 403.189 0 0 0 255
107.915 402.439 0 0 0 255
106.615 403.189 0 0 0 255
106.415 402.439 0 0 0 255
107.915 402.439 0 0 0 255
106.415 402.439 0 0 0 255
106.615 401.689 0 0 0 255
107.915 402.439 0 0 0 255
106.615 401.689 0 0 0 255
107.165 401.14 0 0 0 255
107.915 402.439 0 0 0 255
107.165 401.14 0 0 0 255
107.915 400.939 0 0 0 255
107.915 402.439 0 0 0 255
107.915 400.939 0 0 0 255
108.665 401.14 0 0 0 255
107.915 402.439 0 0 0 255
108.665 401.14 0 0 0 255
109.214 401.689 0 0 0 255
107.915 402.439 0 0 0 255
109.214 401.689 0 0 0 255
109.415 402.439 0 0 0 255
106.984 401.263 0 0 0 255
108.845 403.615 0 0 0 255
103.097 404.339 0 0 0 255
108.845 403.615 0 0 0 255
104.958 406.691 0 0 0 255
103.097 404.339 0 0 0 255
104.028 405.515 0 0 0 255
105.528 405.515 0 0 0 255
105.327 406.265 0 0 0 255
104.028 405.515 0 0 0 255
105.327 406.265 0 0 0 255
104.778 406.814 0 0 0 255
104.028 405.515 0 0 0 255
104.778 406.814 0 0 0 255
104.028 407.015 0 0 0 255
104.028 405.515 0 0 0 255
104.028 407.015 0 0 0 255
103.278 406.814 0 0 0 255
104.028 405.515 0 0 0 255
103.278 406.814 0 0 0 255
102.728 406.265 0 0 0 255
104.028 405.515 0 0 0 255
102.728 406.265 0 0 0 255
102.528 405.515 0 0 0 255
104.028 405.515 0 0 0 255
102.528 405.515 0 0 0 255
102.728 404.765 0 0 0 255
104.028 405.515 0 0 0 255
102.728 404.765 0 0 0 255
103.278 404.216 0 0 0 255
104.028 405.515 0 0 0 255
103.278 404.216 0 0 0 255
104.028 404.015 0 0 0 255
104.028 405.515 0 0 0 255
104.028 404.015 0 0 0 255
104.778 404.216 0 0 0 255
104.028 405.515 0 0 0 255
104.778 404.216 0 0 0 255
105.327 404.765 0 0 0 255
104.028 405.515 0 0 0 255
105.327 404.765 0 0 0 255
105.528 405.515 0 0 0 255
103.091 404.343 0 0 0 255
104.964 406.687 0 0 0 255
99.8386 406.942 0 0 0 255
104.964 406.687 0 0 0 255
101.711 409.286 0 0 0 255
99.8386 406.942 0 0 0 255
100.775 408.114 0 0 0 255
102.275 408.114 0 0 0 255
102.074 408.864 0 0 0 255
100.775 408.114 0 0 0 255
102.074 408.864 0 0 0 255
101.525 409.413 0 0 0 255
100.775 408.114 0 0 0 255
101.525 409.413 0 0 0 255
100.775 409.614 0 0 0 255
100.775 408.114 0 0 0 255
100.775 409.614 0 0 0 255
100.025 409.413 0 0 0 255
100.775 408.114 0 0 0 255
100.025 409.413 0 0 0 255
99.4759 408.864 0 0 0 255
100.775 408.114 0 0 0 255
99.4759 408.864 0 0 0 255
99.2749 408.114 0 0 0 255
100.775 408.114 0 0 0 255
99.2749 408.114 0 0 0 255
99.4759 407.364 0 0 0 255
100.775 408.114 0 0 0 255
99.4759 407.364 0 0 0 255
100.025 406.815 0 0 0 255
100.775 408.114 0 0 0 255
100.025 406.815 0 0 0 255
100.775 406.614 0 0 0 255
100.775 408.114 0 0 0 255
100.775 406.614 0 0 0 255
101.525 406.815 0 0 0 255
100.775 408.114 0 0 0 255
101.525 406.815 0 0 0 255
102.074 407.364 0 0 0 255
100.775 408.114 0 0 0 255
102.074 407.364 0 0 0 255
102.275 408.114 0 0 0 255
99.8306 406.948 0 0 0 255
101.719 409.279 0 0 0 255
97.2124 409.069 0 0 0 255
101.719 409.279 0 0 0 255
99.1009 411.4 0 0 0 255
97.2124 409.069 0 0 0 255
98.1566 410.235 0 0 0 255
99.6566 410.235 0 0 0 255
99.4557 410.985 0 0 0 255
98.1566 410.235 0 0 0 255
99.4557 410.985 0 0 0 255
98.9066 411.534 0 0 0 255
98.1566 410.235 0 0 0 255
98.9066 411.534 0 0 0 255
98.1566 411.735 0 0 0 255
98.1566 410.235 0 0 0 255
98.1566 411.735 0 0 0 255
97.4066 411.534 0 0 0 255
98.1566 410.235 0 0 0 255
97.4066 411.534 0 0 0 255
96.8576 410.985 0 0 0 255
98.1566 410.235 0 0 0 255
96.8576 410.985 0 0 0 255
96.6566 410.235 0 0 0 255
98.1566 410.235 0 0 0 255
96.6566 410.235 0 0 0 255
96.8576 409.485 0 0 0 255
98.1566 410.235 0 0 0 255
96.8576 409.485 0 0 0 255
97.4066 408.936 0 0 0 255
98.1566 410.235 0 0 0 255
97.4066 408.936 0 0 0 255
98.1566 408.735 0 0 0 255
98.1566 410.235 0 0 0 255
98.1566 408.735 0 0 0 255
98.9066 408.936 0 0 0 255
98.1566 410.235 0 0 0 255
98.9066 408.936 0 0 0 255
99.4557 409.485 0 0 0 255
98.1566 410.235 0 0 0 255
99.4557 409.485 0 0 0 255
99.6566 410.235 0 0 0 255
97.1996 409.08 0 0 0 255
99.1137 411.39 0 0 0 255
95.2157 410.724 0 0 0 255
99.1137 411.39 0 0 0 255
97.1298 413.034 0 0 0 255
95.2157 410.724 0 0 0 255
96.1727 411.879 0 0 0 255
97.6727 411.879 0 0 0 255
97.4718 412.629 0 0 0 255
96.1727 411.879 0 0 0 255
97.4718 412.629 0 0 0 255
96.9227 413.178 0 0 0 255
96.1727 411.879 0 0 0 255
96.9227 413.178 0 0 0 255
96.1727 413.379 0 0 0 255
96.1727 411.879 0 0 0 255
96.1727 413.379 0 0 0 255
95.4227 413.178 0 0 0 255
96.1727 411.879 0 0 0 255
95.4227 413.178 0 0 0 255
94.8737 412.629 0 0 0 255
96.1727 411.879 0 0 0 255
94.8737 412.629 0 0 0 255
94.6727 411.879 0 0 0 255
96.1727 411.879 0 0 0 255
94.6727 411.879 0 0 0 255
94.8737 411.129 0 0 0 255
96.1727 411.879 0 0 0 255
94.8737 411.129 0 0 0 255
95.4227 410.58 0 0 0 255
96.1727 411.879 0 0 0 255
95.4227 410.58 0 0 0 255
96.1727 410.379 0 0 0 255
96.1727 411.879 0 0 0 255
96.1727 410.379 0 0 0 255
96.9227 410.58 0 0 0 255
96.1727 411.879 0 0 0 255
96.9227 410.58 0 0 0 255
97.4718 411.129 0 0 0 255
96.1727 411.879 0 0 0 255
97.4718 411.129 0 0 0 255
97.6727 411.879 0 0 0 255
95.1918 410.744 0 0 0 255
97.1536 413.014 0 0 0 255
93.8423 411.91 0 0 0 255
97.1536 413.014 0 0 0 255
95.8041 414.18 0 0 0 255
93.8423 411.91 0 0 0 255
94.8232 413.045 0 0 0 255
96.3232 413.045 0 0 0 255
96.1222 413.795 0 0 0 255
94.8232 413.045 0 0 0 255
96.1222 413.795 0 0 0 255
95.5732 414.344 0 0 0 255
94.8232 413.045 0 0 0 255
95.5732 414.344 0 0 0 255
94.8232 414.545 0 0 0 255
94.8232 413.045 0 0 0 255
94.8232 414.545 0 0 0 255
94.0732 414.344 0 0 0 255
94.8232 413.045 0 0 0 255
94.0732 414.344 0 0 0 255
93.5241 413.795 0 0 0 255
94.8232 413.045 0 0 0 255
93.5241 413.795 0 0 0 255
93.3232 413.045 0 0 0 255
94.8232 413.045 0 0 0 255
93.3232 413.045 0 0 0 255
93.5241 412.295 0 0 0 255
94.8232 413.045 0 0 0 255
93.5241 412.295 0 0 0 255
94.0732 411.746 0 0 0 255
94.8232 413.045 0 0 0 255
94.0732 411.746 0 0 0 255
94.8232 411.545 0 0 0 255
94.8232 413.045 0 0 0 255
94.8232 411.545 0 0 0 255
95.5732 411.746 0 0 0 255
94.8232 413.045 0 0 0 255
95.5732 411.746 0 0 0 255
96.1222 412.295 0 0 0 255
94.8232 413.045 0 0 0 255
96.1222 412.295 0 0 0 255
96.3232 413.045 0 0 0 255
93.8063 411.943 0 0 0 255
95.84 414.148 0 0 0 255
92.9154 412.764 0 0 0 255
95.84 414.148 0 0 0 255
94.9491 414.97 0 0 0 255
92.9154 412.764 0 0 0 255
93.9322 413.867 0 0 0 255
95.4322 413.867 0 0 0 255
95.2313 414.617 0 0 0 255
93.9322 413.867 0 0 0 255
95.2313 414.617 0 0 0 255
94.6822 415.166 0 0 0 255
93.9322 413.867 0 0 0 255
94.6822 415.166 0 0 0 255
93.9322 415.367 0 0 0 255
93.9322 413.867 0 0 0 255
93.9322 415.367 0 0 0 255
93.1822 415.166 0 0 0 255
93.9322 413.867 0 0 0 255
93.1822 415.166 0 0 0 255
92.6332 414.617 0 0 0 255
93.9322 413.867 0 0 0 255
92.6332 414.617 0 0 0 255
92.4322 413.867 0 0 0 255
93.9322 413.867 0 0 0 255
92.4322 413.867 0 0 0 255
92.6332 413.117 0 0 0 255
93.9322 413.867 0 0 0 255
92.6332 413.117 0 0 0 255
93.1822 412.568 0 0 0 255
93.9322 413.867 0 0 0 255
93.1822 412.568 0 0 0 255
93.9322 412.367 0 0 0 255
93.9322 413.867 0 0 0 255
93.9322 412.367 0 0 0 255
94.6822 412.568 0 0 0 255
93.9322 413.867 0 0 0 255
94.6822 412.568 0 0 0 255
95.2313 413.117 0 0 0 255
93.9322 413.867 0 0 0 255
95.2313 413.117 0 0 0 255
95.4322 413.867 0 0 0 255
92.8705 412.807 0 0 0 255
94.9939 414.926 0 0 0 255
92.2624 413.417 0 0 0 255
94.9939 414.926 0 0 0 255
94.3858 415.536 0 0 0 255
92.2624 413.417 0 0 0 255
93.3241 414.476 0 0 0 255
94.8241 414.476 0 0 0 255
94.6232 415.226 0 0 0 255
93.3241 414.476 0 0 0 255
94.6232 415.226 0 0 0 255
94.0741 415.775 0 0 0 255
93.3241 414.476 0 0 0 255
94.0741 415.775 0 0 0 255
93.3241 415.976 0 0 0 255
93.3241 414.476 0 0 0 255
93.3241 415.976 0 0 0 255
92.5741 415.775 0 0 0 255
93.3241 414.476 0 0 0 255
92.5741 415.775 0 0 0 255
92.0251 415.226 0 0 0 255
93.3241 414.476 0 0 0 255
92.0251 415.226 0 0 0 255
91.8241 414.476 0 0 0 255
93.3241 414.476 0 0 0 255
91.8241 414.476 0 0 0 255
92.0251 413.726 0 0 0 255
93.3241 414.476 0 0 0 255
92.0251 413.726 0 0 0 255
92.5741 413.177 0 0 0 255
93.3241 414.476 0 0 0 255
92.5741 413.177 0 0 0 255
93.3241 412.976 0 0 0 255
93.3241 414.476 0 0 0 255
93.3241 412.976 0 0 0 255
94.0741 413.177 0 0 0 255
93.3241 414.476 0 0 0 255
94.0741 413.177 0 0 0 255
94.6232 413.726 0 0 0 255
93.3241 414.476 0 0 0 255
94.6232 413.726 0 0 0 255
94.8241 414.476 0 0 0 255
92.1638 413.525 0 0 0 255
94.4844 415.427 0 0 0 255
91.8386 413.922 0 0 0 255
94.4844 415.427 0 0 0 255
94.1592 415.824 0 0 0 255
91.8386 413.922 0 0 0 255
92.9989 414.873 0 0 0 255
94.4989 414.873 0 0 0 255
94.2979 415.623 0 0 0 255
92.9989 414.873 0 0 0 255
94.2979 415.623 0 0 0 255
93.7489 416.172 0 0 0 255
92.9989 414.873 0 0 0 255
93.7489 416.172 0 0 0 255
92.9989 416.373 0 0 0 255
92.9989 414.873 0 0 0 255
92.9989 416.373 0 0 0 255
92.2489 416.172 0 0 0 255
92.9989 414.873 0 0 0 255
92.2489 416.172 0 0 0 255
91.6998 415.623 0 0 0 255
92.9989 414.873 0 0 0 255
91.6998 415.623 0 0 0 255
91.4989 414.873 0 0 0 255
92.9989 414.873 0 0 0 255
91.4989 414.873 0 0 0 255
91.6998 414.123 0 0 0 255
92.9989 414.873 0 0 0 255
91.6998 414.123 0 0 0 255
92.2489 413.574 0 0 0 255
92.9989 414.873 0 0 0 255
92.2489 413.574 0 0 0 255
92.9989 413.373 0 0 0 255
92.9989 414.873 0 0 0 255
92.9989 413.373 0 0 0 255
93.7489 413.574 0 0 0 255
92.9989 414.873 0 0 0 255
93.7489 413.574 0 0 0 255
94.2979 414.123 0 0 0 255
92.9989 414.873 0 0 0 255
94.2979 414.123 0 0 0 255
94.4989 414.873 0 0 0 255
91.5369 414.537 0 0 0 255
94.4608 415.209 0 0 0 255
91.4945 414.722 0 0 0 255
94.4608 415.209 0 0 0 255
94.4184 415.394 0 0 0 255
91.4945 414.722 0 0 0 255
92.9565 415.058 0 0 0 255
94.4565 415.058 0 0 0 255
94.2555 415.808 0 0 0 255
92.9565 415.058 0 0 0 255
94.2555 415.808 0 0 0 255
93.7065 416.357 0 0 0 255
92.9565 415.058 0 0 0 255
93.7065 416.357 0 0 0 255
92.9565 416.558 0 0 0 255
92.9565 415.058 0 0 0 255
92.9565 416.558 0 0 0 255
92.2065 416.357 0 0 0 255
92.9565 415.058 0 0 0 255
92.2065 416.357 0 0 0 255
91.6574 415.808 0 0 0 255
92.9565 415.058 0 0 0 255
91.6574 415.808 0 0 0 255
91.4565 415.058 0 0 0 255
92.9565 415.058 0 0 0 255
91.4565 415.058 0 0 0 255
91.6574 414.308 0 0 0 255
92.9565 415.058 0 0 0 255
91.6574 414.308 0 0 0 255
92.2065 413.759 0 0 0 255
92.9565 415.058 0 0 0 255
92.2065 413.759 0 0 0 255
92.9565 413.558 0 0 0 255
92.9565 415.058 0 0 0 255
92.9565 413.558 0 0 0 255
93.7065 413.759 0 0 0 255
92.9565 415.058 0 0 0 255
93.7065 413.759 0 0 0 255
94.2555 414.308 0 0 0 255
92.9565 415.058 0 0 0 255
94.2555 414.308 0 0 0 255
94.4565 415.058 0 0 0 255
93.1275 416.548 0 0 0 255
92.7855 413.568 0 0 0 255
93.3679 416.52 0 0 0 255
92.7855 413.568 0 0 0 255
93.0259 413.54 0 0 0 255
93.3679 416.52 0 0 0 255
93.1969 415.03 0 0 0 255
94.6969 415.03 0 0 0 255
94.4959 415.78 0 0 0 255
93.1969 415.03 0 0 0 255
94.4959 415.78 0 0 0 255
93.9469 416.329 0 0 0 255
93.1969 415.03 0 0 0 255
93.9469 416.329 0 0 0 255
93.1969 416.53 0 0 0 255
93.1969 415.03 0 0 0 255
93.1969 416.53 0 0 0 255
92.4469 416.329 0 0 0 255
93.1969 415.03 0 0 0 255
92.4469 416.329 0 0 0 255
91.8979 415.78 0 0 0 255
93.1969 415.03 0 0 0 255
91.8979 415.78 0 0 0 255
91.6969 415.03 0 0 0 255
93.1969 415.03 0 0 0 255
91.6969 415.03 0 0 0 255
91.8979 414.28 0 0 0 255
93.1969 415.03 0 0 0 255
91.8979 414.28 0 0 0 255
92.4469 413.731 0 0 0 255
93.1969 415.03 0 0 0 255
92.4469 413.731 0 0 0 255
93.1969 413.53 0 0 0 255
93.1969 415.03 0 0 0 255
93.1969 413.53 0 0 0 255
93.9469 413.731 0 0 0 255
93.1969 415.03 0 0 0 255
93.9469 413.731 0 0 0 255
94.4959 414.28 0 0 0 255
93.1969 415.03 0 0 0 255
94.4959 414.28 0 0 0 255
94.6969 415.03 0 0 0 255
93.822 416.394 0 0 0 255
92.5718 413.667 0 0 0 255
94.3452 416.154 0 0 0 255
92.5718 413.667 0 0 0 255
93.0951 413.427 0 0 0 255
94.3452 416.154 0 0 0 255
93.7202 414.79 0 0 0 255
95.2202 414.79 0 0 0 255
95.0192 415.54 0 0 0 255
93.7202 414.79 0 0 0 255
95.0192 415.54 0 0 0 255
94.4702 416.089 0 0 0 255
93.7202 414.79 0 0 0 255
94.4702 416.089 0 0 0 255
93.7202 416.29 0 0 0 255
93.7202 414.79 0 0 0 255
93.7202 416.29 0 0 0 255
92.9702 416.089 0 0 0 255
93.7202 414.79 0 0 0 255
92.9702 416.089 0 0 0 255
92.4211 415.54 0 0 0 255
93.7202 414.79 0 0 0 255
92.4211 415.54 0 0 0 255
92.2202 414.79 0 0 0 255
93.7202 414.79 0 0 0 255
92.2202 414.79 0 0 0 255
92.4211 414.04 0 0 0 255
93.7202 414.79 0 0 0 255
92.4211 414.04 0 0 0 255
92.9702 413.491 0 0 0 255
93.7202 414.79 0 0 0 255
92.9702 413.491 0 0 0 255
93.7202 413.29 0 0 0 255
93.7202 414.79 0 0 0 255
93.7202 413.29 0 0 0 255
94.4702 413.491 0 0 0 255
93.7202 414.79 0 0 0 255
94.4702 413.491 0 0 0 255
95.0192 414.04 0 0 0 255
93.7202 414.79 0 0 0 255
95.0192 414.04 0 0 0 255
95.2202 414.79 0 0 0 255
94.4634 416.093 0 0 0 255
92.977 413.487 0 0 0 255
95.6176 415.435 0 0 0 255
92.977 413.487 0 0 0 255
94.1312 412.829 0 0 0 255
95.6176 415.435 0 0 0 255
94.8744 414.132 0 0 0 255
96.3744 414.132 0 0 0 255
96.1734 414.882 0 0 0 255
94.8744 414.132 0 0 0 255
96.1734 414.882 0 0 0 255
95.6244 415.431 0 0 0 255
94.8744 414.132 0 0 0 255
95.6244 415.431 0 0 0 255
94.8744 415.632 0 0 0 255
94.8744 414.132 0 0 0 255
94.8744 415.632 0 0 0 255
94.1244 415.431 0 0 0 255
94.8744 414.132 0 0 0 255
94.1244 415.431 0 0 0 255
93.5753 414.882 0 0 0 255
94.8744 414.132 0 0 0 255
93.5753 414.882 0 0 0 255
93.3744 414.132 0 0 0 255
94.8744 414.132 0 0 0 255
93.3744 414.132 0 0 0 255
93.5753 413.382 0 0 0 255
94.8744 414.132 0 0 0 255
93.5753 413.382 0 0 0 255
94.1244 412.833 0 0 0 255
94.8744 414.132 0 0 0 255
94.1244 412.833 0 0 0 255
94.8744 412.632 0 0 0 255
94.8744 414.132 0 0 0 255
94.8744 412.632 0 0 0 255
95.6244 412.833 0 0 0 255
94.8744 414.132 0 0 0 255
95.6244 412.833 0 0 0 255
96.1734 413.382 0 0 0 255
94.8744 414.132 0 0 0 255
96.1734 413.382 0 0 0 255
96.3744 414.132 0 0 0 255
95.6474 415.417 0 0 0 255
94.1013 412.847 0 0 0 255
97.7807 414.134 0 0 0 255
94.1013 412.847 0 0 0 255
96.2346 411.564 0 0 0 255
97.7807 414.134 0 0 0 255
97.0076 412.849 0 0 0 255
98.5076 412.849 0 0 0 255
98.3067 413.599 0 0 0 255
97.0076 412.849 0 0 0 255
98.3067 413.599 0 0 0 255
97.7576 414.148 0 0 0 255
97.0076 412.849 0 0 0 255
97.7576 414.148 0 0 0 255
97.0076 414.349 0 0 0 255
97.0076 412.849 0 0 0 255
97.0076 414.349 0 0 0 255
96.2576 414.148 0 0 0 255
97.0076 412.849 0 0 0 255
96.2576 414.148 0 0 0 255
95.7086 413.599 0 0 0 255
97.0076 412.849 0 0 0 255
95.7086 413.599 0 0 0 255
95.5076 412.849 0 0 0 255
97.0076 412.849 0 0 0 255
95.5076 412.849 0 0 0 255
95.7086 412.099 0 0 0 255
97.0076 412.849 0 0 0 255
95.7086 412.099 0 0 0 255
96.2576 411.55 0 0 0 255
97.0076 412.849 0 0 0 255
96.2576 411.55 0 0 0 255
97.0076 411.349 0 0 0 255
97.0076 412.849 0 0 0 255
97.0076 411.349 0 0 0 255
97.7576 411.55 0 0 0 255
97.0076 412.849 0 0 0 255
97.7576 411.55 0 0 0 255
98.3067 412.099 0 0 0 255
97.0076 412.849 0 0 0 255
98.3067 412.099 0 0 0 255
98.5076 412.849 0 0 0 255
97.7914 414.128 0 0 0 255
96.2238 411.57 0 0 0 255
100.904 412.22 0 0 0 255
96.2238 411.57 0 0 0 255
99.3361 409.663 0 0 0 255
100.904 412.22 0 0 0 255
100.12 410.942 0 0 0 255
101.62 410.942 0 0 0 255
101.419 411.692 0 0 0 255
100.12 410.942 0 0 0 255
101.419 411.692 0 0 0 255
100.87 412.241 0 0 0 255
100.12 410.942 0 0 0 255
100.87 412.241 0 0 0 255
100.12 412.442 0 0 0 255
100.12 410.942 0 0 0 255
100.12 412.442 0 0 0 255
99.3699 412.241 0 0 0 255
100.12 410.942 0 0 0 255
99.3699 412.241 0 0 0 255
98.8209 411.692 0 0 0 255
100.12 410.942 0 0 0 255
98.8209 411.692 0 0 0 255
98.6199 410.942 0 0 0 255
100.12 410.942 0 0 0 255
98.6199 410.942 0 0 0 255
98.8209 410.192 0 0 0 255
100.12 410.942 0 0 0 255
98.8209 410.192 0 0 0 255
99.3699 409.643 0 0 0 255
100.12 410.942 0 0 0 255
99.3699 409.643 0 0 0 255
100.12 409.442 0 0 0 255
100.12 410.942 0 0 0 255
100.12 409.442 0 0 0 255
100.87 409.643 0 0 0 255
100.12 410.942 0 0 0 255
100.87 409.643 0 0 0 255
101.419 410.192 0 0 0 255
100.12 410.942 0 0 0 255
101.419 410.192 0 0 0 255
101.62 410.942 0 0 0 255
100.909 412.217 0 0 0 255
99.3305 409.666 0 0 0 255
105.001 409.685 0 0 0 255
99.3305 409.666 0 0 0 255
103.422 407.134 0 0 0 255
105.001 409.685 0 0 0 255
104.211 408.409 0 0 0 255
105.711 408.409 0 0 0 255
105.51 409.159 0 0 0 255
104.211 408.409 0 0 0 255
105.51 409.159 0 0 0 255
104.961 409.709 0 0 0 255
104.211 408.409 0 0 0 255
104.961 409.709 0 0 0 255
104.211 409.909 0 0 0 255
104.211 408.409 0 0 0 255
104.211 409.909 0 0 0 255
103.461 409.709 0 0 0 255
104.211 408.409 0 0 0 255
103.461 409.709 0 0 0 255
102.912 409.159 0 0 0 255
104.211 408.409 0 0 0 255
102.912 409.159 0 0 0 255
102.711 408.409 0 0 0 255
104.211 408.409 0 0 0 255
102.711 408.409 0 0 0 255
102.912 407.659 0 0 0 255
104.211 408.409 0 0 0 255
102.912 407.659 0 0 0 255
103.461 407.11 0 0 0 255
104.211 408.409 0 0 0 255
103.461 407.11 0 0 0 255
104.211 406.909 0 0 0 255
104.211 408.409 0 0 0 255
104.211 406.909 0 0 0 255
104.961 407.11 0 0 0 255
104.211 408.409 0 0 0 255
104.961 407.11 0 0 0 255
105.51 407.659 0 0 0 255
104.211 408.409 0 0 0 255
105.51 407.659 0 0 0 255
105.711 408.409 0 0 0 255
105.004 409.683 0 0 0 255
103.418 407.136 0 0 0 255
110.074 406.526 0 0 0 255
103.418 407.136 0 0 0 255
108.489 403.979 0 0 0 255
110.074 406.526 0 0 0 255
109.282 405.253 0 0 0 255
110.782 405.253 0 0 0 255
110.581 406.003 0 0 0 255
109.282 405.253 0 0 0 255
110.581 406.003 0 0 0 255
110.032 406.552 0 0 0 255
109.282 405.253 0 0 0 255
110.032 406.552 0 0 0 255
109.282 406.753 0 0 0 255
109.282 405.253 0 0 0 255
109.282 406.753 0 0 0 255
108.532 406.552 0 0 0 255
109.282 405.253 0 0 0 255
108.532 406.552 0 0 0 255
107.983 406.003 0 0 0 255
109.282 405.253 0 0 0 255
107.983 406.003 0 0 0 255
107.782 405.253 0 0 0 255
109.282 405.253 0 0 0 255
107.782 405.253 0 0 0 255
107.983 404.503 0 0 0 255
109.282 405.253 0 0 0 255
107.983 404.503 0 0 0 255
108.532 403.954 0 0 0 255
109.282 405.253 0 0 0 255
108.532 403.954 0 0 0 255
109.282 403.753 0 0 0 255
109.282 405.253 0 0 0 255
109.282 403.753 0 0 0 255
110.032 403.954 0 0 0 255
109.282 405.253 0 0 0 255
110.032 403.954 0 0 0 255
110.581 404.503 0 0 0 255
109.282 405.253 0 0 0 255
110.581 404.503 0 0 0 255
110.782 405.253 0 0 0 255
110.077 406.525 0 0 0 255
108.486 403.981 0 0 0 255
116.126 402.743 0 0 0 255
108.486 403.981 0 0 0 255
114.536 400.2 0 0 0 255
116.126 402.743 0 0 0 255
115.331 401.471 0 0 0 255
116.831 401.471 0 0 0 255
116.63 402.221 0 0 0 255
115.331 401.471 0 0 0 255
116.63 402.221 0 0 0 255
116.081 402.771 0 0 0 255
115.331 401.471 0 0 0 255
116.081 402.771 0 0 0 255
115.331 402.971 0 0 0 255
115.331 401.471 0 0 0 255
115.331 402.971 0 0 0 255
114.581 402.771 0 0 0 255
115.331 401.471 0 0 0 255
114.581 402.771 0 0 0 255
114.032 402.221 0 0 0 255
115.331 401.471 0 0 0 255
114.032 402.221 0 0 0 255
113.831 401.471 0 0 0 255
115.331 401.471 0 0 0 255
113.831 401.471 0 0 0 255
114.032 400.721 0 0 0 255
115.331 401.471 0 0 0 255
114.032 400.721 0 0 0 255
114.581 400.172 0 0 0 255
115.331 401.471 0 0 0 255
114.581 400.172 0 0 0 255
115.331 399.971 0 0 0 255
115.331 401.471 0 0 0 255
115.331 399.971 0 0 0 255
116.081 400.172 0 0 0 255
115.331 401.471 0 0 0 255
116.081 400.172 0 0 0 255
116.63 400.721 0 0 0 255
115.331 401.471 0 0 0 255
116.63 400.721 0 0 0 255
116.831 401.471 0 0 0 255
116.122 402.746 0 0 0 255
114.54 400.197 0 0 0 255
123.121 398.402 0 0 0 255
114.54 400.197 0 0 0 255
121.539 395.853 0 0 0 255
123.121 398.402 0 0 0 255
122.33 397.127 0 0 0 255
123.83 397.127 0 0 0 255
123.629 397.877 0 0 0 255
122.33 397.127 0 0 0 255
123.629 397.877 0 0 0 255
123.08 398.426 0 0 0 255
122.33 397.127 0 0 0 255
123.08 398.426 0 0 0 255
122.33 398.627 0 0 0 255
122.33 397.127 0 0 0 255
122.33 398.627 0 0 0 255
121.58 398.426 0 0 0 255
122.33 397.127 0 0 0 255
121.58 398.426 0 0 0 255
121.031 397.877 0 0 0 255
122.33 397.127 0 0 0 255
121.031 397.877 0 0 0 255
120.83 397.127 0 0 0 255
122.33 397.127 0 0 0 255
120.83 397.127 0 0 0 255
121.031 396.377 0 0 0 255
122.33 397.127 0 0 0 255
121.031 396.377 0 0 0 255
121.58 395.828 0 0 0 255
122.33 397.127 0 0 0 255
121.58 395.828 0 0 0 255
122.33 395.627 0 0 0 255
122.33 397.127 0 0 0 255
122.33 395.627 0 0 0 255
123.08 395.828 0 0 0 255
122.33 397.127 0 0 0 255
123.08 395.828 0 0 0 255
123.629 396.377 0 0 0 255
122.33 397.127 0 0 0 255
123.629 396.377 0 0 0 255
123.83 397.127 0 0 0 255
123.113 398.407 0 0 0 255
121.547 395.848 0 0 0 255
131.033 393.561 0 0 0 255
121.547 395.848 0 0 0 255
129.467 391.002 0 0 0 255
131.033 393.561 0 0 0 255
130.25 392.282 0 0 0 255
131.75 392.282 0 0 0 255
131.549 393.032 0 0 0 255
130.25 392.282 0 0 0 255
131.549 393.032 0 0 0 255
131 393.581 0 0 0 255
130.25 392.282 0 0 0 255
131 393.581 0 0 0 255
130.25 393.782 0 0 0 255
130.25 392.282 0 0 0 255
130.25 393.782 0 0 0 255
129.5 393.581 0 0 0 255
130.25 392.282 0 0 0 255
129.5 393.581 0 0 0 255
128.951 393.032 0 0 0 255
130.25 392.282 0 0 0 255
128.951 393.032 0 0 0 255
128.75 392.282 0 0 0 255
130.25 392.282 0 0 0 255
128.75 392.282 0 0 0 255
128.951 391.532 0 0 0 255
130.25 392.282 0 0 0 255
128.951 391.532 0 0 0 255
129.5 390.983 0 0 0 255
130.25 392.282 0 0 0 255
129.5 390.983 0 0 0 255
130.25 390.782 0 0 0 255
130.25 392.282 0 0 0 255
130.25 390.782 0 0 0 255
131 390.983 0 0 0 255
130.25 392.282 0 0 0 255
131 390.983 0 0 0 255
131.549 391.532 0 0 0 255
130.25 392.282 0 0 0 255
131.549 391.532 0 0 0 255
131.75 392.282 0 0 0 255
131.026 393.565 0 0 0 255
129.474 390.998 0 0 0 255
139.867 388.218 0 0 0 255
129.474 390.998 0 0 0 255
138.314 385.651 0 0 0 255
139.867 388.218 0 0 0 255
139.091 386.935 0 0 0 255
140.591 386.935 0 0 0 255
140.39 387.685 0 0 0 255
139.091 386.935 0 0 0 255
140.39 387.685 0 0 0 255
139.841 388.234 0 0 0 255
139.091 386.935 0 0 0 255
139.841 388.234 0 0 0 255
139.091 388.435 0 0 0 255
139.091 386.935 0 0 0 255
139.091 388.435 0 0 0 255
138.341 388.234 0 0 0 255
139.091 386.935 0 0 0 255
138.341 388.234 0 0 0 255
137.792 387.685 0 0 0 255
139.091 386.935 0 0 0 255
137.792 387.685 0 0 0 255
137.591 386.935 0 0 0 255
139.091 386.935 0 0 0 255
137.591 386.935 0 0 0 255
137.792 386.185 0 0 0 255
139.091 386.935 0 0 0 255
137.792 386.185 0 0 0 255
138.341 385.636 0 0 0 255
139.091 386.935 0 0 0 255
138.341 385.636 0 0 0 255
139.091 385.435 0 0 0 255
139.091 386.935 0 0 0 255
139.091 385.435 0 0 0 255
139.841 385.636 0 0 0 255
139.091 386.935 0 0 0 255
139.841 385.636 0 0 0 255
140.39 386.185 0 0 0 255
139.091 386.935 0 0 0 255
140.39 386.185 0 0 0 255
140.591 386.935 0 0 0 255
139.862 388.222 0 0 0 255
138.32 385.648 0 0 0 255
149.623 382.374 0 0 0 255
138.32 385.648 0 0 0 255
148.081 379.8 0 0 0 255
149.623 382.374 0 0 0 255
148.852 381.087 0 0 0 255
150.352 381.087 0 0 0 255
150.151 381.837 0 0 0 255
148.852 381.087 0 0 0 255
150.151 381.837 0 0 0 255
149.602 382.386 0 0 0 255
148.852 381.087 0 0 0 255
149.602 382.386 0 0 0 255
148.852 382.587 0 0 0 255
148.852 381.087 0 0 0 255
148.852 382.587 0 0 0 255
148.102 382.386 0 0 0 255
148.852 381.087 0 0 0 255
148.102 382.386 0 0 0 255
147.553 381.837 0 0 0 255
148.852 381.087 0 0 0 255
147.553 381.837 0 0 0 255
147.352 381.087 0 0 0 255
148.852 381.087 0 0 0 255
147.352 381.087 0 0 0 255
147.553 380.337 0 0 0 255
148.852 381.087 0 0 0 255
147.553 380.337 0 0 0 255
148.102 379.788 0 0 0 255
148.852 381.087 0 0 0 255
148.102 379.788 0 0 0 255
148.852 379.587 0 0 0 255
148.852 381.087 0 0 0 255
148.852 379.587 0 0 0 255
149.602 379.788 0 0 0 255
148.852 381.087 0 0 0 255
149.602 379.788 0 0 0 255
150.151 380.337 0 0 0 255
148.852 381.087 0 0 0 255
150.151 380.337 0 0 0 255
150.352 381.087 0 0 0 255
149.618 382.376 0 0 0 255
148.086 379.797 0 0 0 255
160.3 376.027 0 0 0 255
148.086 379.797 0 0 0 255
158.767 373.448 0 0 0 255
160.3 376.027 0 0 0 255
159.534 374.738 0 0 0 255
161.034 374.738 0 0 0 255
160.833 375.488 0 0 0 255
159.534 374.738 0 0 0 255
160.833 375.488 0 0 0 255
160.284 376.037 0 0 0 255
159.534 374.738 0 0 0 255
160.284 376.037 0 0 0 255
159.534 376.238 0 0 0 255
159.534 374.738 0 0 0 255
159.534 376.238 0 0 0 255
158.784 376.037 0 0 0 255
159.534 374.738 0 0 0 255
158.784 376.037 0 0 0 255
158.235 375.488 0 0 0 255
159.534 374.738 0 0 0 255
158.235 375.488 0 0 0 255
158.034 374.738 0 0 0 255
159.534 374.738 0 0 0 255
158.034 374.738 0 0 0 255
158.235 373.988 0 0 0 255
159.534 374.738 0 0 0 255
158.235 373.988 0 0 0 255
158.784 373.439 0 0 0 255
159.534 374.738 0 0 0 255
158.784 373.439 0 0 0 255
159.534 373.238 0 0 0 255
159.534 374.738 0 0 0 255
159.534 373.238 0 0 0 255
160.284 373.439 0 0 0 255
159.534 374.738 0 0 0 255
160.284 373.439 0 0 0 255
160.833 373.988 0 0 0 255
159.534 374.738 0 0 0 255
160.833 373.988 0 0 0 255
161.034 374.738 0 0 0 255
160.297 376.029 0 0 0 255
158.771 373.446 0 0 0 255
171.899 369.179 0 0 0 255
158.771 373.446 0 0 0 255
170.374 366.595 0 0 0 255
171.899 369.179 0 0 0 255
171.137 367.887 0 0 0 255
172.637 367.887 0 0 0 255
172.436 368.637 0 0 0 255
171.137 367.887 0 0 0 255
172.436 368.637 0 0 0 255
171.887 369.186 0 0 0 255
171.137 367.887 0 0 0 255
171.887 369.186 0 0 0 255
171.137 369.387 0 0 0 255
171.137 367.887 0 0 0 255
171.137 369.387 0 0 0 255
170.387 369.186 0 0 0 255
171.137 367.887 0 0 0 255
170.387 369.186 0 0 0 255
169.837 368.637 0 0 0 255
171.137 367.887 0 0 0 255
169.837 368.637 0 0 0 255
169.637 367.887 0 0 0 255
171.137 367.887 0 0 0 255
169.637 367.887 0 0 0 255
169.837 367.137 0 0 0 255
171.137 367.887 0 0 0 255
169.837 367.137 0 0 0 255
170.387 366.588 0 0 0 255
171.137 367.887 0 0 0 255
170.387 366.588 0 0 0 255
171.137 366.387 0 0 0 255
171.137 367.887 0 0 0 255
171.137 366.387 0 0 0 255
171.887 366.588 0 0 0 255
171.137 367.887 0 0 0 255
171.887 366.588 0 0 0 255
172.436 367.137 0 0 0 255
171.137 367.887 0 0 0 255
172.436 367.137 0 0 0 255
172.637 367.887 0 0 0 255
171.893 369.182 0 0 0 255
170.38 366.592 0 0 0 255
184.075 362.065 0 0 0 255
170.38 366.592 0 0 0 255
182.562 359.475 0 0 0 255
184.075 362.065 0 0 0 255
183.319 360.77 0 0 0 255
184.819 360.77 0 0 0 255
184.618 361.52 0 0 0 255
183.319 360.77 0 0 0 255
184.618 361.52 0 0 0 255
184.069 362.069 0 0 0 255
183.319 360.77 0 0 0 255
184.069 362.069 0 0 0 255
183.319 362.27 0 0 0 255
183.319 360.77 0 0 0 255
183.319 362.27 0 0 0 255
182.569 362.069 0 0 0 255
183.319 360.77 0 0 0 255
182.569 362.069 0 0 0 255
182.02 361.52 0 0 0 255
183.319 360.77 0 0 0 255
182.02 361.52 0 0 0 255
181.819 360.77 0 0 0 255
183.319 360.77 0 0 0 255
181.819 360.77 0 0 0 255
182.02 360.02 0 0 0 255
183.319 360.77 0 0 0 255
182.02 360.02 0 0 0 255
182.569 359.471 0 0 0 255
183.319 360.77 0 0 0 255
182.569 359.471 0 0 0 255
183.319 359.27 0 0 0 255
183.319 360.77 0 0 0 255
183.319 359.27 0 0 0 255
184.069 359.471 0 0 0 255
183.319 360.77 0 0 0 255
184.069 359.471 0 0 0 255
184.618 360.02 0 0 0 255
183.319 360.77 0 0 0 255
184.618 360.02 0 0 0 255
184.819 360.77 0 0 0 255
184.067 362.07 0 0 0 255
182.57 359.47 0 0 0 255
196.487 354.921 0 0 0 255
182.57 359.47 0 0 0 255
194.991 352.321 0 0 0 255
196.487 354.921 0 0 0 255
195.739 353.621 0 0 0 255
197.239 353.621 0 0 0 255
197.038 354.371 0 0 0 255
195.739 353.621 0 0 0 255
197.038 354.371 0 0 0 255
196.489 354.92 0 0 0 255
195.739 353.621 0 0 0 255
196.489 354.92 0 0 0 255
195.739 355.121 0 0 0 255
195.739 353.621 0 0 0 255
195.739 355.121 0 0 0 255
194.989 354.92 0 0 0 255
195.739 353.621 0 0 0 255
194.989 354.92 0 0 0 255
194.44 354.371 0 0 0 255
195.739 353.621 0 0 0 255
194.44 354.371 0 0 0 255
194.239 353.621 0 0 0 255
195.739 353.621 0 0 0 255
194.239 353.621 0 0 0 255
194.44 352.871 0 0 0 255
195.739 353.621 0 0 0 255
194.44 352.871 0 0 0 255
194.989 352.322 0 0 0 255
195.739 353.621 0 0 0 255
194.989 352.322 0 0 0 255
195.739 352.121 0 0 0 255
195.739 353.621 0 0 0 255
195.739 352.121 0 0 0 255
196.489 352.322 0 0 0 255
195.739 353.621 0 0 0 255
196.489 352.322 0 0 0 255
197.038 352.871 0 0 0 255
195.739 353.621 0 0 0 255
197.038 352.871 0 0 0 255
197.239 353.621 0 0 0 255
196.479 354.926 0 0 0 255
194.999 352.316 0 0 0 255
209.138 347.745 0 0 0 255
194.999 352.316 0 0 0 255
207.658 345.135 0 0 0 255
209.138 347.745 0 0 0 255
208.398 346.44 0 0 0 255
209.898 346.44 0 0 0 255
209.697 347.19 0 0 0 255
208.398 346.44 0 0 0 255
209.697 347.19 0 0 0 255
209.148 347.739 0 0 0 255
208.398 346.44 0 0 0 255
209.148 347.739 0 0 0 255
208.398 347.94 0 0 0 255
208.398 346.44 0 0 0 255
208.398 347.94 0 0 0 255
207.648 347.739 0 0 0 255
208.398 346.44 0 0 0 255
207.648 347.739 0 0 0 255
207.099 347.19 0 0 0 255
208.398 346.44 0 0 0 255
207.099 347.19 0 0 0 255
206.898 346.44 0 0 0 255
208.398 346.44 0 0 0 255
206.898 346.44 0 0 0 255
207.099 345.69 0 0 0 255
208.398 346.44 0 0 0 255
207.099 345.69 0 0 0 255
207.648 345.141 0 0 0 255
208.398 346.44 0 0 0 255
207.648 345.141 0 0 0 255
208.398 344.94 0 0 0 255
208.398 346.44 0 0 0 255
208.398 344.94 0 0 0 255
209.148 345.141 0 0 0 255
208.398 346.44 0 0 0 255
209.148 345.141 0 0 0 255
209.697 345.69 0 0 0 255
208.398 346.44 0 0 0 255
209.697 345.69 0 0 0 255
209.898 346.44 0 0 0 255
209.13 347.749 0 0 0 255
207.666 345.131 0 0 0 255
222.027 340.537 0 0 0 255
207.666 345.131 0 0 0 255
220.563 337.918 0 0 0 255
222.027 340.537 0 0 0 255
221.295 339.227 0 0 0 255
222.795 339.227 0 0 0 255
222.594 339.977 0 0 0 255
221.295 339.227 0 0 0 255
222.594 339.977 0 0 0 255
222.045 340.527 0 0 0 255
221.295 339.227 0 0 0 255
222.045 340.527 0 0 0 255
221.295 340.727 0 0 0 255
221.295 339.227 0 0 0 255
221.295 340.727 0 0 0 255
220.545 340.527 0 0 0 255
221.295 339.227 0 0 0 255
220.545 340.527 0 0 0 255
219.996 339.977 0 0 0 255
221.295 339.227 0 0 0 255
219.996 339.977 0 0 0 255
219.795 339.227 0 0 0 255
221.295 339.227 0 0 0 255
219.795 339.227 0 0 0 255
219.996 338.477 0 0 0 255
221.295 339.227 0 0 0 255
219.996 338.477 0 0 0 255
220.545 337.928 0 0 0 255
221.295 339.227 0 0 0 255
220.545 337.928 0 0 0 255
221.295 337.727 0 0 0 255
221.295 339.227 0 0 0 255
221.295 337.727 0 0 0 255
222.045 337.928 0 0 0 255
221.295 339.227 0 0 0 255
222.045 337.928 0 0 0 255
222.594 338.477 0 0 0 255
221.295 339.227 0 0 0 255
222.594 338.477 0 0 0 255
222.795 339.227 0 0 0 255
222.019 340.541 0 0 0 255
220.571 337.914 0 0 0 255
235.155 333.296 0 0 0 255
220.571 337.914 0 0 0 255
233.706 330.669 0 0 0 255
235.155 333.296 0 0 0 255
234.43 331.983 0 0 0 255
235.93 331.983 0 0 0 255
235.729 332.733 0 0 0 255
234.43 331.983 0 0 0 255
235.729 332.733 0 0 0 255
235.18 333.282 0 0 0 255
234.43 331.983 0 0 0 255
235.18 333.282 0 0 0 255
234.43 333.483 0 0 0 255
234.43 331.983 0 0 0 255
234.43 333.483 0 0 0 255
233.68 333.282 0 0 0 255
234.43 331.983 0 0 0 255
233.68 333.282 0 0 0 255
233.131 332.733 0 0 0 255
234.43 331.983 0 0 0 255
233.131 332.733 0 0 0 255
232.93 331.983 0 0 0 255
234.43 331.983 0 0 0 255
232.93 331.983 0 0 0 255
233.131 331.233 0 0 0 255
234.43 331.983 0 0 0 255
233.131 331.233 0 0 0 255
233.68 330.684 0 0 0 255
234.43 331.983 0 0 0 255
233.68 330.684 0 0 0 255
234.43 330.483 0 0 0 255
234.43 331.983 0 0 0 255
234.43 330.483 0 0 0 255
235.18 330.684 0 0 0 255
234.43 331.983 0 0 0 255
235.18 330.684 0 0 0 255
235.729 331.233 0 0 0 255
234.43 331.983 0 0 0 255
235.729 331.233 0 0 0 255
235.93 331.983 0 0 0 255
235.147 333.301 0 0 0 255
233.714 330.665 0 0 0 255
248.521 326.024 0 0 0 255
233.714 330.665 0 0 0 255
247.087 323.389 0 0 0 255
248.521 326.024 0 0 0 255
247.804 324.707 0 0 0 255
249.304 324.707 0 0 0 255
249.103 325.457 0 0 0 255
247.804 324.707 0 0 0 255
249.103 325.457 0 0 0 255
248.554 326.006 0 0 0 255
247.804 324.707 0 0 0 255
248.554 326.006 0 0 0 255
247.804 326.207 0 0 0 255
247.804 324.707 0 0 0 255
247.804 326.207 0 0 0 255
247.054 326.006 0 0 0 255
247.804 324.707 0 0 0 255
247.054 326.006 0 0 0 255
246.505 325.457 0 0 0 255
247.804 324.707 0 0 0 255
246.505 325.457 0 0 0 255
246.304 324.707 0 0 0 255
247.804 324.707 0 0 0 255
246.304 324.707 0 0 0 255
246.505 323.957 0 0 0 255
247.804 324.707 0 0 0 255
246.505 323.957 0 0 0 255
247.054 323.408 0 0 0 255
247.804 324.707 0 0 0 255
247.054 323.408 0 0 0 255
247.804 323.207 0 0 0 255
247.804 324.707 0 0 0 255
247.804 323.207 0 0 0 255
248.554 323.408 0 0 0 255
247.804 324.707 0 0 0 255
248.554 323.408 0 0 0 255
249.103 323.957 0 0 0 255
247.804 324.707 0 0 0 255
249.103 323.957 0 0 0 255
249.304 324.707 0 0 0 255
248.488 326.042 0 0 0 255
247.121 323.371 0 0 0 255
262.34 318.949 0 0 0 255
247.121 323.371 0 0 0 255
260.973 316.279 0 0 0 255
262.34 318.949 0 0 0 255
261.656 317.614 0 0 0 255
263.156 317.614 0 0 0 255
262.956 318.364 0 0 0 255
261.656 317.614 0 0 0 255
262.956 318.364 0 0 0 255
262.406 318.913 0 0 0 255
261.656 317.614 0 0 0 255
262.406 318.913 0 0 0 255
261.656 319.114 0 0 0 255
261.656 317.614 0 0 0 255
261.656 319.114 0 0 0 255
260.906 318.913 0 0 0 255
261.656 317.614 0 0 0 255
260.906 318.913 0 0 0 255
260.357 318.364 0 0 0 255
261.656 317.614 0 0 0 255
260.357 318.364 0 0 0 255
260.156 317.614 0 0 0 255
261.656 317.614 0 0 0 255
260.156 317.614 0 0 0 255
260.357 316.864 0 0 0 255
261.656 317.614 0 0 0 255
260.357 316.864 0 0 0 255
260.906 316.315 0 0 0 255
261.656 317.614 0 0 0 255
260.906 316.315 0 0 0 255
261.656 316.114 0 0 0 255
261.656 317.614 0 0 0 255
261.656 316.114 0 0 0 255
262.406 316.315 0 0 0 255
261.656 317.614 0 0 0 255
262.406 316.315 0 0 0 255
262.956 316.864 0 0 0 255
261.656 317.614 0 0 0 255
262.956 316.864 0 0 0 255
263.156 317.614 0 0 0 255
262.283 318.977 0 0 0 255
261.03 316.251 0 0 0 255
276.854 312.283 0 0 0 255
261.03 316.251 0 0 0 255
275.601 309.557 0 0 0 255
276.854 312.283 0 0 0 255
276.227 310.92 0 0 0 255
277.727 310.92 0 0 0 255
277.526 311.67 0 0 0 255
276.227 310.92 0 0 0 255
277.526 311.67 0 0 0 255
276.977 312.219 0 0 0 255
276.227 310.92 0 0 0 255
276.977 312.219 0 0 0 255
276.227 312.42 0 0 0 255
276.227 310.92 0 0 0 255
276.227 312.42 0 0 0 255
275.477 312.219 0 0 0 255
276.227 310.92 0 0 0 255
275.477 312.219 0 0 0 255
274.928 311.67 0 0 0 255
276.227 310.92 0 0 0 255
274.928 311.67 0 0 0 255
274.727 310.92 0 0 0 255
276.227 310.92 0 0 0 255
274.727 310.92 0 0 0 255
274.928 310.17 0 0 0 255
276.227 310.92 0 0 0 255
274.928 310.17 0 0 0 255
275.477 309.621 0 0 0 255
276.227 310.92 0 0 0 255
275.477 309.621 0 0 0 255
276.227 309.42 0 0 0 255
276.227 310.92 0 0 0 255
276.227 309.42 0 0 0 255
276.977 309.621 0 0 0 255
276.227 310.92 0 0 0 255
276.977 309.621 0 0 0 255
277.526 310.17 0 0 0 255
276.227 310.92 0 0 0 255
277.526 310.17 0 0 0 255
277.727 310.92 0 0 0 255
276.798 312.307 0 0 0 255
275.656 309.533 0 0 0 255
292.088 306.013 0 0 0 255
275.656 309.533 0 0 0 255
290.946 303.239 0 0 0 255
292.088 306.013 0 0 0 255
291.517 304.626 0 0 0 255
293.017 304.626 0 0 0 255
292.816 305.376 0 0 0 255
291.517 304.626 0 0 0 255
292.816 305.376 0 0 0 255
292.267 305.925 0 0 0 255
291.517 304.626 0 0 0 255
292.267 305.925 0 0 0 255
291.517 306.126 0 0 0 255
291.517 304.626 0 0 0 255
291.517 306.126 0 0 0 255
290.767 305.925 0 0 0 255
291.517 304.626 0 0 0 255
290.767 305.925 0 0 0 255
290.218 305.376 0 0 0 255
291.517 304.626 0 0 0 255
290.218 305.376 0 0 0 255
290.017 304.626 0 0 0 255
291.517 304.626 0 0 0 255
290.017 304.626 0 0 0 255
290.218 303.876 0 0 0 255
291.517 304.626 0 0 0 255
290.218 303.876 0 0 0 255
290.767 303.327 0 0 0 255
291.517 304.626 0 0 0 255
290.767 303.327 0 0 0 255
291.517 303.126 0 0 0 255
291.517 304.626 0 0 0 255
291.517 303.126 0 0 0 255
292.267 303.327 0 0 0 255
291.517 304.626 0 0 0 255
292.267 303.327 0 0 0 255
292.816 303.876 0 0 0 255
291.517 304.626 0 0 0 255
292.816 303.876 0 0 0 255
293.017 304.626 0 0 0 255
292.035 306.033 0 0 0 255
290.999 303.218 0 0 0 255
308.043 300.138 0 0 0 255
290.999 303.218 0 0 0 255
307.007 297.322 0 0 0 255
308.043 300.138 0 0 0 255
307.525 298.73 0 0 0 255
309.025 298.73 0 0 0 255
308.824 299.48 0 0 0 255
307.525 298.73 0 0 0 255
308.824 299.48 0 0 0 255
308.275 300.029 0 0 0 255
307.525 298.73 0 0 0 255
308.275 300.029 0 0 0 255
307.525 300.23 0 0 0 255
307.525 298.73 0 0 0 255
307.525 300.23 0 0 0 255
306.775 300.029 0 0 0 255
307.525 298.73 0 0 0 255
306.775 300.029 0 0 0 255
306.226 299.48 0 0 0 255
307.525 298.73 0 0 0 255
306.226 299.48 0 0 0 255
306.025 298.73 0 0 0 255
307.525 298.73 0 0 0 255
306.025 298.73 0 0 0 255
306.226 297.98 0 0 0 255
307.525 298.73 0 0 0 255
306.226 297.98 0 0 0 255
306.775 297.431 0 0 0 255
307.525 298.73 0 0 0 255
306.775 297.431 0 0 0 255
307.525 297.23 0 0 0 255
307.525 298.73 0 0 0 255
307.525 297.23 0 0 0 255
308.275 297.431 0 0 0 255
307.525 298.73 0 0 0 255
308.275 297.431 0 0 0 255
308.824 297.98 0 0 0 255
307.525 298.73 0 0 0 255
308.824 297.98 0 0 0 255
309.025 298.73 0 0 0 255
307.993 300.155 0 0 0 255
307.057 297.305 0 0 0 255
324.72 294.659 0 0 0 255
307.057 297.305 0 0 0 255
323.784 291.809 0 0 0 255
324.72 294.659 0 0 0 255
324.252 293.234 0 0 0 255
325.752 293.234 0 0 0 255
325.551 293.984 0 0 0 255
324.252 293.234 0 0 0 255
325.551 293.984 0 0 0 255
325.002 294.533 0 0 0 255
324.252 293.234 0 0 0 255
325.002 294.533 0 0 0 255
324.252 294.734 0 0 0 255
324.252 293.234 0 0 0 255
324.252 294.734 0 0 0 255
323.502 294.533 0 0 0 255
324.252 293.234 0 0 0 255
323.502 294.533 0 0 0 255
322.953 293.984 0 0 0 255
324.252 293.234 0 0 0 255
322.953 293.984 0 0 0 255
322.752 293.234 0 0 0 255
324.252 293.234 0 0 0 255
322.752 293.234 0 0 0 255
322.953 292.484 0 0 0 255
324.252 293.234 0 0 0 255
322.953 292.484 0 0 0 255
323.502 291.935 0 0 0 255
324.252 293.234 0 0 0 255
323.502 291.935 0 0 0 255
324.252 291.734 0 0 0 255
324.252 293.234 0 0 0 255
324.252 291.734 0 0 0 255
325.002 291.935 0 0 0 255
324.252 293.234 0 0 0 255
325.002 291.935 0 0 0 255
325.551 292.484 0 0 0 255
324.252 293.234 0 0 0 255
325.551 292.484 0 0 0 255
325.752 293.234 0 0 0 255
324.672 294.673 0 0 0 255
323.831 291.794 0 0 0 255
342.118 289.576 0 0 0 255
323.831 291.794 0 0 0 255
341.276 286.696 0 0 0 255
342.118 289.576 0 0 0 255
341.697 288.136 0 0 0 255
343.197 288.136 0 0 0 255
342.996 288.886 0 0 0 255
341.697 288.136 0 0 0 255
342.996 288.886 0 0 0 255
342.447 289.435 0 0 0 255
341.697 288.136 0 0 0 255
342.447 289.435 0 0 0 255
341.697 289.636 0 0 0 255
341.697 288.136 0 0 0 255
341.697 289.636 0 0 0 255
340.947 289.435 0 0 0 255
341.697 288.136 0 0 0 255
340.947 289.435 0 0 0 255
340.398 288.886 0 0 0 255
341.697 288.136 0 0 0 255
340.398 288.886 0 0 0 255
340.197 288.136 0 0 0 255
341.697 288.136 0 0 0 255
340.197 288.136 0 0 0 255
340.398 287.386 0 0 0 255
341.697 288.136 0 0 0 255
340.398 287.386 0 0 0 255
340.947 286.837 0 0 0 255
341.697 288.136 0 0 0 255
340.947 286.837 0 0 0 255
341.697 286.636 0 0 0 255
341.697 288.136 0 0 0 255
341.697 286.636 0 0 0 255
342.447 286.837 0 0 0 255
341.697 288.136 0 0 0 255
342.447 286.837 0 0 0 255
342.996 287.386 0 0 0 255
341.697 288.136 0 0 0 255
342.996 287.386 0 0 0 255
343.197 288.136 0 0 0 255
342.085 289.585 0 0 0 255
341.31 286.687 0 0 0 255
359.057 285.045 0 0 0 255
341.31 286.687 0 0 0 255
358.282 282.147 0 0 0 255
359.057 285.045 0 0 0 255
358.669 283.596 0 0 0 255
360.169 283.596 0 0 0 255
359.968 284.346 0 0 0 255
358.669 283.596 0 0 0 255
359.968 284.346 0 0 0 255
359.419 284.895 0 0 0 255
358.669 283.596 0 0 0 255
359.419 284.895 0 0 0 255
358.669 285.096 0 0 0 255
358.669 283.596 0 0 0 255
358.669 285.096 0 0 0 255
357.919 284.895 0 0 0 255
358.669 283.596 0 0 0 255
357.919 284.895 0 0 0 255
357.37 284.346 0 0 0 255
358.669 283.596 0 0 0 255
357.37 284.346 0 0 0 255
357.169 283.596 0 0 0 255
358.669 283.596 0 0 0 255
357.169 283.596 0 0 0 255
357.37 282.846 0 0 0 255
358.669 283.596 0 0 0 255
357.37 282.846 0 0 0 255
357.919 282.297 0 0 0 255
358.669 283.596 0 0 0 255
357.919 282.297 0 0 0 255
358.669 282.096 0 0 0 255
358.669 283.596 0 0 0 255
358.669 282.096 0 0 0 255
359.419 282.297 0 0 0 255
358.669 283.596 0 0 0 255
359.419 282.297 0 0 0 255
359.968 282.846 0 0 0 255
358.669 283.596 0 0 0 255
359.968 282.846 0 0 0 255
360.169 283.596 0 0 0 255
359.033 285.052 0 0 0 255
358.306 282.141 0 0 0 255
374.34 281.228 0 0 0 255
358.306 282.141 0 0 0 255
373.613 278.318 0 0 0 255
374.34 281.228 0 0 0 255
373.976 279.773 0 0 0 255
375.476 279.773 0 0 0 255
375.275 280.523 0 0 0 255
373.976 279.773 0 0 0 255
375.275 280.523 0 0 0 255
374.726 281.072 0 0 0 255
373.976 279.773 0 0 0 255
374.726 281.072 0 0 0 255
373.976 281.273 0 0 0 255
373.976 279.773 0 0 0 255
373.976 281.273 0 0 0 255
373.226 281.072 0 0 0 255
373.976 279.773 0 0 0 255
373.226 281.072 0 0 0 255
372.677 280.523 0 0 0 255
373.976 279.773 0 0 0 255
372.677 280.523 0 0 0 255
372.476 279.773 0 0 0 255
373.976 279.773 0 0 0 255
372.476 279.773 0 0 0 255
372.677 279.023 0 0 0 255
373.976 279.773 0 0 0 255
372.677 279.023 0 0 0 255
373.226 278.474 0 0 0 255
373.976 279.773 0 0 0 255
373.226 278.474 0 0 0 255
373.976 278.273 0 0 0 255
373.976 279.773 0 0 0 255
373.976 278.273 0 0 0 255
374.726 278.474 0 0 0 255
373.976 279.773 0 0 0 255
374.726 278.474 0 0 0 255
375.275 279.023 0 0 0 255
373.976 279.773 0 0 0 255
375.275 279.023 0 0 0 255
375.476 279.773 0 0 0 255
374.309 281.236 0 0 0 255
373.643 278.311 0 0 0 255
387.951 278.129 0 0 0 255
373.643 278.311 0 0 0 255
387.285 275.204 0 0 0 255
387.951 278.129 0 0 0 255
387.618 276.666 0 0 0 255
389.118 276.666 0 0 0 255
388.917 277.416 0 0 0 255
387.618 276.666 0 0 0 255
388.917 277.416 0 0 0 255
388.368 277.965 0 0 0 255
387.618 276.666 0 0 0 255
388.368 277.965 0 0 0 255
387.618 278.166 0 0 0 255
387.618 276.666 0 0 0 255
387.618 278.166 0 0 0 255
386.868 277.965 0 0 0 255
387.618 276.666 0 0 0 255
386.868 277.965 0 0 0 255
386.319 277.416 0 0 0 255
387.618 276.666 0 0 0 255
386.319 277.416 0 0 0 255
386.118 276.666 0 0 0 255
387.618 276.666 0 0 0 255
386.118 276.666 0 0 0 255
386.319 275.916 0 0 0 255
387.618 276.666 0 0 0 255
386.319 275.916 0 0 0 255
386.868 275.367 0 0 0 255
387.618 276.666 0 0 0 255
386.868 275.367 0 0 0 255
387.618 275.166 0 0 0 255
387.618 276.666 0 0 0 255
387.618 275.166 0 0 0 255
388.368 275.367 0 0 0 255
387.618 276.666 0 0 0 255
388.368 275.367 0 0 0 255
388.917 275.916 0 0 0 255
387.618 276.666 0 0 0 255
388.917 275.916 0 0 0 255
389.118 276.666 0 0 0 255
387.912 278.137 0 0 0 255
387.325 275.195 0 0 0 255
399.889 275.747 0 0 0 255
387.325 275.195 0 0 0 255
399.301 272.805 0 0 0 255
399.889 275.747 0 0 0 255
399.595 274.276 0 0 0 255
401.095 274.276 0 0 0 255
400.894 275.026 0 0 0 255
399.595 274.276 0 0 0 255
400.894 275.026 0 0 0 255
400.345 275.575 0 0 0 255
399.595 274.276 0 0 0 255
400.345 275.575 0 0 0 255
399.595 275.776 0 0 0 255
399.595 274.276 0 0 0 255
399.595 275.776 0 0 0 255
398.845 275.575 0 0 0 255
399.595 274.276 0 0 0 255
398.845 275.575 0 0 0 255
398.296 275.026 0 0 0 255
399.595 274.276 0 0 0 255
398.296 275.026 0 0 0 255
398.095 274.276 0 0 0 255
399.595 274.276 0 0 0 255
398.095 274.276 0 0 0 255
398.296 273.526 0 0 0 255
399.595 274.276 0 0 0 255
398.296 273.526 0 0 0 255
398.845 272.977 0 0 0 255
399.595 274.276 0 0 0 255
398.845 272.977 0 0 0 255
399.595 272.776 0 0 0 255
399.595 274.276 0 0 0 255
399.595 272.776 0 0 0 255
400.345 272.977 0 0 0 255
399.595 274.276 0 0 0 255
400.345 272.977 0 0 0 255
400.894 273.526 0 0 0 255
399.595 274.276 0 0 0 255
400.894 273.526 0 0 0 255
401.095 274.276 0 0 0 255
399.835 275.756 0 0 0 255
399.355 272.795 0 0 0 255
410.147 274.082 0 0 0 255
399.355 272.795 0 0 0 255
409.666 271.121 0 0 0 255
410.147 274.082 0 0 0 255
409.907 272.602 0 0 0 255
411.407 272.602 0 0 0 255
411.206 273.352 0 0 0 255
409.907 272.602 0 0 0 255
411.206 273.352 0 0 0 255
410.657 273.901 0 0 0 255
409.907 272.602 0 0 0 255
410.657 273.901 0 0 0 255
409.907 274.102 0 0 0 255
409.907 272.602 0 0 0 255
409.907 274.102 0 0 0 255
409.157 273.901 0 0 0 255
409.907 272.602 0 0 0 255
409.157 273.901 0 0 0 255
408.608 273.352 0 0 0 255
409.907 272.602 0 0 0 255
408.608 273.352 0 0 0 255
408.407 272.602 0 0 0 255
409.907 272.602 0 0 0 255
408.407 272.602 0 0 0 255
408.608 271.852 0 0 0 255
409.907 272.602 0 0 0 255
408.608 271.852 0 0 0 255
409.157 271.303 0 0 0 255
409.907 272.602 0 0 0 255
409.157 271.303 0 0 0 255
409.907 271.102 0 0 0 255
409.907 272.602 0 0 0 255
409.907 271.102 0 0 0 255
410.657 271.303 0 0 0 255
409.907 272.602 0 0 0 255
410.657 271.303 0 0 0 255
411.206 271.852 0 0 0 255
409.907 272.602 0 0 0 255
411.206 271.852 0 0 0 255
411.407 272.602 0 0 0 255
410.072 274.092 0 0 0 255
409.742 271.111 0 0 0 255
418.719 273.135 0 0 0 255
409.742 271.111 0 0 0 255
418.388 270.153 0 0 0 255
418.719 273.135 0 0 0 255
418.553 271.644 0 0 0 255
420.053 271.644 0 0 0 255
419.852 272.394 0 0 0 255
418.553 271.644 0 0 0 255
419.852 272.394 0 0 0 255
419.303 272.943 0 0 0 255
418.553 271.644 0 0 0 255
419.303 272.943 0 0 0 255
418.553 273.144 0 0 0 255
418.553 271.644 0 0 0 255
418.553 273.144 0 0 0 255
417.803 272.943 0 0 0 255
418.553 271.644 0 0 0 255
417.803 272.943 0 0 0 255
417.254 272.394 0 0 0 255
418.553 271.644 0 0 0 255
417.254 272.394 0 0 0 255
417.053 271.644 0 0 0 255
418.553 271.644 0 0 0 255
417.053 271.644 0 0 0 255
417.254 270.894 0 0 0 255
418.553 271.644 0 0 0 255
417.254 270.894 0 0 0 255
417.803 270.345 0 0 0 255
418.553 271.644 0 0 0 255
417.803 270.345 0 0 0 255
418.553 270.144 0 0 0 255
418.553 271.644 0 0 0 255
418.553 270.144 0 0 0 255
419.303 270.345 0 0 0 255
418.553 271.644 0 0 0 255
419.303 270.345 0 0 0 255
419.852 270.894 0 0 0 255
418.553 271.644 0 0 0 255
419.852 270.894 0 0 0 255
420.053 271.644 0 0 0 255
418.651 273.141 0 0 0 255
418.456 270.147 0 0 0 255
426.181 272.65 0 0 0 255
418.456 270.147 0 0 0 255
425.986 269.657 0 0 0 255
426.181 272.65 0 0 0 255
426.083 271.153 0 0 0 255
427.583 271.153 0 0 0 255
427.382 271.903 0 0 0 255
426.083 271.153 0 0 0 255
427.382 271.903 0 0 0 255
426.833 272.452 0 0 0 255
426.083 271.153 0 0 0 255
426.833 272.452 0 0 0 255
426.083 272.653 0 0 0 255
426.083 271.153 0 0 0 255
426.083 272.653 0 0 0 255
425.333 272.452 0 0 0 255
426.083 271.153 0 0 0 255
425.333 272.452 0 0 0 255
424.784 271.903 0 0 0 255
426.083 271.153 0 0 0 255
424.784 271.903 0 0 0 255
424.583 271.153 0 0 0 255
426.083 271.153 0 0 0 255
424.583 271.153 0 0 0 255
424.784 270.403 0 0 0 255
426.083 271.153 0 0 0 255
424.784 270.403 0 0 0 255
425.333 269.854 0 0 0 255
426.083 271.153 0 0 0 255
425.333 269.854 0 0 0 255
426.083 269.653 0 0 0 255
426.083 271.153 0 0 0 255
426.083 269.653 0 0 0 255
426.833 269.854 0 0 0 255
426.083 271.153 0 0 0 255
426.833 269.854 0 0 0 255
427.382 270.403 0 0 0 255
426.083 271.153 0 0 0 255
427.382 270.403 0 0 0 255
427.583 271.153 0 0 0 255
426.142 272.652 0 0 0 255
426.024 269.655 0 0 0 255
433.103 272.38 0 0 0 255
426.024 269.655 0 0 0 255
432.985 269.382 0 0 0 255
433.103 272.38 0 0 0 255
433.044 270.881 0 0 0 255
434.544 270.881 0 0 0 255
434.343 271.631 0 0 0 255
433.044 270.881 0 0 0 255
434.343 271.631 0 0 0 255
433.794 272.18 0 0 0 255
433.044 270.881 0 0 0 255
433.794 272.18 0 0 0 255
433.044 272.381 0 0 0 255
433.044 270.881 0 0 0 255
433.044 272.381 0 0 0 255
432.294 272.18 0 0 0 255
433.044 270.881 0 0 0 255
432.294 272.18 0 0 0 255
431.745 271.631 0 0 0 255
433.044 270.881 0 0 0 255
431.745 271.631 0 0 0 255
431.544 270.881 0 0 0 255
433.044 270.881 0 0 0 255
431.544 270.881 0 0 0 255
431.745 270.131 0 0 0 255
433.044 270.881 0 0 0 255
431.745 270.131 0 0 0 255
432.294 269.582 0 0 0 255
433.044 270.881 0 0 0 255
432.294 269.582 0 0 0 255
433.044 269.381 0 0 0 255
433.044 270.881 0 0 0 255
433.044 269.381 0 0 0 255
433.794 269.582 0 0 0 255
433.044 270.881 0 0 0 255
433.794 269.582 0 0 0 255
434.343 270.131 0 0 0 255
433.044 270.881 0 0 0 255
434.343 270.131 0 0 0 255
434.544 270.881 0 0 0 255
433.057 272.381 0 0 0 255
433.031 269.381 0 0 0 255
439.449 272.326 0 0 0 255
433.031 269.381 0 0 0 255
439.424 269.326 0 0 0 255
439.449 272.326 0 0 0 255
439.436 270.826 0 0 0 255
440.936 270.826 0 0 0 255
440.735 271.576 0 0 0 255
439.436 270.826 0 0 0 255
440.735 271.576 0 0 0 255
440.186 272.125 0 0 0 255
439.436 270.826 0 0 0 255
440.186 272.125 0 0 0 255
439.436 272.326 0 0 0 255
439.436 270.826 0 0 0 255
439.436 272.326 0 0 0 255
438.686 272.125 0 0 0 255
439.436 270.826 0 0 0 255
438.686 272.125 0 0 0 255
438.137 271.576 0 0 0 255
439.436 270.826 0 0 0 255
438.137 271.576 0 0 0 255
437.936 270.826 0 0 0 255
439.436 270.826 0 0 0 255
437.936 270.826 0 0 0 255
438.137 270.076 0 0 0 255
439.436 270.826 0 0 0 255
438.137 270.076 0 0 0 255
438.686 269.527 0 0 0 255
439.436 270.826 0 0 0 255
438.686 269.527 0 0 0 255
439.436 269.326 0 0 0 255
439.436 270.826 0 0 0 255
439.436 269.326 0 0 0 255
440.186 269.527 0 0 0 255
439.436 270.826 0 0 0 255
440.186 269.527 0 0 0 255
440.735 270.076 0 0 0 255
439.436 270.826 0 0 0 255
440.735 270.076 0 0 0 255
440.936 270.826 0 0 0 255
439.394 272.325 0 0 0 255
439.478 269.327 0 0 0 255
445.218 272.489 0 0 0 255
439.478 269.327 0 0 0 255
445.302 269.49 0 0 0 255
445.218 272.489 0 0 0 255
445.26 270.989 0 0 0 255
446.76 270.989 0 0 0 255
446.559 271.739 0 0 0 255
445.26 270.989 0 0 0 255
446.559 271.739 0 0 0 255
446.01 272.288 0 0 0 255
445.26 270.989 0 0 0 255
446.01 272.288 0 0 0 255
445.26 272.489 0 0 0 255
445.26 270.989 0 0 0 255
445.26 272.489 0 0 0 255
444.51 272.288 0 0 0 255
445.26 270.989 0 0 0 255
444.51 272.288 0 0 0 255
443.961 271.739 0 0 0 255
445.26 270.989 0 0 0 255
443.961 271.739 0 0 0 255
443.76 270.989 0 0 0 255
445.26 270.989 0 0 0 255
443.76 270.989 0 0 0 255
443.961 270.239 0 0 0 255
445.26 270.989 0 0 0 255
443.961 270.239 0 0 0 255
444.51 269.69 0 0 0 255
445.26 270.989 0 0 0 255
444.51 269.69 0 0 0 255
445.26 269.489 0 0 0 255
445.26 270.989 0 0 0 255
445.26 269.489 0 0 0 255
446.01 269.69 0 0 0 255
445.26 270.989 0 0 0 255
446.01 269.69 0 0 0 255
446.559 270.239 0 0 0 255
445.26 270.989 0 0 0 255
446.559 270.239 0 0 0 255
446.76 270.989 0 0 0 255
445.151 272.485 0 0 0 255
445.368 269.493 0 0 0 255
450.406 272.866 0 0 0 255
445.368 269.493 0 0 0 255
450.623 269.874 0 0 0 255
450.406 272.866 0 0 0 255
450.515 271.37 0 0 0 255
452.015 271.37 0 0 0 255
451.814 272.12 0 0 0 255
450.515 271.37 0 0 0 255
451.814 272.12 0 0 0 255
451.265 272.669 0 0 0 255
450.515 271.37 0 0 0 255
451.265 272.669 0 0 0 255
450.515 272.87 0 0 0 255
450.515 271.37 0 0 0 255
450.515 272.87 0 0 0 255
449.765 272.669 0 0 0 255
450.515 271.37 0 0 0 255
449.765 272.669 0 0 0 255
449.215 272.12 0 0 0 255
450.515 271.37 0 0 0 255
449.215 272.12 0 0 0 255
449.015 271.37 0 0 0 255
450.515 271.37 0 0 0 255
449.015 271.37 0 0 0 255
449.215 270.62 0 0 0 255
450.515 271.37 0 0 0 255
449.215 270.62 0 0 0 255
449.765 270.071 0 0 0 255
450.515 271.37 0 0 0 255
449.765 270.071 0 0 0 255
450.515 269.87 0 0 0 255
450.515 271.37 0 0 0 255
450.515 269.87 0 0 0 255
451.265 270.071 0 0 0 255
450.515 271.37 0 0 0 255
451.265 270.071 0 0 0 255
451.814 270.62 0 0 0 255
450.515 271.37 0 0 0 255
451.814 270.62 0 0 0 255
452.015 271.37 0 0 0 255
450.324 272.858 0 0 0 255
450.705 269.882 0 0 0 255
455.01 273.457 0 0 0 255
450.705 269.882 0 0 0 255
455.391 270.481 0 0 0 255
455.01 273.457 0 0 0 255
455.201 271.969 0 0 0 255
456.701 271.969 0 0 0 255
456.5 272.719 0 0 0 255
455.201 271.969 0 0 0 255
456.5 272.719 0 0 0 255
455.951 273.268 0 0 0 255
455.201 271.969 0 0 0 255
455.951 273.268 0 0 0 255
455.201 273.469 0 0 0 255
455.201 271.969 0 0 0 255
455.201 273.469 0 0 0 255
454.451 273.268 0 0 0 255
455.201 271.969 0 0 0 255
454.451 273.268 0 0 0 255
453.901 272.719 0 0 0 255
455.201 271.969 0 0 0 255
453.901 272.719 0 0 0 255
453.701 271.969 0 0 0 255
455.201 271.969 0 0 0 255
453.701 271.969 0 0 0 255
453.901 271.219 0 0 0 255
455.201 271.969 0 0 0 255
453.901 271.219 0 0 0 255
454.451 270.67 0 0 0 255
455.201 271.969 0 0 0 255
454.451 270.67 0 0 0 255
455.201 270.469 0 0 0 255
455.201 271.969 0 0 0 255
455.201 270.469 0 0 0 255
455.951 270.67 0 0 0 255
455.201 271.969 0 0 0 255
455.951 270.67 0 0 0 255
456.5 271.219 0 0 0 255
455.201 271.969 0 0 0 255
456.5 271.219 0 0 0 255
456.701 271.969 0 0 0 255
454.941 273.447 0 0 0 255
455.46 270.492 0 0 0 255
459.186 274.193 0 0 0 255
455.46 270.492 0 0 0 255
459.705 271.238 0 0 0 255
459.186 274.193 0 0 0 255
459.446 272.716 0 0 0 255
460.946 272.716 0 0 0 255
460.745 273.466 0 0 0 255
459.446 272.716 0 0 0 255
460.745 273.466 0 0 0 255
460.196 274.015 0 0 0 255
459.446 272.716 0 0 0 255
460.196 274.015 0 0 0 255
459.446 274.216 0 0 0 255
459.446 272.716 0 0 0 255
459.446 274.216 0 0 0 255
458.696 274.015 0 0 0 255
459.446 272.716 0 0 0 255
458.696 274.015 0 0 0 255
458.147 273.466 0 0 0 255
459.446 272.716 0 0 0 255
458.147 273.466 0 0 0 255
457.946 272.716 0 0 0 255
459.446 272.716 0 0 0 255
457.946 272.716 0 0 0 255
458.147 271.966 0 0 0 255
459.446 272.716 0 0 0 255
458.147 271.966 0 0 0 255
458.696 271.417 0 0 0 255
459.446 272.716 0 0 0 255
458.696 271.417 0 0 0 255
459.446 271.216 0 0 0 255
459.446 272.716 0 0 0 255
459.446 271.216 0 0 0 255
460.196 271.417 0 0 0 255
459.446 272.716 0 0 0 255
460.196 271.417 0 0 0 255
460.745 271.966 0 0 0 255
459.446 272.716 0 0 0 255
460.745 271.966 0 0 0 255
460.946 272.716 0 0 0 255
459.138 274.184 0 0 0 255
459.753 271.247 0 0 0 255
463.071 275.007 0 0 0 255
459.753 271.247 0 0 0 255
463.685 272.07 0 0 0 255
463.071 275.007 0 0 0 255
463.378 273.539 0 0 0 255
464.878 273.539 0 0 0 255
464.677 274.289 0 0 0 255
463.378 273.539 0 0 0 255
464.677 274.289 0 0 0 255
464.128 274.838 0 0 0 255
463.378 273.539 0 0 0 255
464.128 274.838 0 0 0 255
463.378 275.039 0 0 0 255
463.378 273.539 0 0 0 255
463.378 275.039 0 0 0 255
462.628 274.838 0 0 0 255
463.378 273.539 0 0 0 255
462.628 274.838 0 0 0 255
462.079 274.289 0 0 0 255
463.378 273.539 0 0 0 255
462.079 274.289 0 0 0 255
461.878 273.539 0 0 0 255
463.378 273.539 0 0 0 255
461.878 273.539 0 0 0 255
462.079 272.789 0 0 0 255
463.378 273.539 0 0 0 255
462.079 272.789 0 0 0 255
462.628 272.24 0 0 0 255
463.378 273.539 0 0 0 255
462.628 272.24 0 0 0 255
463.378 272.039 0 0 0 255
463.378 273.539 0 0 0 255
463.378 272.039 0 0 0 255
464.128 272.24 0 0 0 255
463.378 273.539 0 0 0 255
464.128 272.24 0 0 0 255
464.677 272.789 0 0 0 255
463.378 273.539 0 0 0 255
464.677 272.789 0 0 0 255
464.878 273.539 0 0 0 255
463.016 274.994 0 0 0 255
463.74 272.083 0 0 0 255
466.636 275.894 0 0 0 255
463.74 272.083 0 0 0 255
467.359 272.982 0 0 0 255
466.636 275.894 0 0 0 255
466.997 274.438 0 0 0 255
468.497 274.438 0 0 0 255
468.297 275.188 0 0 0 255
466.997 274.438 0 0 0 255
468.297 275.188 0 0 0 255
467.747 275.737 0 0 0 255
466.997 274.438 0 0 0 255
467.747 275.737 0 0 0 255
466.997 275.938 0 0 0 255
466.997 274.438 0 0 0 255
466.997 275.938 0 0 0 255
466.247 275.737 0 0 0 255
466.997 274.438 0 0 0 255
466.247 275.737 0 0 0 255
465.698 275.188 0 0 0 255
466.997 274.438 0 0 0 255
465.698 275.188 0 0 0 255
465.497 274.438 0 0 0 255
466.997 274.438 0 0 0 255
465.497 274.438 0 0 0 255
465.698 273.688 0 0 0 255
466.997 274.438 0 0 0 255
465.698 273.688 0 0 0 255
466.247 273.139 0 0 0 255
466.997 274.438 0 0 0 255
466.247 273.139 0 0 0 255
466.997 272.938 0 0 0 255
466.997 274.438 0 0 0 255
466.997 272.938 0 0 0 255
467.747 273.139 0 0 0 255
466.997 274.438 0 0 0 255
467.747 273.139 0 0 0 255
468.297 273.688 0 0 0 255
466.997 274.438 0 0 0 255
468.297 273.688 0 0 0 255
468.497 274.438 0 0 0 255
466.573 275.877 0 0 0 255
467.422 273 0 0 0 255
469.879 276.853 0 0 0 255
467.422 273 0 0 0 255
470.729 273.976 0 0 0 255
469.879 276.853 0 0 0 255
470.304 275.414 0 0 0 255
471.804 275.414 0 0 0 255
471.603 276.164 0 0 0 255
470.304 275.414 0 0 0 255
471.603 276.164 0 0 0 255
471.054 276.713 0 0 0 255
470.304 275.414 0 0 0 255
471.054 276.713 0 0 0 255
470.304 276.914 0 0 0 255
470.304 275.414 0 0 0 255
470.304 276.914 0 0 0 255
469.554 276.713 0 0 0 255
470.304 275.414 0 0 0 255
469.554 276.713 0 0 0 255
469.005 276.164 0 0 0 255
470.304 275.414 0 0 0 255
469.005 276.164 0 0 0 255
468.804 275.414 0 0 0 255
470.304 275.414 0 0 0 255
468.804 275.414 0 0 0 255
469.005 274.664 0 0 0 255
470.304 275.414 0 0 0 255
469.005 274.664 0 0 0 255
469.554 274.115 0 0 0 255
470.304 275.414 0 0 0 255
469.554 274.115 0 0 0 255
470.304 273.914 0 0 0 255
470.304 275.414 0 0 0 255
470.304 273.914 0 0 0 255
471.054 274.115 0 0 0 255
470.304 275.414 0 0 0 255
471.054 274.115 0 0 0 255
471.603 274.664 0 0 0 255
470.304 275.414 0 0 0 255
471.603 274.664 0 0 0 255
471.804 275.414 0 0 0 255
469.806 276.829 0 0 0 255
470.802 273.999 0 0 0 255
472.8 277.882 0 0 0 255
470.802 273.999 0 0 0 255
473.796 275.052 0 0 0 255
472.8 277.882 0 0 0 255
473.298 276.467 0 0 0 255
474.798 276.467 0 0 0 255
474.597 277.217 0 0 0 255
473.298 276.467 0 0 0 255
474.597 277.217 0 0 0 255
474.048 277.766 0 0 0 255
473.298 276.467 0 0 0 255
474.048 277.766 0 0 0 255
473.298 277.967 0 0 0 255
473.298 276.467 0 0 0 255
473.298 277.967 0 0 0 255
472.548 277.766 0 0 0 255
473.298 276.467 0 0 0 255
472.548 277.766 0 0 0 255
471.999 277.217 0 0 0 255
473.298 276.467 0 0 0 255
471.999 277.217 0 0 0 255
471.798 276.467 0 0 0 255
473.298 276.467 0 0 0 255
471.798 276.467 0 0 0 255
471.999 275.717 0 0 0 255
473.298 276.467 0 0 0 255
471.999 275.717 0 0 0 255
472.548 275.168 0 0 0 255
473.298 276.467 0 0 0 255
472.548 275.168 0 0 0 255
473.298 274.967 0 0 0 255
473.298 276.467 0 0 0 255
473.298 274.967 0 0 0 255
474.048 275.168 0 0 0 255
473.298 276.467 0 0 0 255
474.048 275.168 0 0 0 255
474.597 275.717 0 0 0 255
473.298 276.467 0 0 0 255
474.597 275.717 0 0 0 255
474.798 276.467 0 0 0 255
472.715 277.85 0 0 0 255
473.88 275.085 0 0 0 255
475.396 278.979 0 0 0 255
473.88 275.085 0 0 0 255
476.561 276.214 0 0 0 255
475.396 278.979 0 0 0 255
475.979 277.597 0 0 0 255
477.479 277.597 0 0 0 255
477.278 278.347 0 0 0 255
475.979 277.597 0 0 0 255
477.278 278.347 0 0 0 255
476.729 278.896 0 0 0 255
475.979 277.597 0 0 0 255
476.729 278.896 0 0 0 255
475.979 279.097 0 0 0 255
475.979 277.597 0 0 0 255
475.979 279.097 0 0 0 255
475.229 278.896 0 0 0 255
475.979 277.597 0 0 0 255
475.229 278.896 0 0 0 255
474.68 278.347 0 0 0 255
475.979 277.597 0 0 0 255
474.68 278.347 0 0 0 255
474.479 277.597 0 0 0 255
475.979 277.597 0 0 0 255
474.479 277.597 0 0 0 255
474.68 276.847 0 0 0 255
475.979 277.597 0 0 0 255
474.68 276.847 0 0 0 255
475.229 276.298 0 0 0 255
475.979 277.597 0 0 0 255
475.229 276.298 0 0 0 255
475.979 276.097 0 0 0 255
475.979 277.597 0 0 0 255
475.979 276.097 0 0 0 255
476.729 276.298 0 0 0 255
475.979 277.597 0 0 0 255
476.729 276.298 0 0 0 255
477.278 276.847 0 0 0 255
475.979 277.597 0 0 0 255
477.278 276.847 0 0 0 255
477.479 277.597 0 0 0 255
475.324 278.947 0 0 0 255
476.633 276.247 0 0 0 255
477.76 280.127 0 0 0 255
476.633 276.247 0 0 0 255
479.069 277.428 0 0 0 255
477.76 280.127 0 0 0 255
478.415 278.778 0 0 0 255
479.915 278.778 0 0 0 255
479.714 279.528 0 0 0 255
478.415 278.778 0 0 0 255
479.714 279.528 0 0 0 255
479.165 280.077 0 0 0 255
478.415 278.778 0 0 0 255
479.165 280.077 0 0 0 255
478.415 280.278 0 0 0 255
478.415 278.778 0 0 0 255
478.415 280.278 0 0 0 255
477.665 280.077 0 0 0 255
478.415 278.778 0 0 0 255
477.665 280.077 0 0 0 255
477.116 279.528 0 0 0 255
478.415 278.778 0 0 0 255
477.116 279.528 0 0 0 255
476.915 278.778 0 0 0 255
478.415 278.778 0 0 0 255
476.915 278.778 0 0 0 255
477.116 278.028 0 0 0 255
478.415 278.778 0 0 0 255
477.116 278.028 0 0 0 255
477.665 277.478 0 0 0 255
478.415 278.778 0 0 0 255
477.665 277.478 0 0 0 255
478.415 277.278 0 0 0 255
478.415 278.778 0 0 0 255
478.415 277.278 0 0 0 255
479.165 277.478 0 0 0 255
478.415 278.778 0 0 0 255
479.165 277.478 0 0 0 255
479.714 278.028 0 0 0 255
478.415 278.778 0 0 0 255
479.714 278.028 0 0 0 255
479.915 278.778 0 0 0 255
477.708 280.1 0 0 0 255
479.122 277.455 0 0 0 255
479.966 281.307 0 0 0 255
479.122 277.455 0 0 0 255
481.38 278.661 0 0 0 255
479.966 281.307 0 0 0 255
480.673 279.984 0 0 0 255
482.173 279.984 0 0 0 255
481.972 280.734 0 0 0 255
480.673 279.984 0 0 0 255
481.972 280.734 0 0 0 255
481.423 281.283 0 0 0 255
480.673 279.984 0 0 0 255
481.423 281.283 0 0 0 255
480.673 281.484 0 0 0 255
480.673 279.984 0 0 0 255
480.673 281.484 0 0 0 255
479.923 281.283 0 0 0 255
480.673 279.984 0 0 0 255
479.923 281.283 0 0 0 255
479.374 280.734 0 0 0 255
480.673 279.984 0 0 0 255
479.374 280.734 0 0 0 255
479.173 279.984 0 0 0 255
480.673 279.984 0 0 0 255
479.173 279.984 0 0 0 255
479.374 279.234 0 0 0 255
480.673 279.984 0 0 0 255
479.374 279.234 0 0 0 255
479.923 278.685 0 0 0 255
480.673 279.984 0 0 0 255
479.923 278.685 0 0 0 255
480.673 278.484 0 0 0 255
480.673 279.984 0 0 0 255
480.673 278.484 0 0 0 255
481.423 278.685 0 0 0 255
480.673 279.984 0 0 0 255
481.423 278.685 0 0 0 255
481.972 279.234 0 0 0 255
480.673 279.984 0 0 0 255
481.972 279.234 0 0 0 255
482.173 279.984 0 0 0 255
479.908 281.275 0 0 0 255
481.437 278.694 0 0 0 255
481.989 282.507 0 0 0 255
481.437 278.694 0 0 0 255
483.518 279.926 0 0 0 255
481.989 282.507 0 0 0 255
482.753 281.217 0 0 0 255
484.253 281.217 0 0 0 255
484.052 281.967 0 0 0 255
482.753 281.217 0 0 0 255
484.052 281.967 0 0 0 255
483.503 282.516 0 0 0 255
482.753 281.217 0 0 0 255
483.503 282.516 0 0 0 255
482.753 282.717 0 0 0 255
482.753 281.217 0 0 0 255
482.753 282.717 0 0 0 255
482.003 282.516 0 0 0 255
482.753 281.217 0 0 0 255
482.003 282.516 0 0 0 255
481.454 281.967 0 0 0 255
482.753 281.217 0 0 0 255
481.454 281.967 0 0 0 255
481.253 281.217 0 0 0 255
482.753 281.217 0 0 0 255
481.253 281.217 0 0 0 255
481.454 280.467 0 0 0 255
482.753 281.217 0 0 0 255
481.454 280.467 0 0 0 255
482.003 279.918 0 0 0 255
482.753 281.217 0 0 0 255
482.003 279.918 0 0 0 255
482.753 279.717 0 0 0 255
482.753 281.217 0 0 0 255
482.753 279.717 0 0 0 255
483.503 279.918 0 0 0 255
482.753 281.217 0 0 0 255
483.503 279.918 0 0 0 255
484.052 280.467 0 0 0 255
482.753 281.217 0 0 0 255
484.052 280.467 0 0 0 255
484.253 281.217 0 0 0 255
481.926 282.468 0 0 0 255
483.581 279.966 0 0 0 255
483.829 283.727 0 0 0 255
483.581 279.966 0 0 0 255
485.484 281.224 0 0 0 255
483.829 283.727 0 0 0 255
484.656 282.476 0 0 0 255
486.156 282.476 0 0 0 255
485.955 283.226 0 0 0 255
484.656 282.476 0 0 0 255
485.955 283.226 0 0 0 255
485.406 283.775 0 0 0 255
484.656 282.476 0 0 0 255
485.406 283.775 0 0 0 255
484.656 283.976 0 0 0 255
484.656 282.476 0 0 0 255
484.656 283.976 0 0 0 255
483.906 283.775 0 0 0 255
484.656 282.476 0 0 0 255
483.906 283.775 0 0 0 255
483.357 283.226 0 0 0 255
484.656 282.476 0 0 0 255
483.357 283.226 0 0 0 255
483.156 282.476 0 0 0 255
484.656 282.476 0 0 0 255
483.156 282.476 0 0 0 255
483.357 281.726 0 0 0 255
484.656 282.476 0 0 0 255
483.357 281.726 0 0 0 255
483.906 281.177 0 0 0 255
484.656 282.476 0 0 0 255
483.906 281.177 0 0 0 255
484.656 280.976 0 0 0 255
484.656 282.476 0 0 0 255
484.656 280.976 0 0 0 255
485.406 281.177 0 0 0 255
484.656 282.476 0 0 0 255
485.406 281.177 0 0 0 255
485.955 281.726 0 0 0 255
484.656 282.476 0 0 0 255
485.955 281.726 0 0 0 255
486.156 282.476 0 0 0 255
483.761 283.679 0 0 0 255
485.552 281.272 0 0 0 255
485.486 284.963 0 0 0 255
485.552 281.272 0 0 0 255
487.278 282.557 0 0 0 255
485.486 284.963 0 0 0 255
486.382 283.76 0 0 0 255
487.882 283.76 0 0 0 255
487.681 284.51 0 0 0 255
486.382 283.76 0 0 0 255
487.681 284.51 0 0 0 255
487.132 285.059 0 0 0 255
486.382 283.76 0 0 0 255
487.132 285.059 0 0 0 255
486.382 285.26 0 0 0 255
486.382 283.76 0 0 0 255
486.382 285.26 0 0 0 255
485.632 285.059 0 0 0 255
486.382 283.76 0 0 0 255
485.632 285.059 0 0 0 255
485.083 284.51 0 0 0 255
486.382 283.76 0 0 0 255
485.083 284.51 0 0 0 255
484.882 283.76 0 0 0 255
486.382 283.76 0 0 0 255
484.882 283.76 0 0 0 255
485.083 283.01 0 0 0 255
486.382 283.76 0 0 0 255
485.083 283.01 0 0 0 255
485.632 282.461 0 0 0 255
486.382 283.76 0 0 0 255
485.632 282.461 0 0 0 255
486.382 282.26 0 0 0 255
486.382 283.76 0 0 0 255
486.382 282.26 0 0 0 255
487.132 282.461 0 0 0 255
486.382 283.76 0 0 0 255
487.132 282.461 0 0 0 255
487.681 283.01 0 0 0 255
486.382 283.76 0 0 0 255
487.681 283.01 0 0 0 255
487.882 283.76 0 0 0 255
485.413 284.905 0 0 0 255
487.351 282.615 0 0 0 255
486.961 286.216 0 0 0 255
487.351 282.615 0 0 0 255
488.899 283.926 0 0 0 255
486.961 286.216 0 0 0 255
487.93 285.071 0 0 0 255
489.43 285.071 0 0 0 255
489.229 285.821 0 0 0 255
487.93 285.071 0 0 0 255
489.229 285.821 0 0 0 255
488.68 286.37 0 0 0 255
487.93 285.071 0 0 0 255
488.68 286.37 0 0 0 255
487.93 286.571 0 0 0 255
487.93 285.071 0 0 0 255
487.93 286.571 0 0 0 255
487.18 286.37 0 0 0 255
487.93 285.071 0 0 0 255
487.18 286.37 0 0 0 255
486.631 285.821 0 0 0 255
487.93 285.071 0 0 0 255
486.631 285.821 0 0 0 255
486.43 285.071 0 0 0 255
487.93 285.071 0 0 0 255
486.43 285.071 0 0 0 255
486.631 284.321 0 0 0 255
487.93 285.071 0 0 0 255
486.631 284.321 0 0 0 255
487.18 283.772 0 0 0 255
487.93 285.071 0 0 0 255
487.18 283.772 0 0 0 255
487.93 283.571 0 0 0 255
487.93 285.071 0 0 0 255
487.93 283.571 0 0 0 255
488.68 283.772 0 0 0 255
487.93 285.071 0 0 0 255
488.68 283.772 0 0 0 255
489.229 284.321 0 0 0 255
487.93 285.071 0 0 0 255
489.229 284.321 0 0 0 255
489.43 285.071 0 0 0 255
486.893 286.155 0 0 0 255
488.967 283.987 0 0 0 255
488.298 287.498 0 0 0 255
488.967 283.987 0 0 0 255
490.371 285.33 0 0 0 255
488.298 287.498 0 0 0 255
489.334 286.414 0 0 0 255
490.834 286.414 0 0 0 255
490.634 287.164 0 0 0 255
489.334 286.414 0 0 0 255
490.634 287.164 0 0 0 255
490.084 287.713 0 0 0 255
489.334 286.414 0 0 0 255
490.084 287.713 0 0 0 255
489.334 287.914 0 0 0 255
489.334 286.414 0 0 0 255
489.334 287.914 0 0 0 255
488.584 287.713 0 0 0 255
489.334 286.414 0 0 0 255
488.584 287.713 0 0 0 255
488.035 287.164 0 0 0 255
489.334 286.414 0 0 0 255
488.035 287.164 0 0 0 255
487.834 286.414 0 0 0 255
489.334 286.414 0 0 0 255
487.834 286.414 0 0 0 255
488.035 285.664 0 0 0 255
489.334 286.414 0 0 0 255
488.035 285.664 0 0 0 255
488.584 285.115 0 0 0 255
489.334 286.414 0 0 0 255
488.584 285.115 0 0 0 255
489.334 284.914 0 0 0 255
489.334 286.414 0 0 0 255
489.334 284.914 0 0 0 255
490.084 285.115 0 0 0 255
489.334 286.414 0 0 0 255
490.084 285.115 0 0 0 255
490.634 285.664 0 0 0 255
489.334 286.414 0 0 0 255
490.634 285.664 0 0 0 255
490.834 286.414 0 0 0 255
488.24 287.44 0 0 0 255
490.429 285.388 0 0 0 255
489.535 288.822 0 0 0 255
490.429 285.388 0 0 0 255
491.724 286.77 0 0 0 255
489.535 288.822 0 0 0 255
490.63 287.796 0 0 0 255
492.13 287.796 0 0 0 255
491.929 288.546 0 0 0 255
490.63 287.796 0 0 0 255
491.929 288.546 0 0 0 255
491.38 289.095 0 0 0 255
490.63 287.796 0 0 0 255
491.38 289.095 0 0 0 255
490.63 289.296 0 0 0 255
490.63 287.796 0 0 0 255
490.63 289.296 0 0 0 255
489.88 289.095 0 0 0 255
490.63 287.796 0 0 0 255
489.88 289.095 0 0 0 255
489.331 288.546 0 0 0 255
490.63 287.796 0 0 0 255
489.331 288.546 0 0 0 255
489.13 287.796 0 0 0 255
490.63 287.796 0 0 0 255
489.13 287.796 0 0 0 255
489.331 287.046 0 0 0 255
490.63 287.796 0 0 0 255
489.331 287.046 0 0 0 255
489.88 286.497 0 0 0 255
490.63 287.796 0 0 0 255
489.88 286.497 0 0 0 255
490.63 286.296 0 0 0 255
490.63 287.796 0 0 0 255
490.63 286.296 0 0 0 255
491.38 286.497 0 0 0 255
490.63 287.796 0 0 0 255
491.38 286.497 0 0 0 255
491.929 287.046 0 0 0 255
490.63 287.796 0 0 0 255
491.929 287.046 0 0 0 255
492.13 287.796 0 0 0 255
489.478 288.757 0 0 0 255
491.781 286.835 0 0 0 255
490.664 290.179 0 0 0 255
491.781 286.835 0 0 0 255
492.968 288.256 0 0 0 255
490.664 290.179 0 0 0 255
491.816 289.217 0 0 0 255
493.316 289.217 0 0 0 255
493.115 289.967 0 0 0 255
491.816 289.217 0 0 0 255
493.115 289.967 0 0 0 255
492.566 290.517 0 0 0 255
491.816 289.217 0 0 0 255
492.566 290.517 0 0 0 255
491.816 290.717 0 0 0 255
491.816 289.217 0 0 0 255
491.816 290.717 0 0 0 255
491.066 290.517 0 0 0 255
491.816 289.217 0 0 0 255
491.066 290.517 0 0 0 255
490.517 289.967 0 0 0 255
491.816 289.217 0 0 0 255
490.517 289.967 0 0 0 255
490.316 289.217 0 0 0 255
491.816 289.217 0 0 0 255
490.316 289.217 0 0 0 255
490.517 288.467 0 0 0 255
491.816 289.217 0 0 0 255
490.517 288.467 0 0 0 255
491.066 287.918 0 0 0 255
491.816 289.217 0 0 0 255
491.066 287.918 0 0 0 255
491.816 287.717 0 0 0 255
491.816 289.217 0 0 0 255
491.816 287.717 0 0 0 255
492.566 287.918 0 0 0 255
491.816 289.217 0 0 0 255
492.566 287.918 0 0 0 255
493.115 288.467 0 0 0 255
491.816 289.217 0 0 0 255
493.115 288.467 0 0 0 255
493.316 289.217 0 0 0 255
490.609 290.108 0 0 0 255
493.023 288.327 0 0 0 255
491.686 291.568 0 0 0 255
493.023 288.327 0 0 0 255
494.1 289.788 0 0 0 255
491.686 291.568 0 0 0 255
492.893 290.678 0 0 0 255
494.393 290.678 0 0 0 255
494.192 291.428 0 0 0 255
492.893 290.678 0 0 0 255
494.192 291.428 0 0 0 255
493.643 291.977 0 0 0 255
492.893 290.678 0 0 0 255
493.643 291.977 0 0 0 255
492.893 292.178 0 0 0 255
492.893 290.678 0 0 0 255
492.893 292.178 0 0 0 255
492.143 291.977 0 0 0 255
492.893 290.678 0 0 0 255
492.143 291.977 0 0 0 255
491.594 291.428 0 0 0 255
492.893 290.678 0 0 0 255
491.594 291.428 0 0 0 255
491.393 290.678 0 0 0 255
492.893 290.678 0 0 0 255
491.393 290.678 0 0 0 255
491.594 289.928 0 0 0 255
492.893 290.678 0 0 0 255
491.594 289.928 0 0 0 255
492.143 289.379 0 0 0 255
492.893 290.678 0 0 0 255
492.143 289.379 0 0 0 255
492.893 289.178 0 0 0 255
492.893 290.678 0 0 0 255
492.893 289.178 0 0 0 255
493.643 289.379 0 0 0 255
492.893 290.678 0 0 0 255
493.643 289.379 0 0 0 255
494.192 289.928 0 0 0 255
492.893 290.678 0 0 0 255
494.192 289.928 0 0 0 255
494.393 290.678 0 0 0 255
491.633 291.491 0 0 0 255
494.154 289.865 0 0 0 255
492.601 292.991 0 0 0 255
494.154 289.865 0 0 0 255
495.121 291.364 0 0 0 255
492.601 292.991 0 0 0 255
493.861 292.178 0 0 0 255
495.361 292.178 0 0 0 255
495.16 292.928 0 0 0 255
493.861 292.178 0 0 0 255
495.16 292.928 0 0 0 255
494.611 293.477 0 0 0 255
493.861 292.178 0 0 0 255
494.611 293.477 0 0 0 255
493.861 293.678 0 0 0 255
493.861 292.178 0 0 0 255
493.861 293.678 0 0 0 255
493.111 293.477 0 0 0 255
493.861 292.178 0 0 0 255
493.111 293.477 0 0 0 255
492.562 292.928 0 0 0 255
493.861 292.178 0 0 0 255
492.562 292.928 0 0 0 255
492.361 292.178 0 0 0 255
493.861 292.178 0 0 0 255
492.361 292.178 0 0 0 255
492.562 291.428 0 0 0 255
493.861 292.178 0 0 0 255
492.562 291.428 0 0 0 255
493.111 290.879 0 0 0 255
493.861 292.178 0 0 0 255
493.111 290.879 0 0 0 255
493.861 290.678 0 0 0 255
493.861 292.178 0 0 0 255
493.861 290.678 0 0 0 255
494.611 290.879 0 0 0 255
493.861 292.178 0 0 0 255
494.611 290.879 0 0 0 255
495.16 291.428 0 0 0 255
493.861 292.178 0 0 0 255
495.16 291.428 0 0 0 255
495.361 292.178 0 0 0 255
492.551 292.909 0 0 0 255
495.171 291.447 0 0 0 255
493.41 294.448 0 0 0 255
495.171 291.447 0 0 0 255
496.03 292.986 0 0 0 255
493.41 294.448 0 0 0 255
494.72 293.717 0 0 0 255
496.22 293.717 0 0 0 255
496.019 294.467 0 0 0 255
494.72 293.717 0 0 0 255
496.019 294.467 0 0 0 255
495.47 295.016 0 0 0 255
494.72 293.717 0 0 0 255
495.47 295.016 0 0 0 255
494.72 295.217 0 0 0 255
494.72 293.717 0 0 0 255
494.72 295.217 0 0 0 255
493.97 295.016 0 0 0 255
494.72 293.717 0 0 0 255
493.97 295.016 0 0 0 255
493.421 294.467 0 0 0 255
494.72 293.717 0 0 0 255
493.421 294.467 0 0 0 255
493.22 293.717 0 0 0 255
494.72 293.717 0 0 0 255
493.22 293.717 0 0 0 255
493.421 292.967 0 0 0 255
494.72 293.717 0 0 0 255
493.421 292.967 0 0 0 255
493.97 292.418 0 0 0 255
494.72 293.717 0 0 0 255
493.97 292.418 0 0 0 255
494.72 292.217 0 0 0 255
494.72 293.717 0 0 0 255
494.72 292.217 0 0 0 255
495.47 292.418 0 0 0 255
494.72 293.717 0 0 0 255
495.47 292.418 0 0 0 255
496.019 292.967 0 0 0 255
494.72 293.717 0 0 0 255
496.019 292.967 0 0 0 255
496.22 293.717 0 0 0 255
493.369 294.369 0 0 0 255
496.071 293.065 0 0 0 255
494.122 295.929 0 0 0 255
496.071 293.065 0 0 0 255
496.824 294.625 0 0 0 255
494.122 295.929 0 0 0 255
495.473 295.277 0 0 0 255
496.973 295.277 0 0 0 255
496.772 296.027 0 0 0 255
495.473 295.277 0 0 0 255
496.772 296.027 0 0 0 255
496.223 296.576 0 0 0 255
495.473 295.277 0 0 0 255
496.223 296.576 0 0 0 255
495.473 296.777 0 0 0 255
495.473 295.277 0 0 0 255
495.473 296.777 0 0 0 255
494.723 296.576 0 0 0 255
495.473 295.277 0 0 0 255
494.723 296.576 0 0 0 255
494.174 296.027 0 0 0 255
495.473 295.277 0 0 0 255
494.174 296.027 0 0 0 255
493.973 295.277 0 0 0 255
495.473 295.277 0 0 0 255
493.973 295.277 0 0 0 255
494.174 294.527 0 0 0 255
495.473 295.277 0 0 0 255
494.174 294.527 0 0 0 255
494.723 293.978 0 0 0 255
495.473 295.277 0 0 0 255
494.723 293.978 0 0 0 255
495.473 293.777 0 0 0 255
495.473 295.277 0 0 0 255
495.473 293.777 0 0 0 255
496.223 293.978 0 0 0 255
495.473 295.277 0 0 0 255
496.223 293.978 0 0 0 255
496.772 294.527 0 0 0 255
495.473 295.277 0 0 0 255
496.772 294.527 0 0 0 255
496.973 295.277 0 0 0 255
494.088 295.853 0 0 0 255
496.858 294.701 0 0 0 255
494.738 297.417 0 0 0 255
496.858 294.701 0 0 0 255
497.508 296.265 0 0 0 255
494.738 297.417 0 0 0 255
496.123 296.841 0 0 0 255
497.623 296.841 0 0 0 255
497.422 297.591 0 0 0 255
496.123 296.841 0 0 0 255
497.422 297.591 0 0 0 255
496.873 298.14 0 0 0 255
496.123 296.841 0 0 0 255
496.873 298.14 0 0 0 255
496.123 298.341 0 0 0 255
496.123 296.841 0 0 0 255
496.123 298.341 0 0 0 255
495.373 298.14 0 0 0 255
496.123 296.841 0 0 0 255
495.373 298.14 0 0 0 255
494.824 297.591 0 0 0 255
496.123 296.841 0 0 0 255
494.824 297.591 0 0 0 255
494.623 296.841 0 0 0 255
496.123 296.841 0 0 0 255
494.623 296.841 0 0 0 255
494.824 296.091 0 0 0 255
496.123 296.841 0 0 0 255
494.824 296.091 0 0 0 255
495.373 295.542 0 0 0 255
496.123 296.841 0 0 0 255
495.373 295.542 0 0 0 255
496.123 295.341 0 0 0 255
496.123 296.841 0 0 0 255
496.123 295.341 0 0 0 255
496.873 295.542 0 0 0 255
496.123 296.841 0 0 0 255
496.873 295.542 0 0 0 255
497.422 296.091 0 0 0 255
496.123 296.841 0 0 0 255
497.422 296.091 0 0 0 255
497.623 296.841 0 0 0 255
494.707 297.337 0 0 0 255
497.539 296.346 0 0 0 255
495.256 298.905 0 0 0 255
497.539 296.346 0 0 0 255
498.088 297.915 0 0 0 255
495.256 298.905 0 0 0 255
496.672 298.41 0 0 0 255
498.172 298.41 0 0 0 255
497.971 299.16 0 0 0 255
496.672 298.41 0 0 0 255
497.971 299.16 0 0 0 255
497.422 299.709 0 0 0 255
496.672 298.41 0 0 0 255
497.422 299.709 0 0 0 255
496.672 299.91 0 0 0 255
496.672 298.41 0 0 0 255
496.672 299.91 0 0 0 255
495.922 299.709 0 0 0 255
496.672 298.41 0 0 0 255
495.922 299.709 0 0 0 255
495.373 299.16 0 0 0 255
496.672 298.41 0 0 0 255
495.373 299.16 0 0 0 255
495.172 298.41 0 0 0 255
496.672 298.41 0 0 0 255
495.172 298.41 0 0 0 255
495.373 297.66 0 0 0 255
496.672 298.41 0 0 0 255
495.373 297.66 0 0 0 255
495.922 297.111 0 0 0 255
496.672 298.41 0 0 0 255
495.922 297.111 0 0 0 255
496.672 296.91 0 0 0 255
496.672 298.41 0 0 0 255
496.672 296.91 0 0 0 255
497.422 297.111 0 0 0 255
496.672 298.41 0 0 0 255
497.422 297.111 0 0 0 255
497.971 297.66 0 0 0 255
496.672 298.41 0 0 0 255
497.971 297.66 0 0 0 255
498.172 298.41 0 0 0 255
495.229 298.819 0 0 0 255
498.115 298 0 0 0 255
495.675 300.391 0 0 0 255
498.115 298 0 0 0 255
498.561 299.573 0 0 0 255
495.675 300.391 0 0 0 255
497.118 299.982 0 0 0 255
498.618 299.982 0 0 0 255
498.417 300.732 0 0 0 255
497.118 299.982 0 0 0 255
498.417 300.732 0 0 0 255
497.868 301.281 0 0 0 255
497.118 299.982 0 0 0 255
497.868 301.281 0 0 0 255
497.118 301.482 0 0 0 255
497.118 299.982 0 0 0 255
497.118 301.482 0 0 0 255
496.368 301.281 0 0 0 255
497.118 299.982 0 0 0 255
496.368 301.281 0 0 0 255
495.819 300.732 0 0 0 255
497.118 299.982 0 0 0 255
495.819 300.732 0 0 0 255
495.618 299.982 0 0 0 255
497.118 299.982 0 0 0 255
495.618 299.982 0 0 0 255
495.819 299.232 0 0 0 255
497.118 299.982 0 0 0 255
495.819 299.232 0 0 0 255
496.368 298.683 0 0 0 255
497.118 299.982 0 0 0 255
496.368 298.683 0 0 0 255
497.118 298.482 0 0 0 255
497.118 299.982 0 0 0 255
497.118 298.482 0 0 0 255
497.868 298.683 0 0 0 255
497.118 299.982 0 0 0 255
497.868 298.683 0 0 0 255
498.417 299.232 0 0 0 255
497.118 299.982 0 0 0 255
498.417 299.232 0 0 0 255
498.618 299.982 0 0 0 255
495.652 300.301 0 0 0 255
498.583 299.662 0 0 0 255
495.996 301.878 0 0 0 255
498.583 299.662 0 0 0 255
498.927 301.239 0 0 0 255
495.996 301.878 0 0 0 255
497.461 301.558 0 0 0 255
498.961 301.558 0 0 0 255
498.76 302.308 0 0 0 255
497.461 301.558 0 0 0 255
498.76 302.308 0 0 0 255
498.211 302.857 0 0 0 255
497.461 301.558 0 0 0 255
498.211 302.857 0 0 0 255
497.461 303.058 0 0 0 255
497.461 301.558 0 0 0 255
497.461 303.058 0 0 0 255
496.711 302.857 0 0 0 255
497.461 301.558 0 0 0 255
496.711 302.857 0 0 0 255
496.162 302.308 0 0 0 255
497.461 301.558 0 0 0 255
496.162 302.308 0 0 0 255
495.961 301.558 0 0 0 255
497.461 301.558 0 0 0 255
495.961 301.558 0 0 0 255
496.162 300.808 0 0 0 255
497.461 301.558 0 0 0 255
496.162 300.808 0 0 0 255
496.711 300.259 0 0 0 255
497.461 301.558 0 0 0 255
496.711 300.259 0 0 0 255
497.461 300.058 0 0 0 255
497.461 301.558 0 0 0 255
497.461 300.058 0 0 0 255
498.211 300.259 0 0 0 255
497.461 301.558 0 0 0 255
498.211 300.259 0 0 0 255
498.76 300.808 0 0 0 255
497.461 301.558 0 0 0 255
498.76 300.808 0 0 0 255
498.961 301.558 0 0 0 255
495.978 301.784 0 0 0 255
498.944 301.332 0 0 0 255
496.22 303.365 0 0 0 255
498.944 301.332 0 0 0 255
499.185 302.912 0 0 0 255
496.22 303.365 0 0 0 255
497.703 303.138 0 0 0 255
499.203 303.138 0 0 0 255
499.002 303.888 0 0 0 255
497.703 303.138 0 0 0 255
499.002 303.888 0 0 0 255
498.453 304.437 0 0 0 255
497.703 303.138 0 0 0 255
498.453 304.437 0 0 0 255
497.703 304.638 0 0 0 255
497.703 303.138 0 0 0 255
497.703 304.638 0 0 0 255
496.953 304.437 0 0 0 255
497.703 303.138 0 0 0 255
496.953 304.437 0 0 0 255
496.404 303.888 0 0 0 255
497.703 303.138 0 0 0 255
496.404 303.888 0 0 0 255
496.203 303.138 0 0 0 255
497.703 303.138 0 0 0 255
496.203 303.138 0 0 0 255
496.404 302.388 0 0 0 255
497.703 303.138 0 0 0 255
496.404 302.388 0 0 0 255
496.953 301.839 0 0 0 255
497.703 303.138 0 0 0 255
496.953 301.839 0 0 0 255
497.703 301.638 0 0 0 255
497.703 303.138 0 0 0 255
497.703 301.638 0 0 0 255
498.453 301.839 0 0 0 255
497.703 303.138 0 0 0 255
498.453 301.839 0 0 0 255
499.002 302.388 0 0 0 255
497.703 303.138 0 0 0 255
499.002 302.388 0 0 0 255
499.203 303.138 0 0 0 255
496.211 303.297 0 0 0 255
499.194 302.979 0 0 0 255
496.387 304.944 0 0 0 255
499.194 302.979 0 0 0 255
499.37 304.625 0 0 0 255
496.387 304.944 0 0 0 255
497.878 304.784 0 0 0 255
499.378 304.784 0 0 0 255
499.177 305.534 0 0 0 255
497.878 304.784 0 0 0 255
499.177 305.534 0 0 0 255
498.628 306.083 0 0 0 255
497.878 304.784 0 0 0 255
498.628 306.083 0 0 0 255
497.878 306.284 0 0 0 255
497.878 304.784 0 0 0 255
497.878 306.284 0 0 0 255
497.128 306.083 0 0 0 255
497.878 304.784 0 0 0 255
497.128 306.083 0 0 0 255
496.579 305.534 0 0 0 255
497.878 304.784 0 0 0 255
496.579 305.534 0 0 0 255
496.378 304.784 0 0 0 255
497.878 304.784 0 0 0 255
496.378 304.784 0 0 0 255
496.579 304.034 0 0 0 255
497.878 304.784 0 0 0 255
496.579 304.034 0 0 0 255
497.128 303.485 0 0 0 255
497.878 304.784 0 0 0 255
497.128 303.485 0 0 0 255
497.878 303.284 0 0 0 255
497.878 304.784 0 0 0 255
497.878 303.284 0 0 0 255
498.628 303.485 0 0 0 255
497.878 304.784 0 0 0 255
498.628 303.485 0 0 0 255
499.177 304.034 0 0 0 255
497.878 304.784 0 0 0 255
499.177 304.034 0 0 0 255
499.378 304.784 0 0 0 255
496.384 304.908 0 0 0 255
499.373 304.66 0 0 0 255
496.531 306.683 0 0 0 255
499.373 304.66 0 0 0 255
499.521 306.435 0 0 0 255
496.531 306.683 0 0 0 255
498.026 306.559 0 0 0 255
499.526 306.559 0 0 0 255
499.325 307.309 0 0 0 255
498.026 306.559 0 0 0 255
499.325 307.309 0 0 0 255
498.776 307.858 0 0 0 255
498.026 306.559 0 0 0 255
498.776 307.858 0 0 0 255
498.026 308.059 0 0 0 255
498.026 306.559 0 0 0 255
498.026 308.059 0 0 0 255
497.276 307.858 0 0 0 255
498.026 306.559 0 0 0 255
497.276 307.858 0 0 0 255
496.727 307.309 0 0 0 255
498.026 306.559 0 0 0 255
496.727 307.309 0 0 0 255
496.526 306.559 0 0 0 255
498.026 306.559 0 0 0 255
496.526 306.559 0 0 0 255
496.727 305.809 0 0 0 255
498.026 306.559 0 0 0 255
496.727 305.809 0 0 0 255
497.276 305.26 0 0 0 255
498.026 306.559 0 0 0 255
497.276 305.26 0 0 0 255
498.026 305.059 0 0 0 255
498.026 306.559 0 0 0 255
498.026 305.059 0 0 0 255
498.776 305.26 0 0 0 255
498.026 306.559 0 0 0 255
498.776 305.26 0 0 0 255
499.325 305.809 0 0 0 255
498.026 306.559 0 0 0 255
499.325 305.809 0 0 0 255
499.526 306.559 0 0 0 255
496.529 306.652 0 0 0 255
499.523 306.465 0 0 0 255
496.647 308.555 0 0 0 255
499.523 306.465 0 0 0 255
499.642 308.368 0 0 0 255
496.647 308.555 0 0 0 255
498.145 308.462 0 0 0 255
499.645 308.462 0 0 0 255
499.444 309.212 0 0 0 255
498.145 308.462 0 0 0 255
499.444 309.212 0 0 0 255
498.895 309.761 0 0 0 255
498.145 308.462 0 0 0 255
498.895 309.761 0 0 0 255
498.145 309.962 0 0 0 255
498.145 308.462 0 0 0 255
498.145 309.962 0 0 0 255
497.395 309.761 0 0 0 255
498.145 308.462 0 0 0 255
497.395 309.761 0 0 0 255
496.846 309.212 0 0 0 255
498.145 308.462 0 0 0 255
496.846 309.212 0 0 0 255
496.645 308.462 0 0 0 255
498.145 308.462 0 0 0 255
496.645 308.462 0 0 0 255
496.846 307.712 0 0 0 255
498.145 308.462 0 0 0 255
496.846 307.712 0 0 0 255
497.395 307.163 0 0 0 255
498.145 308.462 0 0 0 255
497.395 307.163 0 0 0 255
498.145 306.962 0 0 0 255
498.145 308.462 0 0 0 255
498.145 306.962 0 0 0 255
498.895 307.163 0 0 0 255
498.145 308.462 0 0 0 255
498.895 307.163 0 0 0 255
499.444 307.712 0 0 0 255
498.145 308.462 0 0 0 255
499.444 307.712 0 0 0 255
499.645 308.462 0 0 0 255
496.646 308.528 0 0 0 255
499.643 308.395 0 0 0 255
496.736 310.56 0 0 0 255
499.643 308.395 0 0 0 255
499.733 310.426 0 0 0 255
496.736 310.56 0 0 0 255
498.235 310.493 0 0 0 255
499.735 310.493 0 0 0 255
499.534 311.243 0 0 0 255
498.235 310.493 0 0 0 255
499.534 311.243 0 0 0 255
498.985 311.792 0 0 0 255
498.235 310.493 0 0 0 255
498.985 311.792 0 0 0 255
498.235 311.993 0 0 0 255
498.235 310.493 0 0 0 255
498.235 311.993 0 0 0 255
497.485 311.792 0 0 0 255
498.235 310.493 0 0 0 255
497.485 311.792 0 0 0 255
496.936 311.243 0 0 0 255
498.235 310.493 0 0 0 255
496.936 311.243 0 0 0 255
496.735 310.493 0 0 0 255
498.235 310.493 0 0 0 255
496.735 310.493 0 0 0 255
496.936 309.743 0 0 0 255
498.235 310.493 0 0 0 255
496.936 309.743 0 0 0 255
497.485 309.194 0 0 0 255
498.235 310.493 0 0 0 255
497.485 309.194 0 0 0 255
498.235 308.993 0 0 0 255
498.235 310.493 0 0 0 255
498.235 308.993 0 0 0 255
498.985 309.194 0 0 0 255
498.235 310.493 0 0 0 255
498.985 309.194 0 0 0 255
499.534 309.743 0 0 0 255
498.235 310.493 0 0 0 255
499.534 309.743 0 0 0 255
499.735 310.493 0 0 0 255
496.735 310.536 0 0 0 255
499.734 310.45 0 0 0 255
496.797 312.696 0 0 0 255
499.734 310.45 0 0 0 255
499.796 312.61 0 0 0 255
496.797 312.696 0 0 0 255
498.297 312.653 0 0 0 255
499.797 312.653 0 0 0 255
499.596 313.403 0 0 0 255
498.297 312.653 0 0 0 255
499.596 313.403 0 0 0 255
499.047 313.952 0 0 0 255
498.297 312.653 0 0 0 255
499.047 313.952 0 0 0 255
498.297 314.153 0 0 0 255
498.297 312.653 0 0 0 255
498.297 314.153 0 0 0 255
497.547 313.952 0 0 0 255
498.297 312.653 0 0 0 255
497.547 313.952 0 0 0 255
496.998 313.403 0 0 0 255
498.297 312.653 0 0 0 255
496.998 313.403 0 0 0 255
496.797 312.653 0 0 0 255
498.297 312.653 0 0 0 255
496.797 312.653 0 0 0 255
496.998 311.903 0 0 0 255
498.297 312.653 0 0 0 255
496.998 311.903 0 0 0 255
497.547 311.354 0 0 0 255
498.297 312.653 0 0 0 255
497.547 311.354 0 0 0 255
498.297 311.153 0 0 0 255
498.297 312.653 0 0 0 255
498.297 311.153 0 0 0 255
499.047 311.354 0 0 0 255
498.297 312.653 0 0 0 255
499.047 311.354 0 0 0 255
499.596 311.903 0 0 0 255
498.297 312.653 0 0 0 255
499.596 311.903 0 0 0 255
499.797 312.653 0 0 0 255
496.797 312.674 0 0 0 255
499.797 312.631 0 0 0 255
496.83 314.963 0 0 0 255
499.797 312.631 0 0 0 255
499.83 314.919 0 0 0 255
496.83 314.963 0 0 0 255
498.33 314.941 0 0 0 255
499.83 314.941 0 0 0 255
499.629 315.691 0 0 0 255
498.33 314.941 0 0 0 255
499.629 315.691 0 0 0 255
499.08 316.24 0 0 0 255
498.33 314.941 0 0 0 255
499.08 316.24 0 0 0 255
498.33 316.441 0 0 0 255
498.33 314.941 0 0 0 255
498.33 316.441 0 0 0 255
497.58 316.24 0 0 0 255
498.33 314.941 0 0 0 255
497.58 316.24 0 0 0 255
497.031 315.691 0 0 0 255
498.33 314.941 0 0 0 255
497.031 315.691 0 0 0 255
496.83 314.941 0 0 0 255
498.33 314.941 0 0 0 255
496.83 314.941 0 0 0 255
497.031 314.191 0 0 0 255
498.33 314.941 0 0 0 255
497.031 314.191 0 0 0 255
497.58 313.642 0 0 0 255
498.33 314.941 0 0 0 255
497.58 313.642 0 0 0 255
498.33 313.441 0 0 0 255
498.33 314.941 0 0 0 255
498.33 313.441 0 0 0 255
499.08 313.642 0 0 0 255
498.33 314.941 0 0 0 255
499.08 313.642 0 0 0 255
499.629 314.191 0 0 0 255
498.33 314.941 0 0 0 255
499.629 314.191 0 0 0 255
499.83 314.941 0 0 0 255
496.831 314.873 0 0 0 255
499.828 315.009 0 0 0 255
496.721 317.304 0 0 0 255
499.828 315.009 0 0 0 255
499.718 317.441 0 0 0 255
496.721 317.304 0 0 0 255
498.22 317.372 0 0 0 255
499.72 317.372 0 0 0 255
499.519 318.122 0 0 0 255
498.22 317.372 0 0 0 255
499.519 318.122 0 0 0 255
498.97 318.672 0 0 0 255
498.22 317.372 0 0 0 255
498.97 318.672 0 0 0 255
498.22 318.872 0 0 0 255
498.22 317.372 0 0 0 255
498.22 318.872 0 0 0 255
497.47 318.672 0 0 0 255
498.22 317.372 0 0 0 255
497.47 318.672 0 0 0 255
496.92 318.122 0 0 0 255
498.22 317.372 0 0 0 255
496.92 318.122 0 0 0 255
496.72 317.372 0 0 0 255
498.22 317.372 0 0 0 255
496.72 317.372 0 0 0 255
496.92 316.622 0 0 0 255
498.22 317.372 0 0 0 255
496.92 316.622 0 0 0 255
497.47 316.073 0 0 0 255
498.22 317.372 0 0 0 255
497.47 316.073 0 0 0 255
498.22 315.872 0 0 0 255
498.22 317.372 0 0 0 255
498.22 315.872 0 0 0 255
498.97 316.073 0 0 0 255
498.22 317.372 0 0 0 255
498.97 316.073 0 0 0 255
499.519 316.622 0 0 0 255
498.22 317.372 0 0 0 255
499.519 316.622 0 0 0 255
499.72 317.372 0 0 0 255
496.735 317.161 0 0 0 255
499.704 317.584 0 0 0 255
496.365 319.752 0 0 0 255
499.704 317.584 0 0 0 255
499.335 320.175 0 0 0 255
496.365 319.752 0 0 0 255
497.85 319.963 0 0 0 255
499.35 319.963 0 0 0 255
499.149 320.713 0 0 0 255
497.85 319.963 0 0 0 255
499.149 320.713 0 0 0 255
498.6 321.262 0 0 0 255
497.85 319.963 0 0 0 255
498.6 321.262 0 0 0 255
497.85 321.463 0 0 0 255
497.85 319.963 0 0 0 255
497.85 321.463 0 0 0 255
497.1 321.262 0 0 0 255
497.85 319.963 0 0 0 255
497.1 321.262 0 0 0 255
496.551 320.713 0 0 0 255
497.85 319.963 0 0 0 255
496.551 320.713 0 0 0 255
496.35 319.963 0 0 0 255
497.85 319.963 0 0 0 255
496.35 319.963 0 0 0 255
496.551 319.213 0 0 0 255
497.85 319.963 0 0 0 255
496.551 319.213 0 0 0 255
497.1 318.664 0 0 0 255
497.85 319.963 0 0 0 255
497.1 318.664 0 0 0 255
497.85 318.463 0 0 0 255
497.85 319.963 0 0 0 255
497.85 318.463 0 0 0 255
498.6 318.664 0 0 0 255
497.85 319.963 0 0 0 255
498.6 318.664 0 0 0 255
499.149 319.213 0 0 0 255
497.85 319.963 0 0 0 255
499.149 319.213 0 0 0 255
499.35 319.963 0 0 0 255
496.388 319.629 0 0 0 255
499.313 320.297 0 0 0 255
495.76 322.379 0 0 0 255
499.313 320.297 0 0 0 255
498.685 323.047 0 0 0 255
495.76 322.379 0 0 0 255
497.222 322.713 0 0 0 255
498.722 322.713 0 0 0 255
498.521 323.463 0 0 0 255
497.222 322.713 0 0 0 255
498.521 323.463 0 0 0 255
497.972 324.012 0 0 0 255
497.222 322.713 0 0 0 255
497.972 324.012 0 0 0 255
497.222 324.213 0 0 0 255
497.222 322.713 0 0 0 255
497.222 324.213 0 0 0 255
496.472 324.012 0 0 0 255
497.222 322.713 0 0 0 255
496.472 324.012 0 0 0 255
495.923 323.463 0 0 0 255
497.222 322.713 0 0 0 255
495.923 323.463 0 0 0 255
495.722 322.713 0 0 0 255
497.222 322.713 0 0 0 255
495.722 322.713 0 0 0 255
495.923 321.963 0 0 0 255
497.222 322.713 0 0 0 255
495.923 321.963 0 0 0 255
496.472 321.414 0 0 0 255
497.222 322.713 0 0 0 255
496.472 321.414 0 0 0 255
497.222 321.213 0 0 0 255
497.222 322.713 0 0 0 255
497.222 321.213 0 0 0 255
497.972 321.414 0 0 0 255
497.222 322.713 0 0 0 255
497.972 321.414 0 0 0 255
498.521 321.963 0 0 0 255
497.222 322.713 0 0 0 255
498.521 321.963 0 0 0 255
498.722 322.713 0 0 0 255
495.787 322.276 0 0 0 255
498.657 323.151 0 0 0 255
494.901 325.185 0 0 0 255
498.657 323.151 0 0 0 255
497.77 326.06 0 0 0 255
494.901 325.185 0 0 0 255
496.335 325.623 0 0 0 255
497.835 325.623 0 0 0 255
497.634 326.373 0 0 0 255
496.335 325.623 0 0 0 255
497.634 326.373 0 0 0 255
497.085 326.922 0 0 0 255
496.335 325.623 0 0 0 255
497.085 326.922 0 0 0 255
496.335 327.123 0 0 0 255
496.335 325.623 0 0 0 255
496.335 327.123 0 0 0 255
495.585 326.922 0 0 0 255
496.335 325.623 0 0 0 255
495.585 326.922 0 0 0 255
495.036 326.373 0 0 0 255
496.335 325.623 0 0 0 255
495.036 326.373 0 0 0 255
494.835 325.623 0 0 0 255
496.335 325.623 0 0 0 255
494.835 325.623 0 0 0 255
495.036 324.873 0 0 0 255
496.335 325.623 0 0 0 255
495.036 324.873 0 0 0 255
495.585 324.324 0 0 0 255
496.335 325.623 0 0 0 255
495.585 324.324 0 0 0 255
496.335 324.123 0 0 0 255
496.335 325.623 0 0 0 255
496.335 324.123 0 0 0 255
497.085 324.324 0 0 0 255
496.335 325.623 0 0 0 255
497.085 324.324 0 0 0 255
497.634 324.873 0 0 0 255
496.335 325.623 0 0 0 255
497.634 324.873 0 0 0 255
497.835 325.623 0 0 0 255
494.93 325.098 0 0 0 255
497.741 326.147 0 0 0 255
493.784 328.166 0 0 0 255
497.741 326.147 0 0 0 255
496.595 329.216 0 0 0 255
493.784 328.166 0 0 0 255
495.19 328.691 0 0 0 255
496.69 328.691 0 0 0 255
496.489 329.441 0 0 0 255
495.19 328.691 0 0 0 255
496.489 329.441 0 0 0 255
495.94 329.99 0 0 0 255
495.19 328.691 0 0 0 255
495.94 329.99 0 0 0 255
495.19 330.191 0 0 0 255
495.19 328.691 0 0 0 255
495.19 330.191 0 0 0 255
494.44 329.99 0 0 0 255
495.19 328.691 0 0 0 255
494.44 329.99 0 0 0 255
493.891 329.441 0 0 0 255
495.19 328.691 0 0 0 255
493.891 329.441 0 0 0 255
493.69 328.691 0 0 0 255
495.19 328.691 0 0 0 255
493.69 328.691 0 0 0 255
493.891 327.941 0 0 0 255
495.19 328.691 0 0 0 255
493.891 327.941 0 0 0 255
494.44 327.392 0 0 0 255
495.19 328.691 0 0 0 255
494.44 327.392 0 0 0 255
495.19 327.191 0 0 0 255
495.19 328.691 0 0 0 255
495.19 327.191 0 0 0 255
495.94 327.392 0 0 0 255
495.19 328.691 0 0 0 255
495.94 327.392 0 0 0 255
496.489 327.941 0 0 0 255
495.19 328.691 0 0 0 255
496.489 327.941 0 0 0 255
496.69 328.691 0 0 0 255
493.814 328.092 0 0 0 255
496.565 329.289 0 0 0 255
492.41 331.32 0 0 0 255
496.565 329.289 0 0 0 255
495.161 332.517 0 0 0 255
492.41 331.32 0 0 0 255
493.785 331.918 0 0 0 255
495.285 331.918 0 0 0 255
495.084 332.668 0 0 0 255
493.785 331.918 0 0 0 255
495.084 332.668 0 0 0 255
494.535 333.217 0 0 0 255
493.785 331.918 0 0 0 255
494.535 333.217 0 0 0 255
493.785 333.418 0 0 0 255
493.785 331.918 0 0 0 255
493.785 333.418 0 0 0 255
493.035 333.217 0 0 0 255
493.785 331.918 0 0 0 255
493.035 333.217 0 0 0 255
492.486 332.668 0 0 0 255
493.785 331.918 0 0 0 255
492.486 332.668 0 0 0 255
492.285 331.918 0 0 0 255
493.785 331.918 0 0 0 255
492.285 331.918 0 0 0 255
492.486 331.168 0 0 0 255
493.785 331.918 0 0 0 255
492.486 331.168 0 0 0 255
493.035 330.619 0 0 0 255
493.785 331.918 0 0 0 255
493.035 330.619 0 0 0 255
493.785 330.418 0 0 0 255
493.785 331.918 0 0 0 255
493.785 330.418 0 0 0 255
494.535 330.619 0 0 0 255
493.785 331.918 0 0 0 255
494.535 330.619 0 0 0 255
495.084 331.168 0 0 0 255
493.785 331.918 0 0 0 255
495.084 331.168 0 0 0 255
495.285 331.918 0 0 0 255
492.446 331.243 0 0 0 255
495.125 332.593 0 0 0 255
490.844 334.421 0 0 0 255
495.125 332.593 0 0 0 255
493.523 335.771 0 0 0 255
490.844 334.421 0 0 0 255
492.183 335.096 0 0 0 255
493.683 335.096 0 0 0 255
493.482 335.846 0 0 0 255
492.183 335.096 0 0 0 255
493.482 335.846 0 0 0 255
492.933 336.395 0 0 0 255
492.183 335.096 0 0 0 255
492.933 336.395 0 0 0 255
492.183 336.596 0 0 0 255
492.183 335.096 0 0 0 255
492.183 336.596 0 0 0 255
491.433 336.395 0 0 0 255
492.183 335.096 0 0 0 255
491.433 336.395 0 0 0 255
490.884 335.846 0 0 0 255
492.183 335.096 0 0 0 255
490.884 335.846 0 0 0 255
490.683 335.096 0 0 0 255
492.183 335.096 0 0 0 255
490.683 335.096 0 0 0 255
490.884 334.346 0 0 0 255
492.183 335.096 0 0 0 255
490.884 334.346 0 0 0 255
491.433 333.797 0 0 0 255
492.183 335.096 0 0 0 255
491.433 333.797 0 0 0 255
492.183 333.596 0 0 0 255
492.183 335.096 0 0 0 255
492.183 333.596 0 0 0 255
492.933 333.797 0 0 0 255
492.183 335.096 0 0 0 255
492.933 333.797 0 0 0 255
493.482 334.346 0 0 0 255
492.183 335.096 0 0 0 255
493.482 334.346 0 0 0 255
493.683 335.096 0 0 0 255
490.894 334.329 0 0 0 255
493.472 335.863 0 0 0 255
489.157 337.248 0 0 0 255
493.472 335.863 0 0 0 255
491.735 338.782 0 0 0 255
489.157 337.248 0 0 0 255
490.446 338.015 0 0 0 255
491.946 338.015 0 0 0 255
491.745 338.765 0 0 0 255
490.446 338.015 0 0 0 255
491.745 338.765 0 0 0 255
491.196 339.314 0 0 0 255
490.446 338.015 0 0 0 255
491.196 339.314 0 0 0 255
490.446 339.515 0 0 0 255
490.446 338.015 0 0 0 255
490.446 339.515 0 0 0 255
489.696 339.314 0 0 0 255
490.446 338.015 0 0 0 255
489.696 339.314 0 0 0 255
489.147 338.765 0 0 0 255
490.446 338.015 0 0 0 255
489.147 338.765 0 0 0 255
488.946 338.015 0 0 0 255
490.446 338.015 0 0 0 255
488.946 338.015 0 0 0 255
489.147 337.265 0 0 0 255
490.446 338.015 0 0 0 255
489.147 337.265 0 0 0 255
489.696 336.716 0 0 0 255
490.446 338.015 0 0 0 255
489.696 336.716 0 0 0 255
490.446 336.515 0 0 0 255
490.446 338.015 0 0 0 255
490.446 336.515 0 0 0 255
491.196 336.716 0 0 0 255
490.446 338.015 0 0 0 255
491.196 336.716 0 0 0 255
491.745 337.265 0 0 0 255
490.446 338.015 0 0 0 255
491.745 337.265 0 0 0 255
491.946 338.015 0 0 0 255
489.219 337.152 0 0 0 255
491.673 338.879 0 0 0 255
487.347 339.813 0 0 0 255
491.673 338.879 0 0 0 255
489.8 341.54 0 0 0 255
487.347 339.813 0 0 0 255
488.573 340.676 0 0 0 255
490.073 340.676 0 0 0 255
489.872 341.426 0 0 0 255
488.573 340.676 0 0 0 255
489.872 341.426 0 0 0 255
489.323 341.975 0 0 0 255
488.573 340.676 0 0 0 255
489.323 341.975 0 0 0 255
488.573 342.176 0 0 0 255
488.573 340.676 0 0 0 255
488.573 342.176 0 0 0 255
487.823 341.975 0 0 0 255
488.573 340.676 0 0 0 255
487.823 341.975 0 0 0 255
487.274 341.426 0 0 0 255
488.573 340.676 0 0 0 255
487.274 341.426 0 0 0 255
487.073 340.676 0 0 0 255
488.573 340.676 0 0 0 255
487.073 340.676 0 0 0 255
487.274 339.926 0 0 0 255
488.573 340.676 0 0 0 255
487.274 339.926 0 0 0 255
487.823 339.377 0 0 0 255
488.573 340.676 0 0 0 255
487.823 339.377 0 0 0 255
488.573 339.176 0 0 0 255
488.573 340.676 0 0 0 255
488.573 339.176 0 0 0 255
489.323 339.377 0 0 0 255
488.573 340.676 0 0 0 255
489.323 339.377 0 0 0 255
489.872 339.926 0 0 0 255
488.573 340.676 0 0 0 255
489.872 339.926 0 0 0 255
490.073 340.676 0 0 0 255
487.422 339.714 0 0 0 255
489.724 341.638 0 0 0 255
485.414 342.117 0 0 0 255
489.724 341.638 0 0 0 255
487.716 344.041 0 0 0 255
485.414 342.117 0 0 0 255
486.565 343.079 0 0 0 255
488.065 343.079 0 0 0 255
487.864 343.829 0 0 0 255
486.565 343.079 0 0 0 255
487.864 343.829 0 0 0 255
487.315 344.378 0 0 0 255
486.565 343.079 0 0 0 255
487.315 344.378 0 0 0 255
486.565 344.579 0 0 0 255
486.565 343.079 0 0 0 255
486.565 344.579 0 0 0 255
485.815 344.378 0 0 0 255
486.565 343.079 0 0 0 255
485.815 344.378 0 0 0 255
485.266 343.829 0 0 0 255
486.565 343.079 0 0 0 255
485.266 343.829 0 0 0 255
485.065 343.079 0 0 0 255
486.565 343.079 0 0 0 255
485.065 343.079 0 0 0 255
485.266 342.329 0 0 0 255
486.565 343.079 0 0 0 255
485.266 342.329 0 0 0 255
485.815 341.78 0 0 0 255
486.565 343.079 0 0 0 255
485.815 341.78 0 0 0 255
486.565 341.579 0 0 0 255
486.565 343.079 0 0 0 255
486.565 341.579 0 0 0 255
487.315 341.78 0 0 0 255
486.565 343.079 0 0 0 255
487.315 341.78 0 0 0 255
487.864 342.329 0 0 0 255
486.565 343.079 0 0 0 255
487.864 342.329 0 0 0 255
488.065 343.079 0 0 0 255
485.504 342.018 0 0 0 255
487.625 344.14 0 0 0 255
483.36 344.163 0 0 0 255
487.625 344.14 0 0 0 255
485.481 346.284 0 0 0 255
483.36 344.163 0 0 0 255
484.421 345.223 0 0 0 255
485.921 345.223 0 0 0 255
485.72 345.973 0 0 0 255
484.421 345.223 0 0 0 255
485.72 345.973 0 0 0 255
485.171 346.522 0 0 0 255
484.421 345.223 0 0 0 255
485.171 346.522 0 0 0 255
484.421 346.723 0 0 0 255
484.421 345.223 0 0 0 255
484.421 346.723 0 0 0 255
483.671 346.522 0 0 0 255
484.421 345.223 0 0 0 255
483.671 346.522 0 0 0 255
483.122 345.973 0 0 0 255
484.421 345.223 0 0 0 255
483.122 345.973 0 0 0 255
482.921 345.223 0 0 0 255
484.421 345.223 0 0 0 255
482.921 345.223 0 0 0 255
483.122 344.473 0 0 0 255
484.421 345.223 0 0 0 255
483.122 344.473 0 0 0 255
483.671 343.924 0 0 0 255
484.421 345.223 0 0 0 255
483.671 343.924 0 0 0 255
484.421 343.723 0 0 0 255
484.421 345.223 0 0 0 255
484.421 343.723 0 0 0 255
485.171 343.924 0 0 0 255
484.421 345.223 0 0 0 255
485.171 343.924 0 0 0 255
485.72 344.473 0 0 0 255
484.421 345.223 0 0 0 255
485.72 344.473 0 0 0 255
485.921 345.223 0 0 0 255
483.465 344.068 0 0 0 255
485.377 346.379 0 0 0 255
481.185 345.954 0 0 0 255
485.377 346.379 0 0 0 255
483.097 348.265 0 0 0 255
481.185 345.954 0 0 0 255
482.141 347.109 0 0 0 255
483.641 347.109 0 0 0 255
483.44 347.859 0 0 0 255
482.141 347.109 0 0 0 255
483.44 347.859 0 0 0 255
482.891 348.408 0 0 0 255
482.141 347.109 0 0 0 255
482.891 348.408 0 0 0 255
482.141 348.609 0 0 0 255
482.141 347.109 0 0 0 255
482.141 348.609 0 0 0 255
481.391 348.408 0 0 0 255
482.141 347.109 0 0 0 255
481.391 348.408 0 0 0 255
480.842 347.859 0 0 0 255
482.141 347.109 0 0 0 255
480.842 347.859 0 0 0 255
480.641 347.109 0 0 0 255
482.141 347.109 0 0 0 255
480.641 347.109 0 0 0 255
480.842 346.359 0 0 0 255
482.141 347.109 0 0 0 255
480.842 346.359 0 0 0 255
481.391 345.81 0 0 0 255
482.141 347.109 0 0 0 255
481.391 345.81 0 0 0 255
482.141 345.609 0 0 0 255
482.141 347.109 0 0 0 255
482.141 345.609 0 0 0 255
482.891 345.81 0 0 0 255
482.141 347.109 0 0 0 255
482.891 345.81 0 0 0 255
483.44 346.359 0 0 0 255
482.141 347.109 0 0 0 255
483.44 346.359 0 0 0 255
483.641 347.109 0 0 0 255
481.288 345.875 0 0 0 255
482.994 348.343 0 0 0 255
478.87 347.546 0 0 0 255
482.994 348.343 0 0 0 255
480.575 350.014 0 0 0 255
478.87 347.546 0 0 0 255
479.723 348.78 0 0 0 255
481.223 348.78 0 0 0 255
481.022 349.53 0 0 0 255
479.723 348.78 0 0 0 255
481.022 349.53 0 0 0 255
480.473 350.079 0 0 0 255
479.723 348.78 0 0 0 255
480.473 350.079 0 0 0 255
479.723 350.28 0 0 0 255
479.723 348.78 0 0 0 255
479.723 350.28 0 0 0 255
478.973 350.079 0 0 0 255
479.723 348.78 0 0 0 255
478.973 350.079 0 0 0 255
478.424 349.53 0 0 0 255
479.723 348.78 0 0 0 255
478.424 349.53 0 0 0 255
478.223 348.78 0 0 0 255
479.723 348.78 0 0 0 255
478.223 348.78 0 0 0 255
478.424 348.03 0 0 0 255
479.723 348.78 0 0 0 255
478.424 348.03 0 0 0 255
478.973 347.481 0 0 0 255
479.723 348.78 0 0 0 255
478.973 347.481 0 0 0 255
479.723 347.28 0 0 0 255
479.723 348.78 0 0 0 255
479.723 347.28 0 0 0 255
480.473 347.481 0 0 0 255
479.723 348.78 0 0 0 255
480.473 347.481 0 0 0 255
481.022 348.03 0 0 0 255
479.723 348.78 0 0 0 255
481.022 348.03 0 0 0 255
481.223 348.78 0 0 0 255
478.965 347.486 0 0 0 255
480.481 350.075 0 0 0 255
476.405 348.984 0 0 0 255
480.481 350.075 0 0 0 255
477.921 351.573 0 0 0 255
476.405 348.984 0 0 0 255
477.163 350.279 0 0 0 255
478.663 350.279 0 0 0 255
478.462 351.029 0 0 0 255
477.163 350.279 0 0 0 255
478.462 351.029 0 0 0 255
477.913 351.578 0 0 0 255
477.163 350.279 0 0 0 255
477.913 351.578 0 0 0 255
477.163 351.779 0 0 0 255
477.163 350.279 0 0 0 255
477.163 351.779 0 0 0 255
476.413 351.578 0 0 0 255
477.163 350.279 0 0 0 255
476.413 351.578 0 0 0 255
475.864 351.029 0 0 0 255
477.163 350.279 0 0 0 255
475.864 351.029 0 0 0 255
475.663 350.279 0 0 0 255
477.163 350.279 0 0 0 255
475.663 350.279 0 0 0 255
475.864 349.529 0 0 0 255
477.163 350.279 0 0 0 255
475.864 349.529 0 0 0 255
476.413 348.98 0 0 0 255
477.163 350.279 0 0 0 255
476.413 348.98 0 0 0 255
477.163 348.779 0 0 0 255
477.163 350.279 0 0 0 255
477.163 348.779 0 0 0 255
477.913 348.98 0 0 0 255
477.163 350.279 0 0 0 255
477.913 348.98 0 0 0 255
478.462 349.529 0 0 0 255
477.163 350.279 0 0 0 255
478.462 349.529 0 0 0 255
478.663 350.279 0 0 0 255
476.502 348.932 0 0 0 255
477.824 351.625 0 0 0 255
473.801 350.259 0 0 0 255
477.824 351.625 0 0 0 255
475.123 352.952 0 0 0 255
473.801 350.259 0 0 0 255
474.462 351.605 0 0 0 255
475.962 351.605 0 0 0 255
475.761 352.355 0 0 0 255
474.462 351.605 0 0 0 255
475.761 352.355 0 0 0 255
475.212 352.904 0 0 0 255
474.462 351.605 0 0 0 255
475.212 352.904 0 0 0 255
474.462 353.105 0 0 0 255
474.462 351.605 0 0 0 255
474.462 353.105 0 0 0 255
473.712 352.904 0 0 0 255
474.462 351.605 0 0 0 255
473.712 352.904 0 0 0 255
473.163 352.355 0 0 0 255
474.462 351.605 0 0 0 255
473.163 352.355 0 0 0 255
472.962 351.605 0 0 0 255
474.462 351.605 0 0 0 255
472.962 351.605 0 0 0 255
473.163 350.855 0 0 0 255
474.462 351.605 0 0 0 255
473.163 350.855 0 0 0 255
473.712 350.306 0 0 0 255
474.462 351.605 0 0 0 255
473.712 350.306 0 0 0 255
474.462 350.105 0 0 0 255
474.462 351.605 0 0 0 255
474.462 350.105 0 0 0 255
475.212 350.306 0 0 0 255
474.462 351.605 0 0 0 255
475.212 350.306 0 0 0 255
475.761 350.855 0 0 0 255
474.462 351.605 0 0 0 255
475.761 350.855 0 0 0 255
475.962 351.605 0 0 0 255
473.897 350.216 0 0 0 255
475.026 352.995 0 0 0 255
471.055 351.37 0 0 0 255
475.026 352.995 0 0 0 255
472.183 354.15 0 0 0 255
471.055 351.37 0 0 0 255
471.619 352.76 0 0 0 255
473.119 352.76 0 0 0 255
472.918 353.51 0 0 0 255
471.619 352.76 0 0 0 255
472.918 353.51 0 0 0 255
472.369 354.059 0 0 0 255
471.619 352.76 0 0 0 255
472.369 354.059 0 0 0 255
471.619 354.26 0 0 0 255
471.619 352.76 0 0 0 255
471.619 354.26 0 0 0 255
470.869 354.059 0 0 0 255
471.619 352.76 0 0 0 255
470.869 354.059 0 0 0 255
470.32 353.51 0 0 0 255
471.619 352.76 0 0 0 255
470.32 353.51 0 0 0 255
470.119 352.76 0 0 0 255
471.619 352.76 0 0 0 255
470.119 352.76 0 0 0 255
470.32 352.01 0 0 0 255
471.619 352.76 0 0 0 255
470.32 352.01 0 0 0 255
470.869 351.461 0 0 0 255
471.619 352.76 0 0 0 255
470.869 351.461 0 0 0 255
471.619 351.26 0 0 0 255
471.619 352.76 0 0 0 255
471.619 351.26 0 0 0 255
472.369 351.461 0 0 0 255
471.619 352.76 0 0 0 255
472.369 351.461 0 0 0 255
472.918 352.01 0 0 0 255
471.619 352.76 0 0 0 255
472.918 352.01 0 0 0 255
473.119 352.76 0 0 0 255
471.15 351.335 0 0 0 255
472.088 354.185 0 0 0 255
468.166 352.317 0 0 0 255
472.088 354.185 0 0 0 255
469.104 355.167 0 0 0 255
468.166 352.317 0 0 0 255
468.635 353.742 0 0 0 255
470.135 353.742 0 0 0 255
469.934 354.492 0 0 0 255
468.635 353.742 0 0 0 255
469.934 354.492 0 0 0 255
469.385 355.041 0 0 0 255
468.635 353.742 0 0 0 255
469.385 355.041 0 0 0 255
468.635 355.242 0 0 0 255
468.635 353.742 0 0 0 255
468.635 355.242 0 0 0 255
467.885 355.041 0 0 0 255
468.635 353.742 0 0 0 255
467.885 355.041 0 0 0 255
467.335 354.492 0 0 0 255
468.635 353.742 0 0 0 255
467.335 354.492 0 0 0 255
467.135 353.742 0 0 0 255
468.635 353.742 0 0 0 255
467.135 353.742 0 0 0 255
467.335 352.992 0 0 0 255
468.635 353.742 0 0 0 255
467.335 352.992 0 0 0 255
467.885 352.443 0 0 0 255
468.635 353.742 0 0 0 255
467.885 352.443 0 0 0 255
468.635 352.242 0 0 0 255
468.635 353.742 0 0 0 255
468.635 352.242 0 0 0 255
469.385 352.443 0 0 0 255
468.635 353.742 0 0 0 255
469.385 352.443 0 0 0 255
469.934 352.992 0 0 0 255
468.635 353.742 0 0 0 255
469.934 352.992 0 0 0 255
470.135 353.742 0 0 0 255
468.258 352.29 0 0 0 255
469.011 355.194 0 0 0 255
465.132 353.1 0 0 0 255
469.011 355.194 0 0 0 255
465.885 356.004 0 0 0 255
465.132 353.1 0 0 0 255
465.509 354.552 0 0 0 255
467.009 354.552 0 0 0 255
466.808 355.302 0 0 0 255
465.509 354.552 0 0 0 255
466.808 355.302 0 0 0 255
466.259 355.851 0 0 0 255
465.509 354.552 0 0 0 255
466.259 355.851 0 0 0 255
465.509 356.052 0 0 0 255
465.509 354.552 0 0 0 255
465.509 356.052 0 0 0 255
464.759 355.851 0 0 0 255
465.509 354.552 0 0 0 255
464.759 355.851 0 0 0 255
464.21 355.302 0 0 0 255
465.509 354.552 0 0 0 255
464.21 355.302 0 0 0 255
464.009 354.552 0 0 0 255
465.509 354.552 0 0 0 255
464.009 354.552 0 0 0 255
464.21 353.802 0 0 0 255
465.509 354.552 0 0 0 255
464.21 353.802 0 0 0 255
464.759 353.253 0 0 0 255
465.509 354.552 0 0 0 255
464.759 353.253 0 0 0 255
465.509 353.052 0 0 0 255
465.509 354.552 0 0 0 255
465.509 353.052 0 0 0 255
466.259 353.253 0 0 0 255
465.509 354.552 0 0 0 255
466.259 353.253 0 0 0 255
466.808 353.802 0 0 0 255
465.509 354.552 0 0 0 255
466.808 353.802 0 0 0 255
467.009 354.552 0 0 0 255
465.211 353.082 0 0 0 255
465.807 356.022 0 0 0 255
461.906 353.752 0 0 0 255
465.807 356.022 0 0 0 255
462.502 356.692 0 0 0 255
461.906 353.752 0 0 0 255
462.204 355.222 0 0 0 255
463.704 355.222 0 0 0 255
463.503 355.972 0 0 0 255
462.204 355.222 0 0 0 255
463.503 355.972 0 0 0 255
462.954 356.521 0 0 0 255
462.204 355.222 0 0 0 255
462.954 356.521 0 0 0 255
462.204 356.722 0 0 0 255
462.204 355.222 0 0 0 255
462.204 356.722 0 0 0 255
461.454 356.521 0 0 0 255
462.204 355.222 0 0 0 255
461.454 356.521 0 0 0 255
460.905 355.972 0 0 0 255
462.204 355.222 0 0 0 255
460.905 355.972 0 0 0 255
460.704 355.222 0 0 0 255
462.204 355.222 0 0 0 255
460.704 355.222 0 0 0 255
460.905 354.472 0 0 0 255
462.204 355.222 0 0 0 255
460.905 354.472 0 0 0 255
461.454 353.923 0 0 0 255
462.204 355.222 0 0 0 255
461.454 353.923 0 0 0 255
462.204 353.722 0 0 0 255
462.204 355.222 0 0 0 255
462.204 353.722 0 0 0 255
462.954 353.923 0 0 0 255
462.204 355.222 0 0 0 255
462.954 353.923 0 0 0 255
463.503 354.472 0 0 0 255
462.204 355.222 0 0 0 255
463.503 354.472 0 0 0 255
463.704 355.222 0 0 0 255
461.968 353.741 0 0 0 255
462.44 356.703 0 0 0 255
458.448 354.302 0 0 0 255
462.44 356.703 0 0 0 255
458.921 357.265 0 0 0 255
458.448 354.302 0 0 0 255
458.685 355.783 0 0 0 255
460.185 355.783 0 0 0 255
459.984 356.533 0 0 0 255
458.685 355.783 0 0 0 255
459.984 356.533 0 0 0 255
459.435 357.082 0 0 0 255
458.685 355.783 0 0 0 255
459.435 357.082 0 0 0 255
458.685 357.283 0 0 0 255
458.685 355.783 0 0 0 255
458.685 357.283 0 0 0 255
457.935 357.082 0 0 0 255
458.685 355.783 0 0 0 255
457.935 357.082 0 0 0 255
457.386 356.533 0 0 0 255
458.685 355.783 0 0 0 255
457.386 356.533 0 0 0 255
457.185 355.783 0 0 0 255
458.685 355.783 0 0 0 255
457.185 355.783 0 0 0 255
457.386 355.033 0 0 0 255
458.685 355.783 0 0 0 255
457.386 355.033 0 0 0 255
457.935 354.484 0 0 0 255
458.685 355.783 0 0 0 255
457.935 354.484 0 0 0 255
458.685 354.283 0 0 0 255
458.685 355.783 0 0 0 255
458.685 354.283 0 0 0 255
459.435 354.484 0 0 0 255
458.685 355.783 0 0 0 255
459.435 354.484 0 0 0 255
459.984 355.033 0 0 0 255
458.685 355.783 0 0 0 255
459.984 355.033 0 0 0 255
460.185 355.783 0 0 0 255
458.504 354.294 0 0 0 255
458.865 357.273 0 0 0 255
454.769 354.747 0 0 0 255
458.865 357.273 0 0 0 255
455.13 357.725 0 0 0 255
454.769 354.747 0 0 0 255
454.95 356.236 0 0 0 255
456.45 356.236 0 0 0 255
456.249 356.986 0 0 0 255
454.95 356.236 0 0 0 255
456.249 356.986 0 0 0 255
455.7 357.535 0 0 0 255
454.95 356.236 0 0 0 255
455.7 357.535 0 0 0 255
454.95 357.736 0 0 0 255
454.95 356.236 0 0 0 255
454.95 357.736 0 0 0 255
454.2 357.535 0 0 0 255
454.95 356.236 0 0 0 255
454.2 357.535 0 0 0 255
453.651 356.986 0 0 0 255
454.95 356.236 0 0 0 255
453.651 356.986 0 0 0 255
453.45 356.236 0 0 0 255
454.95 356.236 0 0 0 255
453.45 356.236 0 0 0 255
453.651 355.486 0 0 0 255
454.95 356.236 0 0 0 255
453.651 355.486 0 0 0 255
454.2 354.937 0 0 0 255
454.95 356.236 0 0 0 255
454.2 354.937 0 0 0 255
454.95 354.736 0 0 0 255
454.95 356.236 0 0 0 255
454.95 354.736 0 0 0 255
455.7 354.937 0 0 0 255
454.95 356.236 0 0 0 255
455.7 354.937 0 0 0 255
456.249 355.486 0 0 0 255
454.95 356.236 0 0 0 255
456.249 355.486 0 0 0 255
456.45 356.236 0 0 0 255
454.82 354.742 0 0 0 255
455.08 357.73 0 0 0 255
450.869 355.086 0 0 0 255
455.08 357.73 0 0 0 255
451.13 358.074 0 0 0 255
450.869 355.086 0 0 0 255
451 356.58 0 0 0 255
452.5 356.58 0 0 0 255
452.299 357.33 0 0 0 255
451 356.58 0 0 0 255
452.299 357.33 0 0 0 255
451.75 357.879 0 0 0 255
451 356.58 0 0 0 255
451.75 357.879 0 0 0 255
451 358.08 0 0 0 255
451 356.58 0 0 0 255
451 358.08 0 0 0 255
450.25 357.879 0 0 0 255
451 356.58 0 0 0 255
450.25 357.879 0 0 0 255
449.7 357.33 0 0 0 255
451 356.58 0 0 0 255
449.7 357.33 0 0 0 255
449.5 356.58 0 0 0 255
451 356.58 0 0 0 255
449.5 356.58 0 0 0 255
449.7 355.83 0 0 0 255
451 356.58 0 0 0 255
449.7 355.83 0 0 0 255
450.25 355.281 0 0 0 255
451 356.58 0 0 0 255
450.25 355.281 0 0 0 255
451 355.08 0 0 0 255
451 356.58 0 0 0 255
451 355.08 0 0 0 255
451.75 355.281 0 0 0 255
451 356.58 0 0 0 255
451.75 355.281 0 0 0 255
452.299 355.83 0 0 0 255
451 356.58 0 0 0 255
452.299 355.83 0 0 0 255
452.5 356.58 0 0 0 255
450.915 355.082 0 0 0 255
451.084 358.078 0 0 0 255
446.749 355.318 0 0 0 255
451.084 358.078 0 0 0 255
446.919 358.313 0 0 0 255
446.749 355.318 0 0 0 255
446.834 356.815 0 0 0 255
448.334 356.815 0 0 0 255
448.133 357.565 0 0 0 255
446.834 356.815 0 0 0 255
448.133 357.565 0 0 0 255
447.584 358.114 0 0 0 255
446.834 356.815 0 0 0 255
447.584 358.114 0 0 0 255
446.834 358.315 0 0 0 255
446.834 356.815 0 0 0 255
446.834 358.315 0 0 0 255
446.084 358.114 0 0 0 255
446.834 356.815 0 0 0 255
446.084 358.114 0 0 0 255
445.535 357.565 0 0 0 255
446.834 356.815 0 0 0 255
445.535 357.565 0 0 0 255
445.334 356.815 0 0 0 255
446.834 356.815 0 0 0 255
445.334 356.815 0 0 0 255
445.535 356.065 0 0 0 255
446.834 356.815 0 0 0 255
445.535 356.065 0 0 0 255
446.084 355.516 0 0 0 255
446.834 356.815 0 0 0 255
446.084 355.516 0 0 0 255
446.834 355.315 0 0 0 255
446.834 356.815 0 0 0 255
446.834 355.315 0 0 0 255
447.584 355.516 0 0 0 255
446.834 356.815 0 0 0 255
447.584 355.516 0 0 0 255
448.133 356.065 0 0 0 255
446.834 356.815 0 0 0 255
448.133 356.065 0 0 0 255
448.334 356.815 0 0 0 255
446.791 355.316 0 0 0 255
446.877 358.315 0 0 0 255
442.41 355.443 0 0 0 255
446.877 358.315 0 0 0 255
442.497 358.442 0 0 0 255
442.41 355.443 0 0 0 255
442.453 356.942 0 0 0 255
443.953 356.942 0 0 0 255
443.752 357.692 0 0 0 255
442.453 356.942 0 0 0 255
443.752 357.692 0 0 0 255
443.203 358.241 0 0 0 255
442.453 356.942 0 0 0 255
443.203 358.241 0 0 0 255
442.453 358.442 0 0 0 255
442.453 356.942 0 0 0 255
442.453 358.442 0 0 0 255
441.703 358.241 0 0 0 255
442.453 356.942 0 0 0 255
441.703 358.241 0 0 0 255
441.154 357.692 0 0 0 255
442.453 356.942 0 0 0 255
441.154 357.692 0 0 0 255
440.953 356.942 0 0 0 255
442.453 356.942 0 0 0 255
440.953 356.942 0 0 0 255
441.154 356.192 0 0 0 255
442.453 356.942 0 0 0 255
441.154 356.192 0 0 0 255
441.703 355.643 0 0 0 255
442.453 356.942 0 0 0 255
441.703 355.643 0 0 0 255
442.453 355.442 0 0 0 255
442.453 356.942 0 0 0 255
442.453 355.442 0 0 0 255
443.203 355.643 0 0 0 255
442.453 356.942 0 0 0 255
443.203 355.643 0 0 0 255
443.752 356.192 0 0 0 255
442.453 356.942 0 0 0 255
443.752 356.192 0 0 0 255
443.953 356.942 0 0 0 255
442.446 355.442 0 0 0 255
442.46 358.442 0 0 0 255
437.874 355.463 0 0 0 255
442.46 358.442 0 0 0 255
437.888 358.463 0 0 0 255
437.874 355.463 0 0 0 255
437.881 356.963 0 0 0 255
439.381 356.963 0 0 0 255
439.18 357.713 0 0 0 255
437.881 356.963 0 0 0 255
439.18 357.713 0 0 0 255
438.631 358.262 0 0 0 255
437.881 356.963 0 0 0 255
438.631 358.262 0 0 0 255
437.881 358.463 0 0 0 255
437.881 356.963 0 0 0 255
437.881 358.463 0 0 0 255
437.131 358.262 0 0 0 255
437.881 356.963 0 0 0 255
437.131 358.262 0 0 0 255
436.582 357.713 0 0 0 255
437.881 356.963 0 0 0 255
436.582 357.713 0 0 0 255
436.381 356.963 0 0 0 255
437.881 356.963 0 0 0 255
436.381 356.963 0 0 0 255
436.582 356.213 0 0 0 255
437.881 356.963 0 0 0 255
436.582 356.213 0 0 0 255
437.131 355.664 0 0 0 255
437.881 356.963 0 0 0 255
437.131 355.664 0 0 0 255
437.881 355.463 0 0 0 255
437.881 356.963 0 0 0 255
437.881 355.463 0 0 0 255
438.631 355.664 0 0 0 255
437.881 356.963 0 0 0 255
438.631 355.664 0 0 0 255
439.18 356.213 0 0 0 255
437.881 356.963 0 0 0 255
439.18 356.213 0 0 0 255
439.381 356.963 0 0 0 255
437.907 355.464 0 0 0 255
437.855 358.463 0 0 0 255
433.167 355.383 0 0 0 255
437.855 358.463 0 0 0 255
433.115 358.382 0 0 0 255
433.167 355.383 0 0 0 255
433.141 356.882 0 0 0 255
434.641 356.882 0 0 0 255
434.44 357.632 0 0 0 255
433.141 356.882 0 0 0 255
434.44 357.632 0 0 0 255
433.891 358.181 0 0 0 255
433.141 356.882 0 0 0 255
433.891 358.181 0 0 0 255
433.141 358.382 0 0 0 255
433.141 356.882 0 0 0 255
433.141 358.382 0 0 0 255
432.391 358.181 0 0 0 255
433.141 356.882 0 0 0 255
432.391 358.181 0 0 0 255
431.842 357.632 0 0 0 255
433.141 356.882 0 0 0 255
431.842 357.632 0 0 0 255
431.641 356.882 0 0 0 255
433.141 356.882 0 0 0 255
431.641 356.882 0 0 0 255
431.842 356.132 0 0 0 255
433.141 356.882 0 0 0 255
431.842 356.132 0 0 0 255
432.391 355.583 0 0 0 255
433.141 356.882 0 0 0 255
432.391 355.583 0 0 0 255
433.141 355.382 0 0 0 255
433.141 356.882 0 0 0 255
433.141 355.382 0 0 0 255
433.891 355.583 0 0 0 255
433.141 356.882 0 0 0 255
433.891 355.583 0 0 0 255
434.44 356.132 0 0 0 255
433.141 356.882 0 0 0 255
434.44 356.132 0 0 0 255
434.641 356.882 0 0 0 255
433.197 355.383 0 0 0 255
433.085 358.381 0 0 0 255
428.289 355.2 0 0 0 255
433.085 358.381 0 0 0 255
428.177 358.198 0 0 0 255
428.289 355.2 0 0 0 255
428.233 356.699 0 0 0 255
429.733 356.699 0 0 0 255
429.532 357.449 0 0 0 255
428.233 356.699 0 0 0 255
429.532 357.449 0 0 0 255
428.983 357.998 0 0 0 255
428.233 356.699 0 0 0 255
428.983 357.998 0 0 0 255
428.233 358.199 0 0 0 255
428.233 356.699 0 0 0 255
428.233 358.199 0 0 0 255
427.483 357.998 0 0 0 255
428.233 356.699 0 0 0 255
427.483 357.998 0 0 0 255
426.934 357.449 0 0 0 255
428.233 356.699 0 0 0 255
426.934 357.449 0 0 0 255
426.733 356.699 0 0 0 255
428.233 356.699 0 0 0 255
426.733 356.699 0 0 0 255
426.934 355.949 0 0 0 255
428.233 356.699 0 0 0 255
426.934 355.949 0 0 0 255
427.483 355.4 0 0 0 255
428.233 356.699 0 0 0 255
427.483 355.4 0 0 0 255
428.233 355.199 0 0 0 255
428.233 356.699 0 0 0 255
428.233 355.199 0 0 0 255
428.983 355.4 0 0 0 255
428.233 356.699 0 0 0 255
428.983 355.4 0 0 0 255
429.532 355.949 0 0 0 255
428.233 356.699 0 0 0 255
429.532 355.949 0 0 0 255
429.733 356.699 0 0 0 255
428.317 355.202 0 0 0 255
428.149 358.197 0 0 0 255
423.242 354.916 0 0 0 255
428.149 358.197 0 0 0 255
423.073 357.911 0 0 0 255
423.242 354.916 0 0 0 255
423.158 356.414 0 0 0 255
424.658 356.414 0 0 0 255
424.457 357.164 0 0 0 255
423.158 356.414 0 0 0 255
424.457 357.164 0 0 0 255
423.908 357.713 0 0 0 255
423.158 356.414 0 0 0 255
423.908 357.713 0 0 0 255
423.158 357.914 0 0 0 255
423.158 356.414 0 0 0 255
423.158 357.914 0 0 0 255
422.408 357.713 0 0 0 255
423.158 356.414 0 0 0 255
422.408 357.713 0 0 0 255
421.859 357.164 0 0 0 255
423.158 356.414 0 0 0 255
421.859 357.164 0 0 0 255
421.658 356.414 0 0 0 255
423.158 356.414 0 0 0 255
421.658 356.414 0 0 0 255
421.859 355.664 0 0 0 255
423.158 356.414 0 0 0 255
421.859 355.664 0 0 0 255
422.408 355.115 0 0 0 255
423.158 356.414 0 0 0 255
422.408 355.115 0 0 0 255
423.158 354.914 0 0 0 255
423.158 356.414 0 0 0 255
423.158 354.914 0 0 0 255
423.908 355.115 0 0 0 255
423.158 356.414 0 0 0 255
423.908 355.115 0 0 0 255
424.457 355.664 0 0 0 255
423.158 356.414 0 0 0 255
424.457 355.664 0 0 0 255
424.658 356.414 0 0 0 255
423.268 354.918 0 0 0 255
423.047 357.909 0 0 0 255
418.025 354.53 0 0 0 255
423.047 357.909 0 0 0 255
417.803 357.522 0 0 0 255
418.025 354.53 0 0 0 255
417.914 356.026 0 0 0 255
419.414 356.026 0 0 0 255
419.213 356.776 0 0 0 255
417.914 356.026 0 0 0 255
419.213 356.776 0 0 0 255
418.664 357.325 0 0 0 255
417.914 356.026 0 0 0 255
418.664 357.325 0 0 0 255
417.914 357.526 0 0 0 255
417.914 356.026 0 0 0 255
417.914 357.526 0 0 0 255
417.164 357.325 0 0 0 255
417.914 356.026 0 0 0 255
417.164 357.325 0 0 0 255
416.615 356.776 0 0 0 255
417.914 356.026 0 0 0 255
416.615 356.776 0 0 0 255
416.414 356.026 0 0 0 255
417.914 356.026 0 0 0 255
416.414 356.026 0 0 0 255
416.615 355.276 0 0 0 255
417.914 356.026 0 0 0 255
416.615 355.276 0 0 0 255
417.164 354.727 0 0 0 255
417.914 356.026 0 0 0 255
417.164 354.727 0 0 0 255
417.914 354.526 0 0 0 255
417.914 356.026 0 0 0 255
417.914 354.526 0 0 0 255
418.664 354.727 0 0 0 255
417.914 356.026 0 0 0 255
418.664 354.727 0 0 0 255
419.213 355.276 0 0 0 255
417.914 356.026 0 0 0 255
419.213 355.276 0 0 0 255
419.414 356.026 0 0 0 255
418.049 354.532 0 0 0 255
417.779 357.52 0 0 0 255
412.638 354.042 0 0 0 255
417.779 357.52 0 0 0 255
412.368 357.03 0 0 0 255
412.638 354.042 0 0 0 255
412.503 355.536 0 0 0 255
414.003 355.536 0 0 0 255
413.802 356.286 0 0 0 255
412.503 355.536 0 0 0 255
413.802 356.286 0 0 0 255
413.253 356.835 0 0 0 255
412.503 355.536 0 0 0 255
413.253 356.835 0 0 0 255
412.503 357.036 0 0 0 255
412.503 355.536 0 0 0 255
412.503 357.036 0 0 0 255
411.753 356.835 0 0 0 255
412.503 355.536 0 0 0 255
411.753 356.835 0 0 0 255
411.204 356.286 0 0 0 255
412.503 355.536 0 0 0 255
411.204 356.286 0 0 0 255
411.003 355.536 0 0 0 255
412.503 355.536 0 0 0 255
411.003 355.536 0 0 0 255
411.204 354.786 0 0 0 255
412.503 355.536 0 0 0 255
411.204 354.786 0 0 0 255
411.753 354.237 0 0 0 255
412.503 355.536 0 0 0 255
411.753 354.237 0 0 0 255
412.503 354.036 0 0 0 255
412.503 355.536 0 0 0 255
412.503 354.036 0 0 0 255
413.253 354.237 0 0 0 255
412.503 355.536 0 0 0 255
413.253 354.237 0 0 0 255
413.802 354.786 0 0 0 255
412.503 355.536 0 0 0 255
413.802 354.786 0 0 0 255
414.003 355.536 0 0 0 255
412.652 354.043 0 0 0 255
412.354 357.028 0 0 0 255
407.276 353.506 0 0 0 255
412.354 357.028 0 0 0 255
406.978 356.491 0 0 0 255
407.276 353.506 0 0 0 255
407.127 354.998 0 0 0 255
408.627 354.998 0 0 0 255
408.426 355.748 0 0 0 255
407.127 354.998 0 0 0 255
408.426 355.748 0 0 0 255
407.877 356.297 0 0 0 255
407.127 354.998 0 0 0 255
407.877 356.297 0 0 0 255
407.127 356.498 0 0 0 255
407.127 354.998 0 0 0 255
407.127 356.498 0 0 0 255
406.377 356.297 0 0 0 255
407.127 354.998 0 0 0 255
406.377 356.297 0 0 0 255
405.828 355.748 0 0 0 255
407.127 354.998 0 0 0 255
405.828 355.748 0 0 0 255
405.627 354.998 0 0 0 255
407.127 354.998 0 0 0 255
405.627 354.998 0 0 0 255
405.828 354.248 0 0 0 255
407.127 354.998 0 0 0 255
405.828 354.248 0 0 0 255
406.377 353.699 0 0 0 255
407.127 354.998 0 0 0 255
406.377 353.699 0 0 0 255
407.127 353.498 0 0 0 255
407.127 354.998 0 0 0 255
407.127 353.498 0 0 0 255
407.877 353.699 0 0 0 255
407.127 354.998 0 0 0 255
407.877 353.699 0 0 0 255
408.426 354.248 0 0 0 255
407.127 354.998 0 0 0 255
408.426 354.248 0 0 0 255
408.627 354.998 0 0 0 255
407.281 353.506 0 0 0 255
406.974 356.49 0 0 0 255
402.145 352.977 0 0 0 255
406.974 356.49 0 0 0 255
401.837 355.961 0 0 0 255
402.145 352.977 0 0 0 255
401.991 354.469 0 0 0 255
403.491 354.469 0 0 0 255
403.29 355.219 0 0 0 255
401.991 354.469 0 0 0 255
403.29 355.219 0 0 0 255
402.741 355.768 0 0 0 255
401.991 354.469 0 0 0 255
402.741 355.768 0 0 0 255
401.991 355.969 0 0 0 255
401.991 354.469 0 0 0 255
401.991 355.969 0 0 0 255
401.241 355.768 0 0 0 255
401.991 354.469 0 0 0 255
401.241 355.768 0 0 0 255
400.692 355.219 0 0 0 255
401.991 354.469 0 0 0 255
400.692 355.219 0 0 0 255
400.491 354.469 0 0 0 255
401.991 354.469 0 0 0 255
400.491 354.469 0 0 0 255
400.692 353.719 0 0 0 255
401.991 354.469 0 0 0 255
400.692 353.719 0 0 0 255
401.241 353.17 0 0 0 255
401.991 354.469 0 0 0 255
401.241 353.17 0 0 0 255
401.991 352.969 0 0 0 255
401.991 354.469 0 0 0 255
401.991 352.969 0 0 0 255
402.741 353.17 0 0 0 255
401.991 354.469 0 0 0 255
402.741 353.17 0 0 0 255
403.29 353.719 0 0 0 255
401.991 354.469 0 0 0 255
403.29 353.719 0 0 0 255
403.491 354.469 0 0 0 255
402.15 352.978 0 0 0 255
401.832 355.961 0 0 0 255
397.253 352.456 0 0 0 255
401.832 355.961 0 0 0 255
396.935 355.44 0 0 0 255
397.253 352.456 0 0 0 255
397.094 353.948 0 0 0 255
398.594 353.948 0 0 0 255
398.393 354.698 0 0 0 255
397.094 353.948 0 0 0 255
398.393 354.698 0 0 0 255
397.844 355.247 0 0 0 255
397.094 353.948 0 0 0 255
397.844 355.247 0 0 0 255
397.094 355.448 0 0 0 255
397.094 353.948 0 0 0 255
397.094 355.448 0 0 0 255
396.344 355.247 0 0 0 255
397.094 353.948 0 0 0 255
396.344 355.247 0 0 0 255
395.795 354.698 0 0 0 255
397.094 353.948 0 0 0 255
395.795 354.698 0 0 0 255
395.594 353.948 0 0 0 255
397.094 353.948 0 0 0 255
395.594 353.948 0 0 0 255
395.795 353.198 0 0 0 255
397.094 353.948 0 0 0 255
395.795 353.198 0 0 0 255
396.344 352.649 0 0 0 255
397.094 353.948 0 0 0 255
396.344 352.649 0 0 0 255
397.094 352.448 0 0 0 255
397.094 353.948 0 0 0 255
397.094 352.448 0 0 0 255
397.844 352.649 0 0 0 255
397.094 353.948 0 0 0 255
397.844 352.649 0 0 0 255
398.393 353.198 0 0 0 255
397.094 353.948 0 0 0 255
398.393 353.198 0 0 0 255
398.594 353.948 0 0 0 255
397.258 352.457 0 0 0 255
396.93 355.439 0 0 0 255
392.6 351.944 0 0 0 255
396.93 355.439 0 0 0 255
392.272 354.926 0 0 0 255
392.6 351.944 0 0 0 255
392.436 353.435 0 0 0 255
393.936 353.435 0 0 0 255
393.735 354.185 0 0 0 255
392.436 353.435 0 0 0 255
393.735 354.185 0 0 0 255
393.186 354.734 0 0 0 255
392.436 353.435 0 0 0 255
393.186 354.734 0 0 0 255
392.436 354.935 0 0 0 255
392.436 353.435 0 0 0 255
392.436 354.935 0 0 0 255
391.686 354.734 0 0 0 255
392.436 353.435 0 0 0 255
391.686 354.734 0 0 0 255
391.137 354.185 0 0 0 255
392.436 353.435 0 0 0 255
391.137 354.185 0 0 0 255
390.936 353.435 0 0 0 255
392.436 353.435 0 0 0 255
390.936 353.435 0 0 0 255
391.137 352.685 0 0 0 255
392.436 353.435 0 0 0 255
391.137 352.685 0 0 0 255
391.686 352.136 0 0 0 255
392.436 353.435 0 0 0 255
391.686 352.136 0 0 0 255
392.436 351.935 0 0 0 255
392.436 353.435 0 0 0 255
392.436 351.935 0 0 0 255
393.186 352.136 0 0 0 255
392.436 353.435 0 0 0 255
393.186 352.136 0 0 0 255
393.735 352.685 0 0 0 255
392.436 353.435 0 0 0 255
393.735 352.685 0 0 0 255
393.936 353.435 0 0 0 255
392.606 351.945 0 0 0 255
392.266 354.925 0 0 0 255
388.187 351.44 0 0 0 255
392.266 354.925 0 0 0 255
387.847 354.42 0 0 0 255
388.187 351.44 0 0 0 255
388.017 352.93 0 0 0 255
389.517 352.93 0 0 0 255
389.316 353.68 0 0 0 255
388.017 352.93 0 0 0 255
389.316 353.68 0 0 0 255
388.767 354.229 0 0 0 255
388.017 352.93 0 0 0 255
388.767 354.229 0 0 0 255
388.017 354.43 0 0 0 255
388.017 352.93 0 0 0 255
388.017 354.43 0 0 0 255
387.267 354.229 0 0 0 255
388.017 352.93 0 0 0 255
387.267 354.229 0 0 0 255
386.718 353.68 0 0 0 255
388.017 352.93 0 0 0 255
386.718 353.68 0 0 0 255
386.517 352.93 0 0 0 255
388.017 352.93 0 0 0 255
386.517 352.93 0 0 0 255
386.718 352.18 0 0 0 255
388.017 352.93 0 0 0 255
386.718 352.18 0 0 0 255
387.267 351.631 0 0 0 255
388.017 352.93 0 0 0 255
387.267 351.631 0 0 0 255
388.017 351.43 0 0 0 255
388.017 352.93 0 0 0 255
388.017 351.43 0 0 0 255
388.767 351.631 0 0 0 255
388.017 352.93 0 0 0 255
388.767 351.631 0 0 0 255
389.316 352.18 0 0 0 255
388.017 352.93 0 0 0 255
389.316 352.18 0 0 0 255
389.517 352.93 0 0 0 255
388.194 351.44 0 0 0 255
387.84 354.419 0 0 0 255
384.015 350.943 0 0 0 255
387.84 354.419 0 0 0 255
383.66 353.922 0 0 0 255
384.015 350.943 0 0 0 255
383.837 352.433 0 0 0 255
385.337 352.433 0 0 0 255
385.137 353.183 0 0 0 255
383.837 352.433 0 0 0 255
385.137 353.183 0 0 0 255
384.587 353.732 0 0 0 255
383.837 352.433 0 0 0 255
384.587 353.732 0 0 0 255
383.837 353.933 0 0 0 255
383.837 352.433 0 0 0 255
383.837 353.933 0 0 0 255
383.087 353.732 0 0 0 255
383.837 352.433 0 0 0 255
383.087 353.732 0 0 0 255
382.538 353.183 0 0 0 255
383.837 352.433 0 0 0 255
382.538 353.183 0 0 0 255
382.337 352.433 0 0 0 255
383.837 352.433 0 0 0 255
382.337 352.433 0 0 0 255
382.538 351.683 0 0 0 255
383.837 352.433 0 0 0 255
382.538 351.683 0 0 0 255
383.087 351.134 0 0 0 255
383.837 352.433 0 0 0 255
383.087 351.134 0 0 0 255
383.837 350.933 0 0 0 255
383.837 352.433 0 0 0 255
383.837 350.933 0 0 0 255
384.587 351.134 0 0 0 255
383.837 352.433 0 0 0 255
384.587 351.134 0 0 0 255
385.137 351.683 0 0 0 255
383.837 352.433 0 0 0 255
385.137 351.683 0 0 0 255
385.337 352.433 0 0 0 255
384.011 350.943 0 0 0 255
383.664 353.923 0 0 0 255
380.1 350.487 0 0 0 255
383.664 353.923 0 0 0 255
379.753 353.467 0 0 0 255
380.1 350.487 0 0 0 255
379.927 351.977 0 0 0 255
381.427 351.977 0 0 0 255
381.226 352.727 0 0 0 255
379.927 351.977 0 0 0 255
381.226 352.727 0 0 0 255
380.677 353.276 0 0 0 255
379.927 351.977 0 0 0 255
380.677 353.276 0 0 0 255
379.927 353.477 0 0 0 255
379.927 351.977 0 0 0 255
379.927 353.477 0 0 0 255
379.177 353.276 0 0 0 255
379.927 351.977 0 0 0 255
379.177 353.276 0 0 0 255
378.628 352.727 0 0 0 255
379.927 351.977 0 0 0 255
378.628 352.727 0 0 0 255
378.427 351.977 0 0 0 255
379.927 351.977 0 0 0 255
378.427 351.977 0 0 0 255
378.628 351.227 0 0 0 255
379.927 351.977 0 0 0 255
378.628 351.227 0 0 0 255
379.177 350.678 0 0 0 255
379.927 351.977 0 0 0 255
379.177 350.678 0 0 0 255
379.927 350.477 0 0 0 255
379.927 351.977 0 0 0 255
379.927 350.477 0 0 0 255
380.677 350.678 0 0 0 255
379.927 351.977 0 0 0 255
380.677 350.678 0 0 0 255
381.226 351.227 0 0 0 255
379.927 351.977 0 0 0 255
381.226 351.227 0 0 0 255
381.427 351.977 0 0 0 255
380.084 350.485 0 0 0 255
379.769 353.469 0 0 0 255
376.472 350.103 0 0 0 255
379.769 353.469 0 0 0 255
376.156 353.087 0 0 0 255
376.472 350.103 0 0 0 255
376.314 351.595 0 0 0 255
377.814 351.595 0 0 0 255
377.613 352.345 0 0 0 255
376.314 351.595 0 0 0 255
377.613 352.345 0 0 0 255
377.064 352.894 0 0 0 255
376.314 351.595 0 0 0 255
377.064 352.894 0 0 0 255
376.314 353.095 0 0 0 255
376.314 351.595 0 0 0 255
376.314 353.095 0 0 0 255
375.564 352.894 0 0 0 255
376.314 351.595 0 0 0 255
375.564 352.894 0 0 0 255
375.015 352.345 0 0 0 255
376.314 351.595 0 0 0 255
375.015 352.345 0 0 0 255
374.814 351.595 0 0 0 255
376.314 351.595 0 0 0 255
374.814 351.595 0 0 0 255
375.015 350.845 0 0 0 255
376.314 351.595 0 0 0 255
375.015 350.845 0 0 0 255
375.564 350.296 0 0 0 255
376.314 351.595 0 0 0 255
375.564 350.296 0 0 0 255
376.314 350.095 0 0 0 255
376.314 351.595 0 0 0 255
376.314 350.095 0 0 0 255
377.064 350.296 0 0 0 255
376.314 351.595 0 0 0 255
377.064 350.296 0 0 0 255
377.613 350.845 0 0 0 255
376.314 351.595 0 0 0 255
377.613 350.845 0 0 0 255
377.814 351.595 0 0 0 255
376.453 350.101 0 0 0 255
376.175 353.089 0 0 0 255
373.138 349.793 0 0 0 255
376.175 353.089 0 0 0 255
372.86 352.78 0 0 0 255
373.138 349.793 0 0 0 255
372.999 351.287 0 0 0 255
374.499 351.287 0 0 0 255
374.298 352.037 0 0 0 255
372.999 351.287 0 0 0 255
374.298 352.037 0 0 0 255
373.749 352.586 0 0 0 255
372.999 351.287 0 0 0 255
373.749 352.586 0 0 0 255
372.999 352.787 0 0 0 255
372.999 351.287 0 0 0 255
372.999 352.787 0 0 0 255
372.249 352.586 0 0 0 255
372.999 351.287 0 0 0 255
372.249 352.586 0 0 0 255
371.7 352.037 0 0 0 255
372.999 351.287 0 0 0 255
371.7 352.037 0 0 0 255
371.499 351.287 0 0 0 255
372.999 351.287 0 0 0 255
371.499 351.287 0 0 0 255
371.7 350.537 0 0 0 255
372.999 351.287 0 0 0 255
371.7 350.537 0 0 0 255
372.249 349.988 0 0 0 255
372.999 351.287 0 0 0 255
372.249 349.988 0 0 0 255
372.999 349.787 0 0 0 255
372.999 351.287 0 0 0 255
372.999 349.787 0 0 0 255
373.749 349.988 0 0 0 255
372.999 351.287 0 0 0 255
373.749 349.988 0 0 0 255
374.298 350.537 0 0 0 255
372.999 351.287 0 0 0 255
374.298 350.537 0 0 0 255
374.499 351.287 0 0 0 255
373.115 349.791 0 0 0 255
372.883 352.782 0 0 0 255
370.099 349.557 0 0 0 255
372.883 352.782 0 0 0 255
369.867 352.548 0 0 0 255
370.099 349.557 0 0 0 255
369.983 351.053 0 0 0 255
371.483 351.053 0 0 0 255
371.282 351.803 0 0 0 255
369.983 351.053 0 0 0 255
371.282 351.803 0 0 0 255
370.733 352.352 0 0 0 255
369.983 351.053 0 0 0 255
370.733 352.352 0 0 0 255
369.983 352.553 0 0 0 255
369.983 351.053 0 0 0 255
369.983 352.553 0 0 0 255
369.233 352.352 0 0 0 255
369.983 351.053 0 0 0 255
369.233 352.352 0 0 0 255
368.684 351.803 0 0 0 255
369.983 351.053 0 0 0 255
368.684 351.803 0 0 0 255
368.483 351.053 0 0 0 255
369.983 351.053 0 0 0 255
368.483 351.053 0 0 0 255
368.684 350.303 0 0 0 255
369.983 351.053 0 0 0 255
368.684 350.303 0 0 0 255
369.233 349.754 0 0 0 255
369.983 351.053 0 0 0 255
369.233 349.754 0 0 0 255
369.983 349.553 0 0 0 255
369.983 351.053 0 0 0 255
369.983 349.553 0 0 0 255
370.733 349.754 0 0 0 255
369.983 351.053 0 0 0 255
370.733 349.754 0 0 0 255
371.282 350.303 0 0 0 255
369.983 351.053 0 0 0 255
371.282 350.303 0 0 0 255
371.483 351.053 0 0 0 255
370.071 349.555 0 0 0 255
369.895 352.55 0 0 0 255
367.353 349.395 0 0 0 255
369.895 352.55 0 0 0 255
367.176 352.39 0 0 0 255
367.353 349.395 0 0 0 255
367.265 350.893 0 0 0 255
368.765 350.893 0 0 0 255
368.564 351.643 0 0 0 255
367.265 350.893 0 0 0 255
368.564 351.643 0 0 0 255
368.015 352.192 0 0 0 255
367.265 350.893 0 0 0 255
368.015 352.192 0 0 0 255
367.265 352.393 0 0 0 255
367.265 350.893 0 0 0 255
367.265 352.393 0 0 0 255
366.515 352.192 0 0 0 255
367.265 350.893 0 0 0 255
366.515 352.192 0 0 0 255
365.966 351.643 0 0 0 255
367.265 350.893 0 0 0 255
365.966 351.643 0 0 0 255
365.765 350.893 0 0 0 255
367.265 350.893 0 0 0 255
365.765 350.893 0 0 0 255
365.966 350.143 0 0 0 255
367.265 350.893 0 0 0 255
365.966 350.143 0 0 0 255
366.515 349.594 0 0 0 255
367.265 350.893 0 0 0 255
366.515 349.594 0 0 0 255
367.265 349.393 0 0 0 255
367.265 350.893 0 0 0 255
367.265 349.393 0 0 0 255
368.015 349.594 0 0 0 255
367.265 350.893 0 0 0 255
368.015 349.594 0 0 0 255
368.564 350.143 0 0 0 255
367.265 350.893 0 0 0 255
368.564 350.143 0 0 0 255
368.765 350.893 0 0 0 255
367.318 349.393 0 0 0 255
367.211 352.392 0 0 0 255
364.898 349.307 0 0 0 255
367.211 352.392 0 0 0 255
364.791 352.305 0 0 0 255
364.898 349.307 0 0 0 255
364.845 350.806 0 0 0 255
366.345 350.806 0 0 0 255
366.144 351.556 0 0 0 255
364.845 350.806 0 0 0 255
366.144 351.556 0 0 0 255
365.595 352.105 0 0 0 255
364.845 350.806 0 0 0 255
365.595 352.105 0 0 0 255
364.845 352.306 0 0 0 255
364.845 350.806 0 0 0 255
364.845 352.306 0 0 0 255
364.095 352.105 0 0 0 255
364.845 350.806 0 0 0 255
364.095 352.105 0 0 0 255
363.546 351.556 0 0 0 255
364.845 350.806 0 0 0 255
363.546 351.556 0 0 0 255
363.345 350.806 0 0 0 255
364.845 350.806 0 0 0 255
363.345 350.806 0 0 0 255
363.546 350.056 0 0 0 255
364.845 350.806 0 0 0 255
363.546 350.056 0 0 0 255
364.095 349.507 0 0 0 255
364.845 350.806 0 0 0 255
364.095 349.507 0 0 0 255
364.845 349.306 0 0 0 255
364.845 350.806 0 0 0 255
364.845 349.306 0 0 0 255
365.595 349.507 0 0 0 255
364.845 350.806 0 0 0 255
365.595 349.507 0 0 0 255
366.144 350.056 0 0 0 255
364.845 350.806 0 0 0 255
366.144 350.056 0 0 0 255
366.345 350.806 0 0 0 255
364.87 349.306 0 0 0 255
364.82 352.306 0 0 0 255
362.678 349.27 0 0 0 255
364.82 352.306 0 0 0 255
362.628 352.27 0 0 0 255
362.678 349.27 0 0 0 255
362.653 350.77 0 0 0 255
364.153 350.77 0 0 0 255
363.952 351.52 0 0 0 255
362.653 350.77 0 0 0 255
363.952 351.52 0 0 0 255
363.403 352.069 0 0 0 255
362.653 350.77 0 0 0 255
363.403 352.069 0 0 0 255
362.653 352.27 0 0 0 255
362.653 350.77 0 0 0 255
362.653 352.27 0 0 0 255
361.903 352.069 0 0 0 255
362.653 350.77 0 0 0 255
361.903 352.069 0 0 0 255
361.354 351.52 0 0 0 255
362.653 350.77 0 0 0 255
361.354 351.52 0 0 0 255
361.153 350.77 0 0 0 255
362.653 350.77 0 0 0 255
361.153 350.77 0 0 0 255
361.354 350.02 0 0 0 255
362.653 350.77 0 0 0 255
361.354 350.02 0 0 0 255
361.903 349.471 0 0 0 255
362.653 350.77 0 0 0 255
361.903 349.471 0 0 0 255
362.653 349.27 0 0 0 255
362.653 350.77 0 0 0 255
362.653 349.27 0 0 0 255
363.403 349.471 0 0 0 255
362.653 350.77 0 0 0 255
363.403 349.471 0 0 0 255
363.952 350.02 0 0 0 255
362.653 350.77 0 0 0 255
363.952 350.02 0 0 0 255
364.153 350.77 0 0 0 255
362.661 349.27 0 0 0 255
362.645 352.27 0 0 0 255
360.626 349.259 0 0 0 255
362.645 352.27 0 0 0 255
360.61 352.259 0 0 0 255
360.626 349.259 0 0 0 255
360.618 350.759 0 0 0 255
362.118 350.759 0 0 0 255
361.917 351.509 0 0 0 255
360.618 350.759 0 0 0 255
361.917 351.509 0 0 0 255
361.368 352.058 0 0 0 255
360.618 350.759 0 0 0 255
361.368 352.058 0 0 0 255
360.618 352.259 0 0 0 255
360.618 350.759 0 0 0 255
360.618 352.259 0 0 0 255
359.868 352.058 0 0 0 255
360.618 350.759 0 0 0 255
359.868 352.058 0 0 0 255
359.319 351.509 0 0 0 255
360.618 350.759 0 0 0 255
359.319 351.509 0 0 0 255
359.118 350.759 0 0 0 255
360.618 350.759 0 0 0 255
359.118 350.759 0 0 0 255
359.319 350.009 0 0 0 255
360.618 350.759 0 0 0 255
359.319 350.009 0 0 0 255
359.868 349.46 0 0 0 255
360.618 350.759 0 0 0 255
359.868 349.46 0 0 0 255
360.618 349.259 0 0 0 255
360.618 350.759 0 0 0 255
360.618 349.259 0 0 0 255
361.368 349.46 0 0 0 255
360.618 350.759 0 0 0 255
361.368 349.46 0 0 0 255
361.917 350.009 0 0 0 255
360.618 350.759 0 0 0 255
361.917 350.009 0 0 0 255
362.118 350.759 0 0 0 255
360.606 349.259 0 0 0 255
360.63 352.259 0 0 0 255
358.73 349.274 0 0 0 255
360.63 352.259 0 0 0 255
358.754 352.274 0 0 0 255
358.73 349.274 0 0 0 255
358.742 350.774 0 0 0 255
360.242 350.774 0 0 0 255
360.041 351.524 0 0 0 255
358.742 350.774 0 0 0 255
360.041 351.524 0 0 0 255
359.492 352.073 0 0 0 255
358.742 350.774 0 0 0 255
359.492 352.073 0 0 0 255
358.742 352.274 0 0 0 255
358.742 350.774 0 0 0 255
358.742 352.274 0 0 0 255
357.992 352.073 0 0 0 255
358.742 350.774 0 0 0 255
357.992 352.073 0 0 0 255
357.443 351.524 0 0 0 255
358.742 350.774 0 0 0 255
357.443 351.524 0 0 0 255
357.242 350.774 0 0 0 255
358.742 350.774 0 0 0 255
357.242 350.774 0 0 0 255
357.443 350.024 0 0 0 255
358.742 350.774 0 0 0 255
357.443 350.024 0 0 0 255
357.992 349.475 0 0 0 255
358.742 350.774 0 0 0 255
357.992 349.475 0 0 0 255
358.742 349.274 0 0 0 255
358.742 350.774 0 0 0 255
358.742 349.274 0 0 0 255
359.492 349.475 0 0 0 255
358.742 350.774 0 0 0 255
359.492 349.475 0 0 0 255
360.041 350.024 0 0 0 255
358.742 350.774 0 0 0 255
360.041 350.024 0 0 0 255
360.242 350.774 0 0 0 255
358.707 349.274 0 0 0 255
358.777 352.274 0 0 0 255
356.988 349.315 0 0 0 255
358.777 352.274 0 0 0 255
357.059 352.314 0 0 0 255
356.988 349.315 0 0 0 255
357.023 350.815 0 0 0 255
358.523 350.815 0 0 0 255
358.322 351.565 0 0 0 255
357.023 350.815 0 0 0 255
358.322 351.565 0 0 0 255
357.773 352.114 0 0 0 255
357.023 350.815 0 0 0 255
357.773 352.114 0 0 0 255
357.023 352.315 0 0 0 255
357.023 350.815 0 0 0 255
357.023 352.315 0 0 0 255
356.273 352.114 0 0 0 255
357.023 350.815 0 0 0 255
356.273 352.114 0 0 0 255
355.724 351.565 0 0 0 255
357.023 350.815 0 0 0 255
355.724 351.565 0 0 0 255
355.523 350.815 0 0 0 255
357.023 350.815 0 0 0 255
355.523 350.815 0 0 0 255
355.724 350.065 0 0 0 255
357.023 350.815 0 0 0 255
355.724 350.065 0 0 0 255
356.273 349.516 0 0 0 255
357.023 350.815 0 0 0 255
356.273 349.516 0 0 0 255
357.023 349.315 0 0 0 255
357.023 350.815 0 0 0 255
357.023 349.315 0 0 0 255
357.773 349.516 0 0 0 255
357.023 350.815 0 0 0 255
357.773 349.516 0 0 0 255
358.322 350.065 0 0 0 255
357.023 350.815 0 0 0 255
358.322 350.065 0 0 0 255
358.523 350.815 0 0 0 255
356.96 349.316 0 0 0 255
357.087 352.313 0 0 0 255
355.399 349.382 0 0 0 255
357.087 352.313 0 0 0 255
355.526 352.379 0 0 0 255
355.399 349.382 0 0 0 255
355.463 350.881 0 0 0 255
356.963 350.881 0 0 0 255
356.762 351.631 0 0 0 255
355.463 350.881 0 0 0 255
356.762 351.631 0 0 0 255
356.213 352.18 0 0 0 255
355.463 350.881 0 0 0 255
356.213 352.18 0 0 0 255
355.463 352.381 0 0 0 255
355.463 350.881 0 0 0 255
355.463 352.381 0 0 0 255
354.713 352.18 0 0 0 255
355.463 350.881 0 0 0 255
354.713 352.18 0 0 0 255
354.163 351.631 0 0 0 255
355.463 350.881 0 0 0 255
354.163 351.631 0 0 0 255
353.963 350.881 0 0 0 255
355.463 350.881 0 0 0 255
353.963 350.881 0 0 0 255
354.163 350.131 0 0 0 255
355.463 350.881 0 0 0 255
354.163 350.131 0 0 0 255
354.713 349.582 0 0 0 255
355.463 350.881 0 0 0 255
354.713 349.582 0 0 0 255
355.463 349.381 0 0 0 255
355.463 350.881 0 0 0 255
355.463 349.381 0 0 0 255
356.213 349.582 0 0 0 255
355.463 350.881 0 0 0 255
356.213 349.582 0 0 0 255
356.762 350.131 0 0 0 255
355.463 350.881 0 0 0 255
356.762 350.131 0 0 0 255
356.963 350.881 0 0 0 255
355.364 349.384 0 0 0 255
355.561 352.378 0 0 0 255
353.961 349.476 0 0 0 255
355.561 352.378 0 0 0 255
354.158 352.47 0 0 0 255
353.961 349.476 0 0 0 255
354.06 350.973 0 0 0 255
355.56 350.973 0 0 0 255
355.359 351.723 0 0 0 255
354.06 350.973 0 0 0 255
355.359 351.723 0 0 0 255
354.81 352.272 0 0 0 255
354.06 350.973 0 0 0 255
354.81 352.272 0 0 0 255
354.06 352.473 0 0 0 255
354.06 350.973 0 0 0 255
354.06 352.473 0 0 0 255
353.31 352.272 0 0 0 255
354.06 350.973 0 0 0 255
353.31 352.272 0 0 0 255
352.76 351.723 0 0 0 255
354.06 350.973 0 0 0 255
352.76 351.723 0 0 0 255
352.56 350.973 0 0 0 255
354.06 350.973 0 0 0 255
352.56 350.973 0 0 0 255
352.76 350.223 0 0 0 255
354.06 350.973 0 0 0 255
352.76 350.223 0 0 0 255
353.31 349.674 0 0 0 255
354.06 350.973 0 0 0 255
353.31 349.674 0 0 0 255
354.06 349.473 0 0 0 255
354.06 350.973 0 0 0 255
354.06 349.473 0 0 0 255
354.81 349.674 0 0 0 255
354.06 350.973 0 0 0 255
354.81 349.674 0 0 0 255
355.359 350.223 0 0 0 255
354.06 350.973 0 0 0 255
355.359 350.223 0 0 0 255
355.56 350.973 0 0 0 255
353.913 349.48 0 0 0 255
354.206 352.466 0 0 0 255
352.643 349.604 0 0 0 255
354.206 352.466 0 0 0 255
352.935 352.59 0 0 0 255
352.643 349.604 0 0 0 255
352.789 351.097 0 0 0 255
354.289 351.097 0 0 0 255
354.088 351.847 0 0 0 255
352.789 351.097 0 0 0 255
354.088 351.847 0 0 0 255
353.539 352.396 0 0 0 255
352.789 351.097 0 0 0 255
353.539 352.396 0 0 0 255
352.789 352.597 0 0 0 255
352.789 351.097 0 0 0 255
352.789 352.597 0 0 0 255
352.039 352.396 0 0 0 255
352.789 351.097 0 0 0 255
352.039 352.396 0 0 0 255
351.49 351.847 0 0 0 255
352.789 351.097 0 0 0 255
351.49 351.847 0 0 0 255
351.289 351.097 0 0 0 255
352.789 351.097 0 0 0 255
351.289 351.097 0 0 0 255
351.49 350.347 0 0 0 255
352.789 351.097 0 0 0 255
351.49 350.347 0 0 0 255
352.039 349.798 0 0 0 255
352.789 351.097 0 0 0 255
352.039 349.798 0 0 0 255
352.789 349.597 0 0 0 255
352.789 351.097 0 0 0 255
352.789 349.597 0 0 0 255
353.539 349.798 0 0 0 255
352.789 351.097 0 0 0 255
353.539 349.798 0 0 0 255
354.088 350.347 0 0 0 255
352.789 351.097 0 0 0 255
354.088 350.347 0 0 0 255
354.289 351.097 0 0 0 255
352.58 349.612 0 0 0 255
352.998 352.583 0 0 0 255
351.417 349.775 0 0 0 255
352.998 352.583 0 0 0 255
351.834 352.746 0 0 0 255
351.417 349.775 0 0 0 255
351.626 351.261 0 0 0 255
353.126 351.261 0 0 0 255
352.925 352.011 0 0 0 255
351.626 351.261 0 0 0 255
352.925 352.011 0 0 0 255
352.376 352.56 0 0 0 255
351.626 351.261 0 0 0 255
352.376 352.56 0 0 0 255
351.626 352.761 0 0 0 255
351.626 351.261 0 0 0 255
351.626 352.761 0 0 0 255
350.876 352.56 0 0 0 255
351.626 351.261 0 0 0 255
350.876 352.56 0 0 0 255
350.327 352.011 0 0 0 255
351.626 351.261 0 0 0 255
350.327 352.011 0 0 0 255
350.126 351.261 0 0 0 255
351.626 351.261 0 0 0 255
350.126 351.261 0 0 0 255
350.327 350.511 0 0 0 255
351.626 351.261 0 0 0 255
350.327 350.511 0 0 0 255
350.876 349.962 0 0 0 255
351.626 351.261 0 0 0 255
350.876 349.962 0 0 0 255
351.626 349.761 0 0 0 255
351.626 351.261 0 0 0 255
351.626 349.761 0 0 0 255
352.376 349.962 0 0 0 255
351.626 351.261 0 0 0 255
352.376 349.962 0 0 0 255
352.925 350.511 0 0 0 255
351.626 351.261 0 0 0 255
352.925 350.511 0 0 0 255
353.126 351.261 0 0 0 255
351.343 349.787 0 0 0 255
351.908 352.734 0 0 0 255
350.287 349.99 0 0 0 255
351.908 352.734 0 0 0 255
350.852 352.936 0 0 0 255
350.287 349.99 0 0 0 255
350.57 351.463 0 0 0 255
352.07 351.463 0 0 0 255
351.869 352.213 0 0 0 255
350.57 351.463 0 0 0 255
351.869 352.213 0 0 0 255
351.32 352.762 0 0 0 255
350.57 351.463 0 0 0 255
351.32 352.762 0 0 0 255
350.57 352.963 0 0 0 255
350.57 351.463 0 0 0 255
350.57 352.963 0 0 0 255
349.82 352.762 0 0 0 255
350.57 351.463 0 0 0 255
349.82 352.762 0 0 0 255
349.27 352.213 0 0 0 255
350.57 351.463 0 0 0 255
349.27 352.213 0 0 0 255
349.07 351.463 0 0 0 255
350.57 351.463 0 0 0 255
349.07 351.463 0 0 0 255
349.27 350.713 0 0 0 255
350.57 351.463 0 0 0 255
349.27 350.713 0 0 0 255
349.82 350.164 0 0 0 255
350.57 351.463 0 0 0 255
349.82 350.164 0 0 0 255
350.57 349.963 0 0 0 255
350.57 351.463 0 0 0 255
350.57 349.963 0 0 0 255
351.32 350.164 0 0 0 255
350.57 351.463 0 0 0 255
351.32 350.164 0 0 0 255
351.869 350.713 0 0 0 255
350.57 351.463 0 0 0 255
351.869 350.713 0 0 0 255
352.07 351.463 0 0 0 255
350.199 350.01 0 0 0 255
350.94 352.917 0 0 0 255
349.25 350.251 0 0 0 255
350.94 352.917 0 0 0 255
349.991 353.159 0 0 0 255
349.25 350.251 0 0 0 255
349.621 351.705 0 0 0 255
351.121 351.705 0 0 0 255
350.92 352.455 0 0 0 255
349.621 351.705 0 0 0 255
350.92 352.455 0 0 0 255
350.371 353.004 0 0 0 255
349.621 351.705 0 0 0 255
350.371 353.004 0 0 0 255
349.621 353.205 0 0 0 255
349.621 351.705 0 0 0 255
349.621 353.205 0 0 0 255
348.871 353.004 0 0 0 255
349.621 351.705 0 0 0 255
348.871 353.004 0 0 0 255
348.322 352.455 0 0 0 255
349.621 351.705 0 0 0 255
348.322 352.455 0 0 0 255
348.121 351.705 0 0 0 255
349.621 351.705 0 0 0 255
348.121 351.705 0 0 0 255
348.322 350.955 0 0 0 255
349.621 351.705 0 0 0 255
348.322 350.955 0 0 0 255
348.871 350.406 0 0 0 255
349.621 351.705 0 0 0 255
348.871 350.406 0 0 0 255
349.621 350.205 0 0 0 255
349.621 351.705 0 0 0 255
349.621 350.205 0 0 0 255
350.371 350.406 0 0 0 255
349.621 351.705 0 0 0 255
350.371 350.406 0 0 0 255
350.92 350.955 0 0 0 255
349.621 351.705 0 0 0 255
350.92 350.955 0 0 0 255
351.121 351.705 0 0 0 255
349.146 350.282 0 0 0 255
350.095 353.128 0 0 0 255
348.304 350.563 0 0 0 255
350.095 353.128 0 0 0 255
349.254 353.409 0 0 0 255
348.304 350.563 0 0 0 255
348.779 351.986 0 0 0 255
350.279 351.986 0 0 0 255
350.078 352.736 0 0 0 255
348.779 351.986 0 0 0 255
350.078 352.736 0 0 0 255
349.529 353.285 0 0 0 255
348.779 351.986 0 0 0 255
349.529 353.285 0 0 0 255
348.779 353.486 0 0 0 255
348.779 351.986 0 0 0 255
348.779 353.486 0 0 0 255
348.029 353.285 0 0 0 255
348.779 351.986 0 0 0 255
348.029 353.285 0 0 0 255
347.48 352.736 0 0 0 255
348.779 351.986 0 0 0 255
347.48 352.736 0 0 0 255
347.279 351.986 0 0 0 255
348.779 351.986 0 0 0 255
347.279 351.986 0 0 0 255
347.48 351.236 0 0 0 255
348.779 351.986 0 0 0 255
347.48 351.236 0 0 0 255
348.029 350.687 0 0 0 255
348.779 351.986 0 0 0 255
348.029 350.687 0 0 0 255
348.779 350.486 0 0 0 255
348.779 351.986 0 0 0 255
348.779 350.486 0 0 0 255
349.529 350.687 0 0 0 255
348.779 351.986 0 0 0 255
349.529 350.687 0 0 0 255
350.078 351.236 0 0 0 255
348.779 351.986 0 0 0 255
350.078 351.236 0 0 0 255
350.279 351.986 0 0 0 255
348.18 350.611 0 0 0 255
349.378 353.361 0 0 0 255
347.445 350.931 0 0 0 255
349.378 353.361 0 0 0 255
348.643 353.681 0 0 0 255
347.445 350.931 0 0 0 255
348.044 352.306 0 0 0 255
349.544 352.306 0 0 0 255
349.343 353.056 0 0 0 255
348.044 352.306 0 0 0 255
349.343 353.056 0 0 0 255
348.794 353.605 0 0 0 255
348.044 352.306 0 0 0 255
348.794 353.605 0 0 0 255
348.044 353.806 0 0 0 255
348.044 352.306 0 0 0 255
348.044 353.806 0 0 0 255
347.294 353.605 0 0 0 255
348.044 352.306 0 0 0 255
347.294 353.605 0 0 0 255
346.745 353.056 0 0 0 255
348.044 352.306 0 0 0 255
346.745 353.056 0 0 0 255
346.544 352.306 0 0 0 255
348.044 352.306 0 0 0 255
346.544 352.306 0 0 0 255
346.745 351.556 0 0 0 255
348.044 352.306 0 0 0 255
346.745 351.556 0 0 0 255
347.294 351.007 0 0 0 255
348.044 352.306 0 0 0 255
347.294 351.007 0 0 0 255
348.044 350.806 0 0 0 255
348.044 352.306 0 0 0 255
348.044 350.806 0 0 0 255
348.794 351.007 0 0 0 255
348.044 352.306 0 0 0 255
348.794 351.007 0 0 0 255
349.343 351.556 0 0 0 255
348.044 352.306 0 0 0 255
349.343 351.556 0 0 0 255
349.544 352.306 0 0 0 255
347.293 351.008 0 0 0 255
348.796 353.604 0 0 0 255
346.608 351.404 0 0 0 255
348.796 353.604 0 0 0 255
348.111 354 0 0 0 255
346.608 351.404 0 0 0 255
347.36 352.702 0 0 0 255
348.86 352.702 0 0 0 255
348.659 353.452 0 0 0 255
347.36 352.702 0 0 0 255
348.659 353.452 0 0 0 255
348.11 354.001 0 0 0 255
347.36 352.702 0 0 0 255
348.11 354.001 0 0 0 255
347.36 354.202 0 0 0 255
347.36 352.702 0 0 0 255
347.36 354.202 0 0 0 255
346.61 354.001 0 0 0 255
347.36 352.702 0 0 0 255
346.61 354.001 0 0 0 255
346.061 353.452 0 0 0 255
347.36 352.702 0 0 0 255
346.061 353.452 0 0 0 255
345.86 352.702 0 0 0 255
347.36 352.702 0 0 0 255
345.86 352.702 0 0 0 255
346.061 351.952 0 0 0 255
347.36 352.702 0 0 0 255
346.061 351.952 0 0 0 255
346.61 351.403 0 0 0 255
347.36 352.702 0 0 0 255
346.61 351.403 0 0 0 255
347.36 351.202 0 0 0 255
347.36 352.702 0 0 0 255
347.36 351.202 0 0 0 255
348.11 351.403 0 0 0 255
347.36 352.702 0 0 0 255
348.11 351.403 0 0 0 255
348.659 351.952 0 0 0 255
347.36 352.702 0 0 0 255
348.659 351.952 0 0 0 255
348.86 352.702 0 0 0 255
346.47 351.495 0 0 0 255
348.249 353.91 0 0 0 255
345.778 352.005 0 0 0 255
348.249 353.91 0 0 0 255
347.557 354.42 0 0 0 255
345.778 352.005 0 0 0 255
346.667 353.212 0 0 0 255
348.167 353.212 0 0 0 255
347.966 353.962 0 0 0 255
346.667 353.212 0 0 0 255
347.966 353.962 0 0 0 255
347.417 354.511 0 0 0 255
346.667 353.212 0 0 0 255
347.417 354.511 0 0 0 255
346.667 354.712 0 0 0 255
346.667 353.212 0 0 0 255
346.667 354.712 0 0 0 255
345.917 354.511 0 0 0 255
346.667 353.212 0 0 0 255
345.917 354.511 0 0 0 255
345.368 353.962 0 0 0 255
346.667 353.212 0 0 0 255
345.368 353.962 0 0 0 255
345.167 353.212 0 0 0 255
346.667 353.212 0 0 0 255
345.167 353.212 0 0 0 255
345.368 352.462 0 0 0 255
346.667 353.212 0 0 0 255
345.368 352.462 0 0 0 255
345.917 351.913 0 0 0 255
346.667 353.212 0 0 0 255
345.917 351.913 0 0 0 255
346.667 351.712 0 0 0 255
346.667 353.212 0 0 0 255
346.667 351.712 0 0 0 255
347.417 351.913 0 0 0 255
346.667 353.212 0 0 0 255
347.417 351.913 0 0 0 255
347.966 352.462 0 0 0 255
346.667 353.212 0 0 0 255
347.966 352.462 0 0 0 255
348.167 353.212 0 0 0 255
345.669 352.092 0 0 0 255
347.665 354.332 0 0 0 255
344.97 352.716 0 0 0 255
347.665 354.332 0 0 0 255
346.966 354.956 0 0 0 255
344.97 352.716 0 0 0 255
345.968 353.836 0 0 0 255
347.468 353.836 0 0 0 255
347.267 354.586 0 0 0 255
345.968 353.836 0 0 0 255
347.267 354.586 0 0 0 255
346.718 355.135 0 0 0 255
345.968 353.836 0 0 0 255
346.718 355.135 0 0 0 255
345.968 355.336 0 0 0 255
345.968 353.836 0 0 0 255
345.968 355.336 0 0 0 255
345.218 355.135 0 0 0 255
345.968 353.836 0 0 0 255
345.218 355.135 0 0 0 255
344.668 354.586 0 0 0 255
345.968 353.836 0 0 0 255
344.668 354.586 0 0 0 255
344.468 353.836 0 0 0 255
345.968 353.836 0 0 0 255
344.468 353.836 0 0 0 255
344.668 353.086 0 0 0 255
345.968 353.836 0 0 0 255
344.668 353.086 0 0 0 255
345.218 352.537 0 0 0 255
345.968 353.836 0 0 0 255
345.218 352.537 0 0 0 255
345.968 352.336 0 0 0 255
345.968 353.836 0 0 0 255
345.968 352.336 0 0 0 255
346.718 352.537 0 0 0 255
345.968 353.836 0 0 0 255
346.718 352.537 0 0 0 255
347.267 353.086 0 0 0 255
345.968 353.836 0 0 0 255
347.267 353.086 0 0 0 255
347.468 353.836 0 0 0 255
344.885 352.797 0 0 0 255
347.05 354.874 0 0 0 255
344.178 353.535 0 0 0 255
347.05 354.874 0 0 0 255
346.342 355.612 0 0 0 255
344.178 353.535 0 0 0 255
345.26 354.573 0 0 0 255
346.76 354.573 0 0 0 255
346.559 355.323 0 0 0 255
345.26 354.573 0 0 0 255
346.559 355.323 0 0 0 255
346.01 355.872 0 0 0 255
345.26 354.573 0 0 0 255
346.01 355.872 0 0 0 255
345.26 356.073 0 0 0 255
345.26 354.573 0 0 0 255
345.26 356.073 0 0 0 255
344.51 355.872 0 0 0 255
345.26 354.573 0 0 0 255
344.51 355.872 0 0 0 255
343.961 355.323 0 0 0 255
345.26 354.573 0 0 0 255
343.961 355.323 0 0 0 255
343.76 354.573 0 0 0 255
345.26 354.573 0 0 0 255
343.76 354.573 0 0 0 255
343.961 353.823 0 0 0 255
345.26 354.573 0 0 0 255
343.961 353.823 0 0 0 255
344.51 353.274 0 0 0 255
345.26 354.573 0 0 0 255
344.51 353.274 0 0 0 255
345.26 353.073 0 0 0 255
345.26 354.573 0 0 0 255
345.26 353.073 0 0 0 255
346.01 353.274 0 0 0 255
345.26 354.573 0 0 0 255
346.01 353.274 0 0 0 255
346.559 353.823 0 0 0 255
345.26 354.573 0 0 0 255
346.559 353.823 0 0 0 255
346.76 354.573 0 0 0 255
344.112 353.608 0 0 0 255
346.409 355.538 0 0 0 255
343.397 354.459 0 0 0 255
346.409 355.538 0 0 0 255
345.694 356.389 0 0 0 255
343.397 354.459 0 0 0 255
344.545 355.424 0 0 0 255
346.045 355.424 0 0 0 255
345.844 356.174 0 0 0 255
344.545 355.424 0 0 0 255
345.844 356.174 0 0 0 255
345.295 356.723 0 0 0 255
344.545 355.424 0 0 0 255
345.295 356.723 0 0 0 255
344.545 356.924 0 0 0 255
344.545 355.424 0 0 0 255
344.545 356.924 0 0 0 255
343.795 356.723 0 0 0 255
344.545 355.424 0 0 0 255
343.795 356.723 0 0 0 255
343.246 356.174 0 0 0 255
344.545 355.424 0 0 0 255
343.246 356.174 0 0 0 255
343.045 355.424 0 0 0 255
344.545 355.424 0 0 0 255
343.045 355.424 0 0 0 255
343.246 354.674 0 0 0 255
344.545 355.424 0 0 0 255
343.246 354.674 0 0 0 255
343.795 354.125 0 0 0 255
344.545 355.424 0 0 0 255
343.795 354.125 0 0 0 255
344.545 353.924 0 0 0 255
344.545 355.424 0 0 0 255
344.545 353.924 0 0 0 255
345.295 354.125 0 0 0 255
344.545 355.424 0 0 0 255
345.295 354.125 0 0 0 255
345.844 354.674 0 0 0 255
344.545 355.424 0 0 0 255
345.844 354.674 0 0 0 255
346.045 355.424 0 0 0 255
343.345 354.525 0 0 0 255
345.746 356.323 0 0 0 255
342.622 355.489 0 0 0 255
345.746 356.323 0 0 0 255
345.023 357.288 0 0 0 255
342.622 355.489 0 0 0 255
343.823 356.388 0 0 0 255
345.323 356.388 0 0 0 255
345.122 357.138 0 0 0 255
343.823 356.388 0 0 0 255
345.122 357.138 0 0 0 255
344.573 357.687 0 0 0 255
343.823 356.388 0 0 0 255
344.573 357.687 0 0 0 255
343.823 357.888 0 0 0 255
343.823 356.388 0 0 0 255
343.823 357.888 0 0 0 255
343.073 357.687 0 0 0 255
343.823 356.388 0 0 0 255
343.073 357.687 0 0 0 255
342.524 357.138 0 0 0 255
343.823 356.388 0 0 0 255
342.524 357.138 0 0 0 255
342.323 356.388 0 0 0 255
343.823 356.388 0 0 0 255
342.323 356.388 0 0 0 255
342.524 355.638 0 0 0 255
343.823 356.388 0 0 0 255
342.524 355.638 0 0 0 255
343.073 355.089 0 0 0 255
343.823 356.388 0 0 0 255
343.073 355.089 0 0 0 255
343.823 354.888 0 0 0 255
343.823 356.388 0 0 0 255
343.823 354.888 0 0 0 255
344.573 355.089 0 0 0 255
343.823 356.388 0 0 0 255
344.573 355.089 0 0 0 255
345.122 355.638 0 0 0 255
343.823 356.388 0 0 0 255
345.122 355.638 0 0 0 255
345.323 356.388 0 0 0 255
342.574 355.557 0 0 0 255
345.071 357.22 0 0 0 255
341.848 356.648 0 0 0 255
345.071 357.22 0 0 0 255
344.344 358.311 0 0 0 255
341.848 356.648 0 0 0 255
343.096 357.479 0 0 0 255
344.596 357.479 0 0 0 255
344.395 358.229 0 0 0 255
343.096 357.479 0 0 0 255
344.395 358.229 0 0 0 255
343.846 358.778 0 0 0 255
343.096 357.479 0 0 0 255
343.846 358.778 0 0 0 255
343.096 358.979 0 0 0 255
343.096 357.479 0 0 0 255
343.096 358.979 0 0 0 255
342.346 358.778 0 0 0 255
343.096 357.479 0 0 0 255
342.346 358.778 0 0 0 255
341.797 358.229 0 0 0 255
343.096 357.479 0 0 0 255
341.797 358.229 0 0 0 255
341.596 357.479 0 0 0 255
343.096 357.479 0 0 0 255
341.596 357.479 0 0 0 255
341.797 356.729 0 0 0 255
343.096 357.479 0 0 0 255
341.797 356.729 0 0 0 255
342.346 356.18 0 0 0 255
343.096 357.479 0 0 0 255
342.346 356.18 0 0 0 255
343.096 355.979 0 0 0 255
343.096 357.479 0 0 0 255
343.096 355.979 0 0 0 255
343.846 356.18 0 0 0 255
343.096 357.479 0 0 0 255
343.846 356.18 0 0 0 255
344.395 356.729 0 0 0 255
343.096 357.479 0 0 0 255
344.395 356.729 0 0 0 255
344.596 357.479 0 0 0 255
341.805 356.716 0 0 0 255
344.387 358.243 0 0 0 255
341.077 357.946 0 0 0 255
344.387 358.243 0 0 0 255
343.66 359.473 0 0 0 255
341.077 357.946 0 0 0 255
342.368 358.71 0 0 0 255
343.868 358.71 0 0 0 255
343.668 359.46 0 0 0 255
342.368 358.71 0 0 0 255
343.668 359.46 0 0 0 255
343.118 360.009 0 0 0 255
342.368 358.71 0 0 0 255
343.118 360.009 0 0 0 255
342.368 360.21 0 0 0 255
342.368 358.71 0 0 0 255
342.368 360.21 0 0 0 255
341.618 360.009 0 0 0 255
342.368 358.71 0 0 0 255
341.618 360.009 0 0 0 255
341.069 359.46 0 0 0 255
342.368 358.71 0 0 0 255
341.069 359.46 0 0 0 255
340.868 358.71 0 0 0 255
342.368 358.71 0 0 0 255
340.868 358.71 0 0 0 255
341.069 357.96 0 0 0 255
342.368 358.71 0 0 0 255
341.069 357.96 0 0 0 255
341.618 357.411 0 0 0 255
342.368 358.71 0 0 0 255
341.618 357.411 0 0 0 255
342.368 357.21 0 0 0 255
342.368 358.71 0 0 0 255
342.368 357.21 0 0 0 255
343.118 357.411 0 0 0 255
342.368 358.71 0 0 0 255
343.118 357.411 0 0 0 255
343.668 357.96 0 0 0 255
342.368 358.71 0 0 0 255
343.668 357.96 0 0 0 255
343.868 358.71 0 0 0 255
341.044 358.006 0 0 0 255
343.693 359.414 0 0 0 255
340.316 359.375 0 0 0 255
343.693 359.414 0 0 0 255
342.965 360.783 0 0 0 255
340.316 359.375 0 0 0 255
341.64 360.079 0 0 0 255
343.14 360.079 0 0 0 255
342.939 360.829 0 0 0 255
341.64 360.079 0 0 0 255
342.939 360.829 0 0 0 255
342.39 361.378 0 0 0 255
341.64 360.079 0 0 0 255
342.39 361.378 0 0 0 255
341.64 361.579 0 0 0 255
341.64 360.079 0 0 0 255
341.64 361.579 0 0 0 255
340.89 361.378 0 0 0 255
341.64 360.079 0 0 0 255
340.89 361.378 0 0 0 255
340.341 360.829 0 0 0 255
341.64 360.079 0 0 0 255
340.341 360.829 0 0 0 255
340.14 360.079 0 0 0 255
341.64 360.079 0 0 0 255
340.14 360.079 0 0 0 255
340.341 359.329 0 0 0 255
341.64 360.079 0 0 0 255
340.341 359.329 0 0 0 255
340.89 358.78 0 0 0 255
341.64 360.079 0 0 0 255
340.89 358.78 0 0 0 255
341.64 358.579 0 0 0 255
341.64 360.079 0 0 0 255
341.64 358.579 0 0 0 255
342.39 358.78 0 0 0 255
341.64 360.079 0 0 0 255
342.39 358.78 0 0 0 255
342.939 359.329 0 0 0 255
341.64 360.079 0 0 0 255
342.939 359.329 0 0 0 255
343.14 360.079 0 0 0 255
340.29 359.427 0 0 0 255
342.991 360.732 0 0 0 255
339.561 360.936 0 0 0 255
342.991 360.732 0 0 0 255
342.262 362.241 0 0 0 255
339.561 360.936 0 0 0 255
340.911 361.588 0 0 0 255
342.411 361.588 0 0 0 255
342.21 362.338 0 0 0 255
340.911 361.588 0 0 0 255
342.21 362.338 0 0 0 255
341.661 362.887 0 0 0 255
340.911 361.588 0 0 0 255
341.661 362.887 0 0 0 255
340.911 363.088 0 0 0 255
340.911 361.588 0 0 0 255
340.911 363.088 0 0 0 255
340.161 362.887 0 0 0 255
340.911 361.588 0 0 0 255
340.161 362.887 0 0 0 255
339.612 362.338 0 0 0 255
340.911 361.588 0 0 0 255
339.612 362.338 0 0 0 255
339.411 361.588 0 0 0 255
340.911 361.588 0 0 0 255
339.411 361.588 0 0 0 255
339.612 360.838 0 0 0 255
340.911 361.588 0 0 0 255
339.612 360.838 0 0 0 255
340.161 360.289 0 0 0 255
340.911 361.588 0 0 0 255
340.161 360.289 0 0 0 255
340.911 360.088 0 0 0 255
340.911 361.588 0 0 0 255
340.911 360.088 0 0 0 255
341.661 360.289 0 0 0 255
340.911 361.588 0 0 0 255
341.661 360.289 0 0 0 255
342.21 360.838 0 0 0 255
340.911 361.588 0 0 0 255
342.21 360.838 0 0 0 255
342.411 361.588 0 0 0 255
339.54 360.981 0 0 0 255
342.283 362.196 0 0 0 255
338.81 362.629 0 0 0 255
342.283 362.196 0 0 0 255
341.553 363.844 0 0 0 255
338.81 362.629 0 0 0 255
340.182 363.237 0 0 0 255
341.682 363.237 0 0 0 255
341.481 363.987 0 0 0 255
340.182 363.237 0 0 0 255
341.481 363.987 0 0 0 255
340.932 364.536 0 0 0 255
340.182 363.237 0 0 0 255
340.932 364.536 0 0 0 255
340.182 364.737 0 0 0 255
340.182 363.237 0 0 0 255
340.182 364.737 0 0 0 255
339.432 364.536 0 0 0 255
340.182 363.237 0 0 0 255
339.432 364.536 0 0 0 255
338.883 363.987 0 0 0 255
340.182 363.237 0 0 0 255
338.883 363.987 0 0 0 255
338.682 363.237 0 0 0 255
340.182 363.237 0 0 0 255
338.682 363.237 0 0 0 255
338.883 362.487 0 0 0 255
340.182 363.237 0 0 0 255
338.883 362.487 0 0 0 255
339.432 361.938 0 0 0 255
340.182 363.237 0 0 0 255
339.432 361.938 0 0 0 255
340.182 361.737 0 0 0 255
340.182 363.237 0 0 0 255
340.182 361.737 0 0 0 255
340.932 361.938 0 0 0 255
340.182 363.237 0 0 0 255
340.932 361.938 0 0 0 255
341.481 362.487 0 0 0 255
340.182 363.237 0 0 0 255
341.481 362.487 0 0 0 255
341.682 363.237 0 0 0 255
338.793 362.669 0 0 0 255
341.57 363.804 0 0 0 255
338.063 364.457 0 0 0 255
341.57 363.804 0 0 0 255
340.84 365.592 0 0 0 255
338.063 364.457 0 0 0 255
339.451 365.024 0 0 0 255
340.951 365.024 0 0 0 255
340.75 365.774 0 0 0 255
339.451 365.024 0 0 0 255
340.75 365.774 0 0 0 255
340.201 366.323 0 0 0 255
339.451 365.024 0 0 0 255
340.201 366.323 0 0 0 255
339.451 366.524 0 0 0 255
339.451 365.024 0 0 0 255
339.451 366.524 0 0 0 255
338.701 366.323 0 0 0 255
339.451 365.024 0 0 0 255
338.701 366.323 0 0 0 255
338.152 365.774 0 0 0 255
339.451 365.024 0 0 0 255
338.152 365.774 0 0 0 255
337.951 365.024 0 0 0 255
339.451 365.024 0 0 0 255
337.951 365.024 0 0 0 255
338.152 364.274 0 0 0 255
339.451 365.024 0 0 0 255
338.152 364.274 0 0 0 255
338.701 363.725 0 0 0 255
339.451 365.024 0 0 0 255
338.701 363.725 0 0 0 255
339.451 363.524 0 0 0 255
339.451 365.024 0 0 0 255
339.451 363.524 0 0 0 255
340.201 363.725 0 0 0 255
339.451 365.024 0 0 0 255
340.201 363.725 0 0 0 255
340.75 364.274 0 0 0 255
339.451 365.024 0 0 0 255
340.75 364.274 0 0 0 255
340.951 365.024 0 0 0 255
338.056 364.475 0 0 0 255
340.847 365.574 0 0 0 255
337.325 366.33 0 0 0 255
340.847 365.574 0 0 0 255
340.116 367.429 0 0 0 255
337.325 366.33 0 0 0 255
338.72 366.88 0 0 0 255
340.22 366.88 0 0 0 255
340.019 367.63 0 0 0 255
338.72 366.88 0 0 0 255
340.019 367.63 0 0 0 255
339.47 368.179 0 0 0 255
338.72 366.88 0 0 0 255
339.47 368.179 0 0 0 255
338.72 368.38 0 0 0 255
338.72 366.88 0 0 0 255
338.72 368.38 0 0 0 255
337.97 368.179 0 0 0 255
338.72 366.88 0 0 0 255
337.97 368.179 0 0 0 255
337.421 367.63 0 0 0 255
338.72 366.88 0 0 0 255
337.421 367.63 0 0 0 255
337.22 366.88 0 0 0 255
338.72 366.88 0 0 0 255
337.22 366.88 0 0 0 255
337.421 366.13 0 0 0 255
338.72 366.88 0 0 0 255
337.421 366.13 0 0 0 255
337.97 365.581 0 0 0 255
338.72 366.88 0 0 0 255
337.97 365.581 0 0 0 255
338.72 365.38 0 0 0 255
338.72 366.88 0 0 0 255
338.72 365.38 0 0 0 255
339.47 365.581 0 0 0 255
338.72 366.88 0 0 0 255
339.47 365.581 0 0 0 255
340.019 366.13 0 0 0 255
338.72 366.88 0 0 0 255
340.019 366.13 0 0 0 255
340.22 366.88 0 0 0 255
337.325 366.329 0 0 0 255
340.115 367.431 0 0 0 255
336.594 368.179 0 0 0 255
340.115 367.431 0 0 0 255
339.384 369.281 0 0 0 255
336.594 368.179 0 0 0 255
337.989 368.73 0 0 0 255
339.489 368.73 0 0 0 255
339.288 369.48 0 0 0 255
337.989 368.73 0 0 0 255
339.288 369.48 0 0 0 255
338.739 370.029 0 0 0 255
337.989 368.73 0 0 0 255
338.739 370.029 0 0 0 255
337.989 370.23 0 0 0 255
337.989 368.73 0 0 0 255
337.989 370.23 0 0 0 255
337.239 370.029 0 0 0 255
337.989 368.73 0 0 0 255
337.239 370.029 0 0 0 255
336.69 369.48 0 0 0 255
337.989 368.73 0 0 0 255
336.69 369.48 0 0 0 255
336.489 368.73 0 0 0 255
337.989 368.73 0 0 0 255
336.489 368.73 0 0 0 255
336.69 367.98 0 0 0 255
337.989 368.73 0 0 0 255
336.69 367.98 0 0 0 255
337.239 367.431 0 0 0 255
337.989 368.73 0 0 0 255
337.239 367.431 0 0 0 255
337.989 367.23 0 0 0 255
337.989 368.73 0 0 0 255
337.989 367.23 0 0 0 255
338.739 367.431 0 0 0 255
337.989 368.73 0 0 0 255
338.739 367.431 0 0 0 255
339.288 367.98 0 0 0 255
337.989 368.73 0 0 0 255
339.288 367.98 0 0 0 255
339.489 368.73 0 0 0 255
336.595 368.178 0 0 0 255
339.384 369.283 0 0 0 255
335.864 370.025 0 0 0 255
339.384 369.283 0 0 0 255
338.653 371.129 0 0 0 255
335.864 370.025 0 0 0 255
337.258 370.577 0 0 0 255
338.758 370.577 0 0 0 255
338.557 371.327 0 0 0 255
337.258 370.577 0 0 0 255
338.557 371.327 0 0 0 255
338.008 371.876 0 0 0 255
337.258 370.577 0 0 0 255
338.008 371.876 0 0 0 255
337.258 372.077 0 0 0 255
337.258 370.577 0 0 0 255
337.258 372.077 0 0 0 255
336.508 371.876 0 0 0 255
337.258 370.577 0 0 0 255
336.508 371.876 0 0 0 255
335.959 371.327 0 0 0 255
337.258 370.577 0 0 0 255
335.959 371.327 0 0 0 255
335.758 370.577 0 0 0 255
337.258 370.577 0 0 0 255
335.758 370.577 0 0 0 255
335.959 369.827 0 0 0 255
337.258 370.577 0 0 0 255
335.959 369.827 0 0 0 255
336.508 369.278 0 0 0 255
337.258 370.577 0 0 0 255
336.508 369.278 0 0 0 255
337.258 369.077 0 0 0 255
337.258 370.577 0 0 0 255
337.258 369.077 0 0 0 255
338.008 369.278 0 0 0 255
337.258 370.577 0 0 0 255
338.008 369.278 0 0 0 255
338.557 369.827 0 0 0 255
337.258 370.577 0 0 0 255
338.557 369.827 0 0 0 255
338.758 370.577 0 0 0 255
335.864 370.024 0 0 0 255
338.652 371.13 0 0 0 255
335.133 371.866 0 0 0 255
338.652 371.13 0 0 0 255
337.921 372.972 0 0 0 255
335.133 371.866 0 0 0 255
336.527 372.419 0 0 0 255
338.027 372.419 0 0 0 255
337.826 373.169 0 0 0 255
336.527 372.419 0 0 0 255
337.826 373.169 0 0 0 255
337.277 373.718 0 0 0 255
336.527 372.419 0 0 0 255
337.277 373.718 0 0 0 255
336.527 373.919 0 0 0 255
336.527 372.419 0 0 0 255
336.527 373.919 0 0 0 255
335.777 373.718 0 0 0 255
336.527 372.419 0 0 0 255
335.777 373.718 0 0 0 255
335.228 373.169 0 0 0 255
336.527 372.419 0 0 0 255
335.228 373.169 0 0 0 255
335.027 372.419 0 0 0 255
336.527 372.419 0 0 0 255
335.027 372.419 0 0 0 255
335.228 371.669 0 0 0 255
336.527 372.419 0 0 0 255
335.228 371.669 0 0 0 255
335.777 371.12 0 0 0 255
336.527 372.419 0 0 0 255
335.777 371.12 0 0 0 255
336.527 370.919 0 0 0 255
336.527 372.419 0 0 0 255
336.527 370.919 0 0 0 255
337.277 371.12 0 0 0 255
336.527 372.419 0 0 0 255
337.277 371.12 0 0 0 255
337.826 371.669 0 0 0 255
336.527 372.419 0 0 0 255
337.826 371.669 0 0 0 255
338.027 372.419 0 0 0 255
335.133 371.865 0 0 0 255
337.921 372.974 0 0 0 255
334.402 373.702 0 0 0 255
337.921 372.974 0 0 0 255
337.19 374.811 0 0 0 255
334.402 373.702 0 0 0 255
335.796 374.257 0 0 0 255
337.296 374.257 0 0 0 255
337.095 375.007 0 0 0 255
335.796 374.257 0 0 0 255
337.095 375.007 0 0 0 255
336.546 375.556 0 0 0 255
335.796 374.257 0 0 0 255
336.546 375.556 0 0 0 255
335.796 375.757 0 0 0 255
335.796 374.257 0 0 0 255
335.796 375.757 0 0 0 255
335.046 375.556 0 0 0 255
335.796 374.257 0 0 0 255
335.046 375.556 0 0 0 255
334.497 375.007 0 0 0 255
335.796 374.257 0 0 0 255
334.497 375.007 0 0 0 255
334.296 374.257 0 0 0 255
335.796 374.257 0 0 0 255
334.296 374.257 0 0 0 255
334.497 373.507 0 0 0 255
335.796 374.257 0 0 0 255
334.497 373.507 0 0 0 255
335.046 372.958 0 0 0 255
335.796 374.257 0 0 0 255
335.046 372.958 0 0 0 255
335.796 372.757 0 0 0 255
335.796 374.257 0 0 0 255
335.796 372.757 0 0 0 255
336.546 372.958 0 0 0 255
335.796 374.257 0 0 0 255
336.546 372.958 0 0 0 255
337.095 373.507 0 0 0 255
335.796 374.257 0 0 0 255
337.095 373.507 0 0 0 255
337.296 374.257 0 0 0 255
334.403 373.701 0 0 0 255
337.189 374.813 0 0 0 255
333.671 375.535 0 0 0 255
337.189 374.813 0 0 0 255
336.458 376.646 0 0 0 255
333.671 375.535 0 0 0 255
335.065 376.09 0 0 0 255
336.565 376.09 0 0 0 255
336.364 376.84 0 0 0 255
335.065 376.09 0 0 0 255
336.364 376.84 0 0 0 255
335.815 377.389 0 0 0 255
335.065 376.09 0 0 0 255
335.815 377.389 0 0 0 255
335.065 377.59 0 0 0 255
335.065 376.09 0 0 0 255
335.065 377.59 0 0 0 255
334.315 377.389 0 0 0 255
335.065 376.09 0 0 0 255
334.315 377.389 0 0 0 255
333.766 376.84 0 0 0 255
335.065 376.09 0 0 0 255
333.766 376.84 0 0 0 255
333.565 376.09 0 0 0 255
335.065 376.09 0 0 0 255
333.565 376.09 0 0 0 255
333.766 375.34 0 0 0 255
335.065 376.09 0 0 0 255
333.766 375.34 0 0 0 255
334.315 374.791 0 0 0 255
335.065 376.09 0 0 0 255
334.315 374.791 0 0 0 255
335.065 374.59 0 0 0 255
335.065 376.09 0 0 0 255
335.065 374.59 0 0 0 255
335.815 374.791 0 0 0 255
335.065 376.09 0 0 0 255
335.815 374.791 0 0 0 255
336.364 375.34 0 0 0 255
335.065 376.09 0 0 0 255
336.364 375.34 0 0 0 255
336.565 376.09 0 0 0 255
333.675 375.526 0 0 0 255
336.455 376.654 0 0 0 255
332.962 377.284 0 0 0 255
336.455 376.654 0 0 0 255
335.742 378.412 0 0 0 255
332.962 377.284 0 0 0 255
334.352 377.848 0 0 0 255
335.852 377.848 0 0 0 255
335.651 378.598 0 0 0 255
334.352 377.848 0 0 0 255
335.651 378.598 0 0 0 255
335.102 379.147 0 0 0 255
334.352 377.848 0 0 0 255
335.102 379.147 0 0 0 255
334.352 379.348 0 0 0 255
334.352 377.848 0 0 0 255
334.352 379.348 0 0 0 255
333.602 379.147 0 0 0 255
334.352 377.848 0 0 0 255
333.602 379.147 0 0 0 255
333.053 378.598 0 0 0 255
334.352 377.848 0 0 0 255
333.053 378.598 0 0 0 255
332.852 377.848 0 0 0 255
334.352 377.848 0 0 0 255
332.852 377.848 0 0 0 255
333.053 377.098 0 0 0 255
334.352 377.848 0 0 0 255
333.053 377.098 0 0 0 255
333.602 376.549 0 0 0 255
334.352 377.848 0 0 0 255
333.602 376.549 0 0 0 255
334.352 376.348 0 0 0 255
334.352 377.848 0 0 0 255
334.352 376.348 0 0 0 255
335.102 376.549 0 0 0 255
334.352 377.848 0 0 0 255
335.102 376.549 0 0 0 255
335.651 377.098 0 0 0 255
334.352 377.848 0 0 0 255
335.651 377.098 0 0 0 255
335.852 377.848 0 0 0 255
332.969 377.267 0 0 0 255
335.735 378.429 0 0 0 255
332.292 378.879 0 0 0 255
335.735 378.429 0 0 0 255
335.058 380.04 0 0 0 255
332.292 378.879 0 0 0 255
333.675 379.459 0 0 0 255
335.175 379.459 0 0 0 255
334.974 380.209 0 0 0 255
333.675 379.459 0 0 0 255
334.974 380.209 0 0 0 255
334.425 380.758 0 0 0 255
333.675 379.459 0 0 0 255
334.425 380.758 0 0 0 255
333.675 380.959 0 0 0 255
333.675 379.459 0 0 0 255
333.675 380.959 0 0 0 255
332.925 380.758 0 0 0 255
333.675 379.459 0 0 0 255
332.925 380.758 0 0 0 255
332.376 380.209 0 0 0 255
333.675 379.459 0 0 0 255
332.376 380.209 0 0 0 255
332.175 379.459 0 0 0 255
333.675 379.459 0 0 0 255
332.175 379.459 0 0 0 255
332.376 378.709 0 0 0 255
333.675 379.459 0 0 0 255
332.376 378.709 0 0 0 255
332.925 378.16 0 0 0 255
333.675 379.459 0 0 0 255
332.925 378.16 0 0 0 255
333.675 377.959 0 0 0 255
333.675 379.459 0 0 0 255
333.675 377.959 0 0 0 255
334.425 378.16 0 0 0 255
333.675 379.459 0 0 0 255
334.425 378.16 0 0 0 255
334.974 378.709 0 0 0 255
333.675 379.459 0 0 0 255
334.974 378.709 0 0 0 255
335.175 379.459 0 0 0 255
332.301 378.859 0 0 0 255
335.05 380.06 0 0 0 255
331.661 380.323 0 0 0 255
335.05 380.06 0 0 0 255
334.41 381.524 0 0 0 255
331.661 380.323 0 0 0 255
333.035 380.924 0 0 0 255
334.535 380.924 0 0 0 255
334.334 381.674 0 0 0 255
333.035 380.924 0 0 0 255
334.334 381.674 0 0 0 255
333.785 382.223 0 0 0 255
333.035 380.924 0 0 0 255
333.785 382.223 0 0 0 255
333.035 382.424 0 0 0 255
333.035 380.924 0 0 0 255
333.035 382.424 0 0 0 255
332.285 382.223 0 0 0 255
333.035 380.924 0 0 0 255
332.285 382.223 0 0 0 255
331.736 381.674 0 0 0 255
333.035 380.924 0 0 0 255
331.736 381.674 0 0 0 255
331.535 380.924 0 0 0 255
333.035 380.924 0 0 0 255
331.535 380.924 0 0 0 255
331.736 380.174 0 0 0 255
333.035 380.924 0 0 0 255
331.736 380.174 0 0 0 255
332.285 379.625 0 0 0 255
333.035 380.924 0 0 0 255
332.285 379.625 0 0 0 255
333.035 379.424 0 0 0 255
333.035 380.924 0 0 0 255
333.035 379.424 0 0 0 255
333.785 379.625 0 0 0 255
333.035 380.924 0 0 0 255
333.785 379.625 0 0 0 255
334.334 380.174 0 0 0 255
333.035 380.924 0 0 0 255
334.334 380.174 0 0 0 255
334.535 380.924 0 0 0 255
331.672 380.299 0 0 0 255
334.399 381.548 0 0 0 255
331.068 381.617 0 0 0 255
334.399 381.548 0 0 0 255
333.796 382.866 0 0 0 255
331.068 381.617 0 0 0 255
332.432 382.242 0 0 0 255
333.932 382.242 0 0 0 255
333.731 382.992 0 0 0 255
332.432 382.242 0 0 0 255
333.731 382.992 0 0 0 255
333.182 383.541 0 0 0 255
332.432 382.242 0 0 0 255
333.182 383.541 0 0 0 255
332.432 383.742 0 0 0 255
332.432 382.242 0 0 0 255
332.432 383.742 0 0 0 255
331.682 383.541 0 0 0 255
332.432 382.242 0 0 0 255
331.682 383.541 0 0 0 255
331.133 382.992 0 0 0 255
332.432 382.242 0 0 0 255
331.133 382.992 0 0 0 255
330.932 382.242 0 0 0 255
332.432 382.242 0 0 0 255
330.932 382.242 0 0 0 255
331.133 381.492 0 0 0 255
332.432 382.242 0 0 0 255
331.133 381.492 0 0 0 255
331.682 380.943 0 0 0 255
332.432 382.242 0 0 0 255
331.682 380.943 0 0 0 255
332.432 380.742 0 0 0 255
332.432 382.242 0 0 0 255
332.432 380.742 0 0 0 255
333.182 380.943 0 0 0 255
332.432 382.242 0 0 0 255
333.182 380.943 0 0 0 255
333.731 381.492 0 0 0 255
332.432 382.242 0 0 0 255
333.731 381.492 0 0 0 255
333.932 382.242 0 0 0 255
331.082 381.588 0 0 0 255
333.782 382.895 0 0 0 255
330.515 382.759 0 0 0 255
333.782 382.895 0 0 0 255
333.215 384.066 0 0 0 255
330.515 382.759 0 0 0 255
331.865 383.413 0 0 0 255
333.365 383.413 0 0 0 255
333.164 384.163 0 0 0 255
331.865 383.413 0 0 0 255
333.164 384.163 0 0 0 255
332.615 384.712 0 0 0 255
331.865 383.413 0 0 0 255
332.615 384.712 0 0 0 255
331.865 384.913 0 0 0 255
331.865 383.413 0 0 0 255
331.865 384.913 0 0 0 255
331.115 384.712 0 0 0 255
331.865 383.413 0 0 0 255
331.115 384.712 0 0 0 255
330.566 384.163 0 0 0 255
331.865 383.413 0 0 0 255
330.566 384.163 0 0 0 255
330.365 383.413 0 0 0 255
331.865 383.413 0 0 0 255
330.365 383.413 0 0 0 255
330.566 382.663 0 0 0 255
331.865 383.413 0 0 0 255
330.566 382.663 0 0 0 255
331.115 382.114 0 0 0 255
331.865 383.413 0 0 0 255
331.115 382.114 0 0 0 255
331.865 381.913 0 0 0 255
331.865 383.413 0 0 0 255
331.865 381.913 0 0 0 255
332.615 382.114 0 0 0 255
331.865 383.413 0 0 0 255
332.615 382.114 0 0 0 255
333.164 382.663 0 0 0 255
331.865 383.413 0 0 0 255
333.164 382.663 0 0 0 255
333.365 383.413 0 0 0 255
330.533 382.723 0 0 0 255
333.197 384.102 0 0 0 255
330.003 383.748 0 0 0 255
333.197 384.102 0 0 0 255
332.667 385.127 0 0 0 255
330.003 383.748 0 0 0 255
331.335 384.437 0 0 0 255
332.835 384.437 0 0 0 255
332.634 385.187 0 0 0 255
331.335 384.437 0 0 0 255
332.634 385.187 0 0 0 255
332.085 385.736 0 0 0 255
331.335 384.437 0 0 0 255
332.085 385.736 0 0 0 255
331.335 385.937 0 0 0 255
331.335 384.437 0 0 0 255
331.335 385.937 0 0 0 255
330.585 385.736 0 0 0 255
331.335 384.437 0 0 0 255
330.585 385.736 0 0 0 255
330.036 385.187 0 0 0 255
331.335 384.437 0 0 0 255
330.036 385.187 0 0 0 255
329.835 384.437 0 0 0 255
331.335 384.437 0 0 0 255
329.835 384.437 0 0 0 255
330.036 383.687 0 0 0 255
331.335 384.437 0 0 0 255
330.036 383.687 0 0 0 255
330.585 383.138 0 0 0 255
331.335 384.437 0 0 0 255
330.585 383.138 0 0 0 255
331.335 382.937 0 0 0 255
331.335 384.437 0 0 0 255
331.335 382.937 0 0 0 255
332.085 383.138 0 0 0 255
331.335 384.437 0 0 0 255
332.085 383.138 0 0 0 255
332.634 383.687 0 0 0 255
331.335 384.437 0 0 0 255
332.634 383.687 0 0 0 255
332.835 384.437 0 0 0 255
330.017 383.721 0 0 0 255
332.653 385.153 0 0 0 255
329.534 384.61 0 0 0 255
332.653 385.153 0 0 0 255
332.171 386.042 0 0 0 255
329.534 384.61 0 0 0 255
330.852 385.326 0 0 0 255
332.352 385.326 0 0 0 255
332.151 386.076 0 0 0 255
330.852 385.326 0 0 0 255
332.151 386.076 0 0 0 255
331.602 386.625 0 0 0 255
330.852 385.326 0 0 0 255
331.602 386.625 0 0 0 255
330.852 386.826 0 0 0 255
330.852 385.326 0 0 0 255
330.852 386.826 0 0 0 255
330.102 386.625 0 0 0 255
330.852 385.326 0 0 0 255
330.102 386.625 0 0 0 255
329.553 386.076 0 0 0 255
330.852 385.326 0 0 0 255
329.553 386.076 0 0 0 255
329.352 385.326 0 0 0 255
330.852 385.326 0 0 0 255
329.352 385.326 0 0 0 255
329.553 384.576 0 0 0 255
330.852 385.326 0 0 0 255
329.553 384.576 0 0 0 255
330.102 384.027 0 0 0 255
330.852 385.326 0 0 0 255
330.102 384.027 0 0 0 255
330.852 383.826 0 0 0 255
330.852 385.326 0 0 0 255
330.852 383.826 0 0 0 255
331.602 384.027 0 0 0 255
330.852 385.326 0 0 0 255
331.602 384.027 0 0 0 255
332.151 384.576 0 0 0 255
330.852 385.326 0 0 0 255
332.151 384.576 0 0 0 255
332.352 385.326 0 0 0 255
329.541 384.598 0 0 0 255
332.164 386.054 0 0 0 255
329.117 385.363 0 0 0 255
332.164 386.054 0 0 0 255
331.74 386.818 0 0 0 255
329.117 385.363 0 0 0 255
330.428 386.091 0 0 0 255
331.928 386.091 0 0 0 255
331.727 386.841 0 0 0 255
330.428 386.091 0 0 0 255
331.727 386.841 0 0 0 255
331.178 387.39 0 0 0 255
330.428 386.091 0 0 0 255
331.178 387.39 0 0 0 255
330.428 387.591 0 0 0 255
330.428 386.091 0 0 0 255
330.428 387.591 0 0 0 255
329.678 387.39 0 0 0 255
330.428 386.091 0 0 0 255
329.678 387.39 0 0 0 255
329.129 386.841 0 0 0 255
330.428 386.091 0 0 0 255
329.129 386.841 0 0 0 255
328.928 386.091 0 0 0 255
330.428 386.091 0 0 0 255
328.928 386.091 0 0 0 255
329.129 385.341 0 0 0 255
330.428 386.091 0 0 0 255
329.129 385.341 0 0 0 255
329.678 384.791 0 0 0 255
330.428 386.091 0 0 0 255
329.678 384.791 0 0 0 255
330.428 384.591 0 0 0 255
330.428 386.091 0 0 0 255
330.428 384.591 0 0 0 255
331.178 384.791 0 0 0 255
330.428 386.091 0 0 0 255
331.178 384.791 0 0 0 255
331.727 385.341 0 0 0 255
330.428 386.091 0 0 0 255
331.727 385.341 0 0 0 255
331.928 386.091 0 0 0 255
329.126 385.347 0 0 0 255
331.731 386.834 0 0 0 255
328.76 385.987 0 0 0 255
331.731 386.834 0 0 0 255
331.365 387.475 0 0 0 255
328.76 385.987 0 0 0 255
330.063 386.731 0 0 0 255
331.563 386.731 0 0 0 255
331.362 387.481 0 0 0 255
330.063 386.731 0 0 0 255
331.362 387.481 0 0 0 255
330.813 388.03 0 0 0 255
330.063 386.731 0 0 0 255
330.813 388.03 0 0 0 255
330.063 388.231 0 0 0 255
330.063 386.731 0 0 0 255
330.063 388.231 0 0 0 255
329.313 388.03 0 0 0 255
330.063 386.731 0 0 0 255
329.313 388.03 0 0 0 255
328.764 387.481 0 0 0 255
330.063 386.731 0 0 0 255
328.764 387.481 0 0 0 255
328.563 386.731 0 0 0 255
330.063 386.731 0 0 0 255
328.563 386.731 0 0 0 255
328.764 385.981 0 0 0 255
330.063 386.731 0 0 0 255
328.764 385.981 0 0 0 255
329.313 385.432 0 0 0 255
330.063 386.731 0 0 0 255
329.313 385.432 0 0 0 255
330.063 385.231 0 0 0 255
330.063 386.731 0 0 0 255
330.063 385.231 0 0 0 255
330.813 385.432 0 0 0 255
330.063 386.731 0 0 0 255
330.813 385.432 0 0 0 255
331.362 385.981 0 0 0 255
330.063 386.731 0 0 0 255
331.362 385.981 0 0 0 255
331.563 386.731 0 0 0 255
328.774 385.963 0 0 0 255
331.351 387.498 0 0 0 255
328.467 386.479 0 0 0 255
331.351 387.498 0 0 0 255
331.044 388.014 0 0 0 255
328.467 386.479 0 0 0 255
329.755 387.246 0 0 0 255
331.255 387.246 0 0 0 255
331.054 387.996 0 0 0 255
329.755 387.246 0 0 0 255
331.054 387.996 0 0 0 255
330.505 388.545 0 0 0 255
329.755 387.246 0 0 0 255
330.505 388.545 0 0 0 255
329.755 388.746 0 0 0 255
329.755 387.246 0 0 0 255
329.755 388.746 0 0 0 255
329.005 388.545 0 0 0 255
329.755 387.246 0 0 0 255
329.005 388.545 0 0 0 255
328.456 387.996 0 0 0 255
329.755 387.246 0 0 0 255
328.456 387.996 0 0 0 255
328.255 387.246 0 0 0 255
329.755 387.246 0 0 0 255
328.255 387.246 0 0 0 255
328.456 386.496 0 0 0 255
329.755 387.246 0 0 0 255
328.456 386.496 0 0 0 255
329.005 385.947 0 0 0 255
329.755 387.246 0 0 0 255
329.005 385.947 0 0 0 255
329.755 385.746 0 0 0 255
329.755 387.246 0 0 0 255
329.755 385.746 0 0 0 255
330.505 385.947 0 0 0 255
329.755 387.246 0 0 0 255
330.505 385.947 0 0 0 255
331.054 386.496 0 0 0 255
329.755 387.246 0 0 0 255
331.054 386.496 0 0 0 255
331.255 387.246 0 0 0 255
328.489 386.442 0 0 0 255
331.021 388.051 0 0 0 255
328.241 386.833 0 0 0 255
331.021 388.051 0 0 0 255
330.773 388.442 0 0 0 255
328.241 386.833 0 0 0 255
329.507 387.638 0 0 0 255
331.007 387.638 0 0 0 255
330.806 388.388 0 0 0 255
329.507 387.638 0 0 0 255
330.806 388.388 0 0 0 255
330.257 388.937 0 0 0 255
329.507 387.638 0 0 0 255
330.257 388.937 0 0 0 255
329.507 389.138 0 0 0 255
329.507 387.638 0 0 0 255
329.507 389.138 0 0 0 255
328.757 388.937 0 0 0 255
329.507 387.638 0 0 0 255
328.757 388.937 0 0 0 255
328.208 388.388 0 0 0 255
329.507 387.638 0 0 0 255
328.208 388.388 0 0 0 255
328.007 387.638 0 0 0 255
329.507 387.638 0 0 0 255
328.007 387.638 0 0 0 255
328.208 386.888 0 0 0 255
329.507 387.638 0 0 0 255
328.208 386.888 0 0 0 255
328.757 386.339 0 0 0 255
329.507 387.638 0 0 0 255
328.757 386.339 0 0 0 255
329.507 386.138 0 0 0 255
329.507 387.638 0 0 0 255
329.507 386.138 0 0 0 255
330.257 386.339 0 0 0 255
329.507 387.638 0 0 0 255
330.257 386.339 0 0 0 255
330.806 386.888 0 0 0 255
329.507 387.638 0 0 0 255
330.806 386.888 0 0 0 255
331.007 387.638 0 0 0 255
328.285 386.768 0 0 0 255
330.729 388.508 0 0 0 255
328.095 387.035 0 0 0 255
330.729 388.508 0 0 0 255
330.538 388.775 0 0 0 255
328.095 387.035 0 0 0 255
329.317 387.905 0 0 0 255
330.817 387.905 0 0 0 255
330.616 388.655 0 0 0 255
329.317 387.905 0 0 0 255
330.616 388.655 0 0 0 255
330.067 389.204 0 0 0 255
329.317 387.905 0 0 0 255
330.067 389.204 0 0 0 255
329.317 389.405 0 0 0 255
329.317 387.905 0 0 0 255
329.317 389.405 0 0 0 255
328.567 389.204 0 0 0 255
329.317 387.905 0 0 0 255
328.567 389.204 0 0 0 255
328.018 388.655 0 0 0 255
329.317 387.905 0 0 0 255
328.018 388.655 0 0 0 255
327.817 387.905 0 0 0 255
329.317 387.905 0 0 0 255
327.817 387.905 0 0 0 255
328.018 387.155 0 0 0 255
329.317 387.905 0 0 0 255
328.018 387.155 0 0 0 255
328.567 386.606 0 0 0 255
329.317 387.905 0 0 0 255
328.567 386.606 0 0 0 255
329.317 386.405 0 0 0 255
329.317 387.905 0 0 0 255
329.317 386.405 0 0 0 255
330.067 386.606 0 0 0 255
329.317 387.905 0 0 0 255
330.067 386.606 0 0 0 255
330.616 387.155 0 0 0 255
329.317 387.905 0 0 0 255
330.616 387.155 0 0 0 255
330.817 387.905 0 0 0 255
328.219 386.882 0 0 0 255
330.414 388.927 0 0 0 255
328.051 387.063 0 0 0 255
330.414 388.927 0 0 0 255
330.246 389.108 0 0 0 255
328.051 387.063 0 0 0 255
329.148 388.085 0 0 0 255
330.648 388.085 0 0 0 255
330.447 388.835 0 0 0 255
329.148 388.085 0 0 0 255
330.447 388.835 0 0 0 255
329.898 389.384 0 0 0 255
329.148 388.085 0 0 0 255
329.898 389.384 0 0 0 255
329.148 389.585 0 0 0 255
329.148 388.085 0 0 0 255
329.148 389.585 0 0 0 255
328.398 389.384 0 0 0 255
329.148 388.085 0 0 0 255
328.398 389.384 0 0 0 255
327.849 388.835 0 0 0 255
329.148 388.085 0 0 0 255
327.849 388.835 0 0 0 255
327.648 388.085 0 0 0 255
329.148 388.085 0 0 0 255
327.648 388.085 0 0 0 255
327.849 387.335 0 0 0 255
329.148 388.085 0 0 0 255
327.849 387.335 0 0 0 255
328.398 386.786 0 0 0 255
329.148 388.085 0 0 0 255
328.398 386.786 0 0 0 255
329.148 386.585 0 0 0 255
329.148 388.085 0 0 0 255
329.148 386.585 0 0 0 255
329.898 386.786 0 0 0 255
329.148 388.085 0 0 0 255
329.898 386.786 0 0 0 255
330.447 387.335 0 0 0 255
329.148 388.085 0 0 0 255
330.447 387.335 0 0 0 255
330.648 388.085 0 0 0 255
328.271 386.868 0 0 0 255
330.026 389.302 0 0 0 255
328.089 387 0 0 0 255
330.026 389.302 0 0 0 255
329.843 389.434 0 0 0 255
328.089 387 0 0 0 255
328.966 388.217 0 0 0 255
330.466 388.217 0 0 0 255
330.265 388.967 0 0 0 255
328.966 388.217 0 0 0 255
330.265 388.967 0 0 0 255
329.716 389.516 0 0 0 255
328.966 388.217 0 0 0 255
329.716 389.516 0 0 0 255
328.966 389.717 0 0 0 255
328.966 388.217 0 0 0 255
328.966 389.717 0 0 0 255
328.216 389.516 0 0 0 255
328.966 388.217 0 0 0 255
328.216 389.516 0 0 0 255
327.667 388.967 0 0 0 255
328.966 388.217 0 0 0 255
327.667 388.967 0 0 0 255
327.466 388.217 0 0 0 255
328.966 388.217 0 0 0 255
327.466 388.217 0 0 0 255
327.667 387.467 0 0 0 255
328.966 388.217 0 0 0 255
327.667 387.467 0 0 0 255
328.216 386.918 0 0 0 255
328.966 388.217 0 0 0 255
328.216 386.918 0 0 0 255
328.966 386.717 0 0 0 255
328.966 388.217 0 0 0 255
328.966 386.717 0 0 0 255
329.716 386.918 0 0 0 255
328.966 388.217 0 0 0 255
329.716 386.918 0 0 0 255
330.265 387.467 0 0 0 255
328.966 388.217 0 0 0 255
330.265 387.467 0 0 0 255
330.466 388.217 0 0 0 255
328.383 386.835 0 0 0 255
329.549 389.599 0 0 0 255
328.185 386.918 0 0 0 255
329.549 389.599 0 0 0 255
329.352 389.682 0 0 0 255
328.185 386.918 0 0 0 255
328.768 388.3 0 0 0 255
330.268 388.3 0 0 0 255
330.068 389.05 0 0 0 255
328.768 388.3 0 0 0 255
330.068 389.05 0 0 0 255
329.518 389.599 0 0 0 255
328.768 388.3 0 0 0 255
329.518 389.599 0 0 0 255
328.768 389.8 0 0 0 255
328.768 388.3 0 0 0 255
328.768 389.8 0 0 0 255
328.018 389.599 0 0 0 255
328.768 388.3 0 0 0 255
328.018 389.599 0 0 0 255
327.469 389.05 0 0 0 255
328.768 388.3 0 0 0 255
327.469 389.05 0 0 0 255
327.268 388.3 0 0 0 255
328.768 388.3 0 0 0 255
327.268 388.3 0 0 0 255
327.469 387.55 0 0 0 255
328.768 388.3 0 0 0 255
327.469 387.55 0 0 0 255
328.018 387.001 0 0 0 255
328.768 388.3 0 0 0 255
328.018 387.001 0 0 0 255
328.768 386.8 0 0 0 255
328.768 388.3 0 0 0 255
328.768 386.8 0 0 0 255
329.518 387.001 0 0 0 255
328.768 388.3 0 0 0 255
329.518 387.001 0 0 0 255
330.068 387.55 0 0 0 255
328.768 388.3 0 0 0 255
330.068 387.55 0 0 0 255
330.268 388.3 0 0 0 255
328.527 386.82 0 0 0 255
329.01 389.781 0 0 0 255
328.315 386.854 0 0 0 255
329.01 389.781 0 0 0 255
328.798 389.815 0 0 0 255
328.315 386.854 0 0 0 255
328.557 388.335 0 0 0 255
330.057 388.335 0 0 0 255
329.856 389.085 0 0 0 255
328.557 388.335 0 0 0 255
329.856 389.085 0 0 0 255
329.307 389.634 0 0 0 255
328.557 388.335 0 0 0 255
329.307 389.634 0 0 0 255
328.557 389.835 0 0 0 255
328.557 388.335 0 0 0 255
328.557 389.835 0 0 0 255
327.807 389.634 0 0 0 255
328.557 388.335 0 0 0 255
327.807 389.634 0 0 0 255
327.258 389.085 0 0 0 255
328.557 388.335 0 0 0 255
327.258 389.085 0 0 0 255
327.057 388.335 0 0 0 255
328.557 388.335 0 0 0 255
327.057 388.335 0 0 0 255
327.258 387.585 0 0 0 255
328.557 388.335 0 0 0 255
327.258 387.585 0 0 0 255
327.807 387.036 0 0 0 255
328.557 388.335 0 0 0 255
327.807 387.036 0 0 0 255
328.557 386.835 0 0 0 255
328.557 388.335 0 0 0 255
328.557 386.835 0 0 0 255
329.307 387.036 0 0 0 255
328.557 388.335 0 0 0 255
329.307 387.036 0 0 0 255
329.856 387.585 0 0 0 255
328.557 388.335 0 0 0 255
329.856 387.585 0 0 0 255
330.057 388.335 0 0 0 255
328.651 386.838 0 0 0 255
328.463 389.832 0 0 0 255
328.424 386.823 0 0 0 255
328.463 389.832 0 0 0 255
328.237 389.818 0 0 0 255
328.424 386.823 0 0 0 255
328.33 388.321 0 0 0 255
329.83 388.321 0 0 0 255
329.629 389.071 0 0 0 255
328.33 388.321 0 0 0 255
329.629 389.071 0 0 0 255
329.08 389.62 0 0 0 255
328.33 388.321 0 0 0 255
329.08 389.62 0 0 0 255
328.33 389.821 0 0 0 255
328.33 388.321 0 0 0 255
328.33 389.821 0 0 0 255
327.58 389.62 0 0 0 255
328.33 388.321 0 0 0 255
327.58 389.62 0 0 0 255
327.031 389.071 0 0 0 255
328.33 388.321 0 0 0 255
327.031 389.071 0 0 0 255
326.83 388.321 0 0 0 255
328.33 388.321 0 0 0 255
326.83 388.321 0 0 0 255
327.031 387.571 0 0 0 255
328.33 388.321 0 0 0 255
327.031 387.571 0 0 0 255
327.58 387.021 0 0 0 255
328.33 388.321 0 0 0 255
327.58 387.021 0 0 0 255
328.33 386.821 0 0 0 255
328.33 388.321 0 0 0 255
328.33 386.821 0 0 0 255
329.08 387.021 0 0 0 255
328.33 388.321 0 0 0 255
329.08 387.021 0 0 0 255
329.629 387.571 0 0 0 255
328.33 388.321 0 0 0 255
329.629 387.571 0 0 0 255
329.83 388.321 0 0 0 255
328.709 386.869 0 0 0 255
327.952 389.772 0 0 0 255
328.468 386.806 0 0 0 255
327.952 389.772 0 0 0 255
327.711 389.709 0 0 0 255
328.468 386.806 0 0 0 255
328.09 388.258 0 0 0 255
329.59 388.258 0 0 0 255
329.389 389.008 0 0 0 255
328.09 388.258 0 0 0 255
329.389 389.008 0 0 0 255
328.84 389.557 0 0 0 255
328.09 388.258 0 0 0 255
328.84 389.557 0 0 0 255
328.09 389.758 0 0 0 255
328.09 388.258 0 0 0 255
328.09 389.758 0 0 0 255
327.34 389.557 0 0 0 255
328.09 388.258 0 0 0 255
327.34 389.557 0 0 0 255
326.791 389.008 0 0 0 255
328.09 388.258 0 0 0 255
326.791 389.008 0 0 0 255
326.59 388.258 0 0 0 255
328.09 388.258 0 0 0 255
326.59 388.258 0 0 0 255
326.791 387.508 0 0 0 255
328.09 388.258 0 0 0 255
326.791 387.508 0 0 0 255
327.34 386.959 0 0 0 255
328.09 388.258 0 0 0 255
327.34 386.959 0 0 0 255
328.09 386.758 0 0 0 255
328.09 388.258 0 0 0 255
328.09 386.758 0 0 0 255
328.84 386.959 0 0 0 255
328.09 388.258 0 0 0 255
328.84 386.959 0 0 0 255
329.389 387.508 0 0 0 255
328.09 388.258 0 0 0 255
329.389 387.508 0 0 0 255
329.59 388.258 0 0 0 255
328.667 386.873 0 0 0 255
327.512 389.642 0 0 0 255
328.43 386.774 0 0 0 255
327.512 389.642 0 0 0 255
327.274 389.543 0 0 0 255
328.43 386.774 0 0 0 255
327.852 388.159 0 0 0 255
329.352 388.159 0 0 0 255
329.151 388.909 0 0 0 255
327.852 388.159 0 0 0 255
329.151 388.909 0 0 0 255
328.602 389.458 0 0 0 255
327.852 388.159 0 0 0 255
328.602 389.458 0 0 0 255
327.852 389.659 0 0 0 255
327.852 388.159 0 0 0 255
327.852 389.659 0 0 0 255
327.102 389.458 0 0 0 255
327.852 388.159 0 0 0 255
327.102 389.458 0 0 0 255
326.553 388.909 0 0 0 255
327.852 388.159 0 0 0 255
326.553 388.909 0 0 0 255
326.352 388.159 0 0 0 255
327.852 388.159 0 0 0 255
326.352 388.159 0 0 0 255
326.553 387.409 0 0 0 255
327.852 388.159 0 0 0 255
326.553 387.409 0 0 0 255
327.102 386.86 0 0 0 255
327.852 388.159 0 0 0 255
327.102 386.86 0 0 0 255
327.852 386.659 0 0 0 255
327.852 388.159 0 0 0 255
327.852 386.659 0 0 0 255
328.602 386.86 0 0 0 255
327.852 388.159 0 0 0 255
328.602 386.86 0 0 0 255
329.151 387.409 0 0 0 255
327.852 388.159 0 0 0 255
329.151 387.409 0 0 0 255
329.352 388.159 0 0 0 255
328.593 386.854 0 0 0 255
327.111 389.463 0 0 0 255
328.376 386.731 0 0 0 255
327.111 389.463 0 0 0 255
326.895 389.34 0 0 0 255
328.376 386.731 0 0 0 255
327.635 388.036 0 0 0 255
329.135 388.036 0 0 0 255
328.935 388.786 0 0 0 255
327.635 388.036 0 0 0 255
328.935 388.786 0 0 0 255
328.385 389.335 0 0 0 255
327.635 388.036 0 0 0 255
328.385 389.335 0 0 0 255
327.635 389.536 0 0 0 255
327.635 388.036 0 0 0 255
327.635 389.536 0 0 0 255
326.885 389.335 0 0 0 255
327.635 388.036 0 0 0 255
326.885 389.335 0 0 0 255
326.336 388.786 0 0 0 255
327.635 388.036 0 0 0 255
326.336 388.786 0 0 0 255
326.135 388.036 0 0 0 255
327.635 388.036 0 0 0 255
326.135 388.036 0 0 0 255
326.336 387.286 0 0 0 255
327.635 388.036 0 0 0 255
326.336 387.286 0 0 0 255
326.885 386.737 0 0 0 255
327.635 388.036 0 0 0 255
326.885 386.737 0 0 0 255
327.635 386.536 0 0 0 255
327.635 388.036 0 0 0 255
327.635 386.536 0 0 0 255
328.385 386.737 0 0 0 255
327.635 388.036 0 0 0 255
328.385 386.737 0 0 0 255
328.935 387.286 0 0 0 255
327.635 388.036 0 0 0 255
328.935 387.286 0 0 0 255
329.135 388.036 0 0 0 255
328.536 386.836 0 0 0 255
326.735 389.235 0 0 0 255
328.34 386.689 0 0 0 255
326.735 389.235 0 0 0 255
326.54 389.089 0 0 0 255
328.34 386.689 0 0 0 255
327.44 387.889 0 0 0 255
328.94 387.889 0 0 0 255
328.739 388.639 0 0 0 255
327.44 387.889 0 0 0 255
328.739 388.639 0 0 0 255
328.19 389.188 0 0 0 255
327.44 387.889 0 0 0 255
328.19 389.188 0 0 0 255
327.44 389.389 0 0 0 255
327.44 387.889 0 0 0 255
327.44 389.389 0 0 0 255
326.69 389.188 0 0 0 255
327.44 387.889 0 0 0 255
326.69 389.188 0 0 0 255
326.141 388.639 0 0 0 255
327.44 387.889 0 0 0 255
326.141 388.639 0 0 0 255
325.94 387.889 0 0 0 255
327.44 387.889 0 0 0 255
325.94 387.889 0 0 0 255
326.141 387.139 0 0 0 255
327.44 387.889 0 0 0 255
326.141 387.139 0 0 0 255
326.69 386.59 0 0 0 255
327.44 387.889 0 0 0 255
326.69 386.59 0 0 0 255
327.44 386.389 0 0 0 255
327.44 387.889 0 0 0 255
327.44 386.389 0 0 0 255
328.19 386.59 0 0 0 255
327.44 387.889 0 0 0 255
328.19 386.59 0 0 0 255
328.739 387.139 0 0 0 255
327.44 387.889 0 0 0 255
328.739 387.139 0 0 0 255
328.94 387.889 0 0 0 255
328.489 386.816 0 0 0 255
326.391 388.962 0 0 0 255
328.314 386.646 0 0 0 255
326.391 388.962 0 0 0 255
326.217 388.791 0 0 0 255
328.314 386.646 0 0 0 255
327.266 387.718 0 0 0 255
328.766 387.718 0 0 0 255
328.565 388.468 0 0 0 255
327.266 387.718 0 0 0 255
328.565 388.468 0 0 0 255
328.016 389.017 0 0 0 255
327.266 387.718 0 0 0 255
328.016 389.017 0 0 0 255
327.266 389.218 0 0 0 255
327.266 387.718 0 0 0 255
327.266 389.218 0 0 0 255
326.516 389.017 0 0 0 255
327.266 387.718 0 0 0 255
326.516 389.017 0 0 0 255
325.966 388.468 0 0 0 255
327.266 387.718 0 0 0 255
325.966 388.468 0 0 0 255
325.766 387.718 0 0 0 255
327.266 387.718 0 0 0 255
325.766 387.718 0 0 0 255
325.966 386.968 0 0 0 255
327.266 387.718 0 0 0 255
325.966 386.968 0 0 0 255
326.516 386.419 0 0 0 255
327.266 387.718 0 0 0 255
326.516 386.419 0 0 0 255
327.266 386.218 0 0 0 255
327.266 387.718 0 0 0 255
327.266 386.218 0 0 0 255
328.016 386.419 0 0 0 255
327.266 387.718 0 0 0 255
328.016 386.419 0 0 0 255
328.565 386.968 0 0 0 255
327.266 387.718 0 0 0 255
328.565 386.968 0 0 0 255
328.766 387.718 0 0 0 255
328.443 386.789 0 0 0 255
326.088 388.648 0 0 0 255
328.29 386.595 0 0 0 255
326.088 388.648 0 0 0 255
325.935 388.453 0 0 0 255
328.29 386.595 0 0 0 255
327.112 387.524 0 0 0 255
328.612 387.524 0 0 0 255
328.411 388.274 0 0 0 255
327.112 387.524 0 0 0 255
328.411 388.274 0 0 0 255
327.862 388.823 0 0 0 255
327.112 387.524 0 0 0 255
327.862 388.823 0 0 0 255
327.112 389.024 0 0 0 255
327.112 387.524 0 0 0 255
327.112 389.024 0 0 0 255
326.362 388.823 0 0 0 255
327.112 387.524 0 0 0 255
326.362 388.823 0 0 0 255
325.813 388.274 0 0 0 255
327.112 387.524 0 0 0 255
325.813 388.274 0 0 0 255
325.612 387.524 0 0 0 255
327.112 387.524 0 0 0 255
325.612 387.524 0 0 0 255
325.813 386.774 0 0 0 255
327.112 387.524 0 0 0 255
325.813 386.774 0 0 0 255
326.362 386.225 0 0 0 255
327.112 387.524 0 0 0 255
326.362 386.225 0 0 0 255
327.112 386.024 0 0 0 255
327.112 387.524 0 0 0 255
327.112 386.024 0 0 0 255
327.862 386.225 0 0 0 255
327.112 387.524 0 0 0 255
327.862 386.225 0 0 0 255
328.411 386.774 0 0 0 255
327.112 387.524 0 0 0 255
328.411 386.774 0 0 0 255
328.612 387.524 0 0 0 255
328.394 386.746 0 0 0 255
325.83 388.302 0 0 0 255
328.262 386.527 0 0 0 255
325.83 388.302 0 0 0 255
325.697 388.084 0 0 0 255
328.262 386.527 0 0 0 255
326.98 387.306 0 0 0 255
328.48 387.306 0 0 0 255
328.279 388.056 0 0 0 255
326.98 387.306 0 0 0 255
328.279 388.056 0 0 0 255
327.73 388.605 0 0 0 255
326.98 387.306 0 0 0 255
327.73 388.605 0 0 0 255
326.98 388.806 0 0 0 255
326.98 387.306 0 0 0 255
326.98 388.806 0 0 0 255
326.23 388.605 0 0 0 255
326.98 387.306 0 0 0 255
326.23 388.605 0 0 0 255
325.681 388.056 0 0 0 255
326.98 387.306 0 0 0 255
325.681 388.056 0 0 0 255
325.48 387.306 0 0 0 255
326.98 387.306 0 0 0 255
325.48 387.306 0 0 0 255
325.681 386.556 0 0 0 255
326.98 387.306 0 0 0 255
325.681 386.556 0 0 0 255
326.23 386.007 0 0 0 255
326.98 387.306 0 0 0 255
326.23 386.007 0 0 0 255
326.98 385.806 0 0 0 255
326.98 387.306 0 0 0 255
326.98 385.806 0 0 0 255
327.73 386.007 0 0 0 255
326.98 387.306 0 0 0 255
327.73 386.007 0 0 0 255
328.279 386.556 0 0 0 255
326.98 387.306 0 0 0 255
328.279 386.556 0 0 0 255
328.48 387.306 0 0 0 255
328.335 386.664 0 0 0 255
325.624 387.947 0 0 0 255
328.204 386.387 0 0 0 255
325.624 387.947 0 0 0 255
325.493 387.671 0 0 0 255
328.204 386.387 0 0 0 255
326.849 387.029 0 0 0 255
328.349 387.029 0 0 0 255
328.148 387.779 0 0 0 255
326.849 387.029 0 0 0 255
328.148 387.779 0 0 0 255
327.599 388.328 0 0 0 255
326.849 387.029 0 0 0 255
327.599 388.328 0 0 0 255
326.849 388.529 0 0 0 255
326.849 387.029 0 0 0 255
326.849 388.529 0 0 0 255
326.099 388.328 0 0 0 255
326.849 387.029 0 0 0 255
326.099 388.328 0 0 0 255
325.549 387.779 0 0 0 255
326.849 387.029 0 0 0 255
325.549 387.779 0 0 0 255
325.349 387.029 0 0 0 255
326.849 387.029 0 0 0 255
325.349 387.029 0 0 0 255
325.549 386.279 0 0 0 255
326.849 387.029 0 0 0 255
325.549 386.279 0 0 0 255
326.099 385.73 0 0 0 255
326.849 387.029 0 0 0 255
326.099 385.73 0 0 0 255
326.849 385.529 0 0 0 255
326.849 387.029 0 0 0 255
326.849 385.529 0 0 0 255
327.599 385.73 0 0 0 255
326.849 387.029 0 0 0 255
327.599 385.73 0 0 0 255
328.148 386.279 0 0 0 255
326.849 387.029 0 0 0 255
328.148 386.279 0 0 0 255
328.349 387.029 0 0 0 255
328.24 386.468 0 0 0 255
325.457 387.59 0 0 0 255
328.09 386.097 0 0 0 255
325.457 387.59 0 0 0 255
325.308 387.219 0 0 0 255
328.09 386.097 0 0 0 255
326.699 386.658 0 0 0 255
328.199 386.658 0 0 0 255
327.998 387.408 0 0 0 255
326.699 386.658 0 0 0 255
327.998 387.408 0 0 0 255
327.449 387.957 0 0 0 255
326.699 386.658 0 0 0 255
327.449 387.957 0 0 0 255
326.699 388.158 0 0 0 255
326.699 386.658 0 0 0 255
326.699 388.158 0 0 0 255
325.949 387.957 0 0 0 255
326.699 386.658 0 0 0 255
325.949 387.957 0 0 0 255
325.4 387.408 0 0 0 255
326.699 386.658 0 0 0 255
325.4 387.408 0 0 0 255
325.199 386.658 0 0 0 255
326.699 386.658 0 0 0 255
325.199 386.658 0 0 0 255
325.4 385.908 0 0 0 255
326.699 386.658 0 0 0 255
325.4 385.908 0 0 0 255
325.949 385.359 0 0 0 255
326.699 386.658 0 0 0 255
325.949 385.359 0 0 0 255
326.699 385.158 0 0 0 255
326.699 386.658 0 0 0 255
326.699 385.158 0 0 0 255
327.449 385.359 0 0 0 255
326.699 386.658 0 0 0 255
327.449 385.359 0 0 0 255
327.998 385.908 0 0 0 255
326.699 386.658 0 0 0 255
327.998 385.908 0 0 0 255
328.199 386.658 0 0 0 255
328.11 386.149 0 0 0 255
325.288 387.168 0 0 0 255
327.942 385.685 0 0 0 255
325.288 387.168 0 0 0 255
325.121 386.704 0 0 0 255
327.942 385.685 0 0 0 255
326.532 386.195 0 0 0 255
328.032 386.195 0 0 0 255
327.831 386.945 0 0 0 255
326.532 386.195 0 0 0 255
327.831 386.945 0 0 0 255
327.282 387.494 0 0 0 255
326.532 386.195 0 0 0 255
327.282 387.494 0 0 0 255
326.532 387.695 0 0 0 255
326.532 386.195 0 0 0 255
326.532 387.695 0 0 0 255
325.782 387.494 0 0 0 255
326.532 386.195 0 0 0 255
325.782 387.494 0 0 0 255
325.233 386.945 0 0 0 255
326.532 386.195 0 0 0 255
325.233 386.945 0 0 0 255
325.032 386.195 0 0 0 255
326.532 386.195 0 0 0 255
325.032 386.195 0 0 0 255
325.233 385.445 0 0 0 255
326.532 386.195 0 0 0 255
325.233 385.445 0 0 0 255
325.782 384.896 0 0 0 255
326.532 386.195 0 0 0 255
325.782 384.896 0 0 0 255
326.532 384.695 0 0 0 255
326.532 386.195 0 0 0 255
326.532 384.695 0 0 0 255
327.282 384.896 0 0 0 255
326.532 386.195 0 0 0 255
327.282 384.896 0 0 0 255
327.831 385.445 0 0 0 255
326.532 386.195 0 0 0 255
327.831 385.445 0 0 0 255
328.032 386.195 0 0 0 255
327.955 385.72 0 0 0 255
325.109 386.669 0 0 0 255
327.769 385.163 0 0 0 255
325.109 386.669 0 0 0 255
324.923 386.112 0 0 0 255
327.769 385.163 0 0 0 255
326.346 385.637 0 0 0 255
327.846 385.637 0 0 0 255
327.645 386.387 0 0 0 255
326.346 385.637 0 0 0 255
327.645 386.387 0 0 0 255
327.096 386.936 0 0 0 255
326.346 385.637 0 0 0 255
327.096 386.936 0 0 0 255
326.346 387.137 0 0 0 255
326.346 385.637 0 0 0 255
326.346 387.137 0 0 0 255
325.596 386.936 0 0 0 255
326.346 385.637 0 0 0 255
325.596 386.936 0 0 0 255
325.047 386.387 0 0 0 255
326.346 385.637 0 0 0 255
325.047 386.387 0 0 0 255
324.846 385.637 0 0 0 255
326.346 385.637 0 0 0 255
324.846 385.637 0 0 0 255
325.047 384.887 0 0 0 255
326.346 385.637 0 0 0 255
325.047 384.887 0 0 0 255
325.596 384.338 0 0 0 255
326.346 385.637 0 0 0 255
325.596 384.338 0 0 0 255
326.346 384.137 0 0 0 255
326.346 385.637 0 0 0 255
326.346 384.137 0 0 0 255
327.096 384.338 0 0 0 255
326.346 385.637 0 0 0 255
327.096 384.338 0 0 0 255
327.645 384.887 0 0 0 255
326.346 385.637 0 0 0 255
327.645 384.887 0 0 0 255
327.846 385.637 0 0 0 255
327.777 385.188 0 0 0 255
324.915 386.086 0 0 0 255
327.573 384.537 0 0 0 255
324.915 386.086 0 0 0 255
324.71 385.436 0 0 0 255
327.573 384.537 0 0 0 255
326.141 384.987 0 0 0 255
327.641 384.987 0 0 0 255
327.441 385.737 0 0 0 255
326.141 384.987 0 0 0 255
327.441 385.737 0 0 0 255
326.891 386.286 0 0 0 255
326.141 384.987 0 0 0 255
326.891 386.286 0 0 0 255
326.141 386.487 0 0 0 255
326.141 384.987 0 0 0 255
326.141 386.487 0 0 0 255
325.391 386.286 0 0 0 255
326.141 384.987 0 0 0 255
325.391 386.286 0 0 0 255
324.842 385.737 0 0 0 255
326.141 384.987 0 0 0 255
324.842 385.737 0 0 0 255
324.641 384.987 0 0 0 255
326.141 384.987 0 0 0 255
324.641 384.987 0 0 0 255
324.842 384.237 0 0 0 255
326.141 384.987 0 0 0 255
324.842 384.237 0 0 0 255
325.391 383.687 0 0 0 255
326.141 384.987 0 0 0 255
325.391 383.687 0 0 0 255
326.141 383.487 0 0 0 255
326.141 384.987 0 0 0 255
326.141 383.487 0 0 0 255
326.891 383.687 0 0 0 255
326.141 384.987 0 0 0 255
326.891 383.687 0 0 0 255
327.441 384.237 0 0 0 255
326.141 384.987 0 0 0 255
327.441 384.237 0 0 0 255
327.641 384.987 0 0 0 255
327.579 384.557 0 0 0 255
324.704 385.416 0 0 0 255
327.356 383.813 0 0 0 255
324.704 385.416 0 0 0 255
324.482 384.672 0 0 0 255
327.356 383.813 0 0 0 255
325.919 384.242 0 0 0 255
327.419 384.242 0 0 0 255
327.218 384.992 0 0 0 255
325.919 384.242 0 0 0 255
327.218 384.992 0 0 0 255
326.669 385.541 0 0 0 255
325.919 384.242 0 0 0 255
326.669 385.541 0 0 0 255
325.919 385.742 0 0 0 255
325.919 384.242 0 0 0 255
325.919 385.742 0 0 0 255
325.169 385.541 0 0 0 255
325.919 384.242 0 0 0 255
325.169 385.541 0 0 0 255
324.62 384.992 0 0 0 255
325.919 384.242 0 0 0 255
324.62 384.992 0 0 0 255
324.419 384.242 0 0 0 255
325.919 384.242 0 0 0 255
324.419 384.242 0 0 0 255
324.62 383.492 0 0 0 255
325.919 384.242 0 0 0 255
324.62 383.492 0 0 0 255
325.169 382.943 0 0 0 255
325.919 384.242 0 0 0 255
325.169 382.943 0 0 0 255
325.919 382.742 0 0 0 255
325.919 384.242 0 0 0 255
325.919 382.742 0 0 0 255
326.669 382.943 0 0 0 255
325.919 384.242 0 0 0 255
326.669 382.943 0 0 0 255
327.218 383.492 0 0 0 255
325.919 384.242 0 0 0 255
327.218 383.492 0 0 0 255
327.419 384.242 0 0 0 255
327.356 383.811 0 0 0 255
324.482 384.674 0 0 0 255
327.114 383.006 0 0 0 255
324.482 384.674 0 0 0 255
324.241 383.869 0 0 0 255
327.114 383.006 0 0 0 255
325.677 383.438 0 0 0 255
327.177 383.438 0 0 0 255
326.976 384.188 0 0 0 255
325.677 383.438 0 0 0 255
326.976 384.188 0 0 0 255
326.427 384.737 0 0 0 255
325.677 383.438 0 0 0 255
326.427 384.737 0 0 0 255
325.677 384.938 0 0 0 255
325.677 383.438 0 0 0 255
325.677 384.938 0 0 0 255
324.927 384.737 0 0 0 255
325.677 383.438 0 0 0 255
324.927 384.737 0 0 0 255
324.378 384.188 0 0 0 255
325.677 383.438 0 0 0 255
324.378 384.188 0 0 0 255
324.177 383.438 0 0 0 255
325.677 383.438 0 0 0 255
324.177 383.438 0 0 0 255
324.378 382.688 0 0 0 255
325.677 383.438 0 0 0 255
324.378 382.688 0 0 0 255
324.927 382.139 0 0 0 255
325.677 383.438 0 0 0 255
324.927 382.139 0 0 0 255
325.677 381.938 0 0 0 255
325.677 383.438 0 0 0 255
325.677 381.938 0 0 0 255
326.427 382.139 0 0 0 255
325.677 383.438 0 0 0 255
326.427 382.139 0 0 0 255
326.976 382.688 0 0 0 255
325.677 383.438 0 0 0 255
326.976 382.688 0 0 0 255
327.177 383.438 0 0 0 255
327.108 382.988 0 0 0 255
324.246 383.888 0 0 0 255
326.846 382.155 0 0 0 255
324.246 383.888 0 0 0 255
323.985 383.055 0 0 0 255
326.846 382.155 0 0 0 255
325.416 382.605 0 0 0 255
326.916 382.605 0 0 0 255
326.715 383.355 0 0 0 255
325.416 382.605 0 0 0 255
326.715 383.355 0 0 0 255
326.166 383.904 0 0 0 255
325.416 382.605 0 0 0 255
326.166 383.904 0 0 0 255
325.416 384.105 0 0 0 255
325.416 382.605 0 0 0 255
325.416 384.105 0 0 0 255
324.666 383.904 0 0 0 255
325.416 382.605 0 0 0 255
324.666 383.904 0 0 0 255
324.117 383.355 0 0 0 255
325.416 382.605 0 0 0 255
324.117 383.355 0 0 0 255
323.916 382.605 0 0 0 255
325.416 382.605 0 0 0 255
323.916 382.605 0 0 0 255
324.117 381.855 0 0 0 255
325.416 382.605 0 0 0 255
324.117 381.855 0 0 0 255
324.666 381.306 0 0 0 255
325.416 382.605 0 0 0 255
324.666 381.306 0 0 0 255
325.416 381.105 0 0 0 255
325.416 382.605 0 0 0 255
325.416 381.105 0 0 0 255
326.166 381.306 0 0 0 255
325.416 382.605 0 0 0 255
326.166 381.306 0 0 0 255
326.715 381.855 0 0 0 255
325.416 382.605 0 0 0 255
326.715 381.855 0 0 0 255
326.916 382.605 0 0 0 255
326.841 382.138 0 0 0 255
323.99 383.072 0 0 0 255
326.559 381.278 0 0 0 255
323.99 383.072 0 0 0 255
323.708 382.212 0 0 0 255
326.559 381.278 0 0 0 255
325.134 381.745 0 0 0 255
326.634 381.745 0 0 0 255
326.433 382.495 0 0 0 255
325.134 381.745 0 0 0 255
326.433 382.495 0 0 0 255
325.884 383.044 0 0 0 255
325.134 381.745 0 0 0 255
325.884 383.044 0 0 0 255
325.134 383.245 0 0 0 255
325.134 381.745 0 0 0 255
325.134 383.245 0 0 0 255
324.384 383.044 0 0 0 255
325.134 381.745 0 0 0 255
324.384 383.044 0 0 0 255
323.835 382.495 0 0 0 255
325.134 381.745 0 0 0 255
323.835 382.495 0 0 0 255
323.634 381.745 0 0 0 255
325.134 381.745 0 0 0 255
323.634 381.745 0 0 0 255
323.835 380.995 0 0 0 255
325.134 381.745 0 0 0 255
323.835 380.995 0 0 0 255
324.384 380.446 0 0 0 255
325.134 381.745 0 0 0 255
324.384 380.446 0 0 0 255
325.134 380.245 0 0 0 255
325.134 381.745 0 0 0 255
325.134 380.245 0 0 0 255
325.884 380.446 0 0 0 255
325.134 381.745 0 0 0 255
325.884 380.446 0 0 0 255
326.433 380.995 0 0 0 255
325.134 381.745 0 0 0 255
326.433 380.995 0 0 0 255
326.634 381.745 0 0 0 255
326.554 381.262 0 0 0 255
323.714 382.228 0 0 0 255
326.252 380.374 0 0 0 255
323.714 382.228 0 0 0 255
323.412 381.341 0 0 0 255
326.252 380.374 0 0 0 255
324.832 380.858 0 0 0 255
326.332 380.858 0 0 0 255
326.131 381.608 0 0 0 255
324.832 380.858 0 0 0 255
326.131 381.608 0 0 0 255
325.582 382.157 0 0 0 255
324.832 380.858 0 0 0 255
325.582 382.157 0 0 0 255
324.832 382.358 0 0 0 255
324.832 380.858 0 0 0 255
324.832 382.358 0 0 0 255
324.082 382.157 0 0 0 255
324.832 380.858 0 0 0 255
324.082 382.157 0 0 0 255
323.533 381.608 0 0 0 255
324.832 380.858 0 0 0 255
323.533 381.608 0 0 0 255
323.332 380.858 0 0 0 255
324.832 380.858 0 0 0 255
323.332 380.858 0 0 0 255
323.533 380.108 0 0 0 255
324.832 380.858 0 0 0 255
323.533 380.108 0 0 0 255
324.082 379.559 0 0 0 255
324.832 380.858 0 0 0 255
324.082 379.559 0 0 0 255
324.832 379.358 0 0 0 255
324.832 380.858 0 0 0 255
324.832 379.358 0 0 0 255
325.582 379.559 0 0 0 255
324.832 380.858 0 0 0 255
325.582 379.559 0 0 0 255
326.131 380.108 0 0 0 255
324.832 380.858 0 0 0 255
326.131 380.108 0 0 0 255
326.332 380.858 0 0 0 255
326.247 380.36 0 0 0 255
323.417 381.355 0 0 0 255
325.925 379.444 0 0 0 255
323.417 381.355 0 0 0 255
323.095 380.44 0 0 0 255
325.925 379.444 0 0 0 255
324.51 379.942 0 0 0 255
326.01 379.942 0 0 0 255
325.809 380.692 0 0 0 255
324.51 379.942 0 0 0 255
325.809 380.692 0 0 0 255
325.26 381.241 0 0 0 255
324.51 379.942 0 0 0 255
325.26 381.241 0 0 0 255
324.51 381.442 0 0 0 255
324.51 379.942 0 0 0 255
324.51 381.442 0 0 0 255
323.76 381.241 0 0 0 255
324.51 379.942 0 0 0 255
323.76 381.241 0 0 0 255
323.211 380.692 0 0 0 255
324.51 379.942 0 0 0 255
323.211 380.692 0 0 0 255
323.01 379.942 0 0 0 255
324.51 379.942 0 0 0 255
323.01 379.942 0 0 0 255
323.211 379.192 0 0 0 255
324.51 379.942 0 0 0 255
323.211 379.192 0 0 0 255
323.76 378.643 0 0 0 255
324.51 379.942 0 0 0 255
323.76 378.643 0 0 0 255
324.51 378.442 0 0 0 255
324.51 379.942 0 0 0 255
324.51 378.442 0 0 0 255
325.26 378.643 0 0 0 255
324.51 379.942 0 0 0 255
325.26 378.643 0 0 0 255
325.809 379.192 0 0 0 255
324.51 379.942 0 0 0 255
325.809 379.192 0 0 0 255
326.01 379.942 0 0 0 255
325.92 379.43 0 0 0 255
323.1 380.454 0 0 0 255
325.577 378.488 0 0 0 255
323.1 380.454 0 0 0 255
322.757 379.511 0 0 0 255
325.577 378.488 0 0 0 255
324.167 378.999 0 0 0 255
325.667 378.999 0 0 0 255
325.466 379.749 0 0 0 255
324.167 378.999 0 0 0 255
325.466 379.749 0 0 0 255
324.917 380.298 0 0 0 255
324.167 378.999 0 0 0 255
324.917 380.298 0 0 0 255
324.167 380.499 0 0 0 255
324.167 378.999 0 0 0 255
324.167 380.499 0 0 0 255
323.417 380.298 0 0 0 255
324.167 378.999 0 0 0 255
323.417 380.298 0 0 0 255
322.868 379.749 0 0 0 255
324.167 378.999 0 0 0 255
322.868 379.749 0 0 0 255
322.667 378.999 0 0 0 255
324.167 378.999 0 0 0 255
322.667 378.999 0 0 0 255
322.868 378.249 0 0 0 255
324.167 378.999 0 0 0 255
322.868 378.249 0 0 0 255
323.417 377.7 0 0 0 255
324.167 378.999 0 0 0 255
323.417 377.7 0 0 0 255
324.167 377.499 0 0 0 255
324.167 378.999 0 0 0 255
324.167 377.499 0 0 0 255
324.917 377.7 0 0 0 255
324.167 378.999 0 0 0 255
324.917 377.7 0 0 0 255
325.466 378.249 0 0 0 255
324.167 378.999 0 0 0 255
325.466 378.249 0 0 0 255
325.667 378.999 0 0 0 255
325.56 378.441 0 0 0 255
322.775 379.558 0 0 0 255
325.179 377.492 0 0 0 255
322.775 379.558 0 0 0 255
322.395 378.609 0 0 0 255
325.179 377.492 0 0 0 255
323.787 378.05 0 0 0 255
325.287 378.05 0 0 0 255
325.086 378.8 0 0 0 255
323.787 378.05 0 0 0 255
325.086 378.8 0 0 0 255
324.537 379.349 0 0 0 255
323.787 378.05 0 0 0 255
324.537 379.349 0 0 0 255
323.787 379.55 0 0 0 255
323.787 378.05 0 0 0 255
323.787 379.55 0 0 0 255
323.037 379.349 0 0 0 255
323.787 378.05 0 0 0 255
323.037 379.349 0 0 0 255
322.488 378.8 0 0 0 255
323.787 378.05 0 0 0 255
322.488 378.8 0 0 0 255
322.287 378.05 0 0 0 255
323.787 378.05 0 0 0 255
322.287 378.05 0 0 0 255
322.488 377.3 0 0 0 255
323.787 378.05 0 0 0 255
322.488 377.3 0 0 0 255
323.037 376.751 0 0 0 255
323.787 378.05 0 0 0 255
323.037 376.751 0 0 0 255
323.787 376.55 0 0 0 255
323.787 378.05 0 0 0 255
323.787 376.55 0 0 0 255
324.537 376.751 0 0 0 255
323.787 378.05 0 0 0 255
324.537 376.751 0 0 0 255
325.086 377.3 0 0 0 255
323.787 378.05 0 0 0 255
325.086 377.3 0 0 0 255
325.287 378.05 0 0 0 255
325.145 377.414 0 0 0 255
322.429 378.687 0 0 0 255
324.707 376.48 0 0 0 255
322.429 378.687 0 0 0 255
321.991 377.754 0 0 0 255
324.707 376.48 0 0 0 255
323.349 377.117 0 0 0 255
324.849 377.117 0 0 0 255
324.648 377.867 0 0 0 255
323.349 377.117 0 0 0 255
324.648 377.867 0 0 0 255
324.099 378.416 0 0 0 255
323.349 377.117 0 0 0 255
324.099 378.416 0 0 0 255
323.349 378.617 0 0 0 255
323.349 377.117 0 0 0 255
323.349 378.617 0 0 0 255
322.599 378.416 0 0 0 255
323.349 377.117 0 0 0 255
322.599 378.416 0 0 0 255
322.05 377.867 0 0 0 255
323.349 377.117 0 0 0 255
322.05 377.867 0 0 0 255
321.849 377.117 0 0 0 255
323.349 377.117 0 0 0 255
321.849 377.117 0 0 0 255
322.05 376.367 0 0 0 255
323.349 377.117 0 0 0 255
322.05 376.367 0 0 0 255
322.599 375.818 0 0 0 255
323.349 377.117 0 0 0 255
322.599 375.818 0 0 0 255
323.349 375.617 0 0 0 255
323.349 377.117 0 0 0 255
323.349 375.617 0 0 0 255
324.099 375.818 0 0 0 255
323.349 377.117 0 0 0 255
324.099 375.818 0 0 0 255
324.648 376.367 0 0 0 255
323.349 377.117 0 0 0 255
324.648 376.367 0 0 0 255
324.849 377.117 0 0 0 255
324.67 376.406 0 0 0 255
322.029 377.828 0 0 0 255
324.175 375.488 0 0 0 255
322.029 377.828 0 0 0 255
321.534 376.91 0 0 0 255
324.175 375.488 0 0 0 255
322.855 376.199 0 0 0 255
324.355 376.199 0 0 0 255
324.154 376.949 0 0 0 255
322.855 376.199 0 0 0 255
324.154 376.949 0 0 0 255
323.605 377.498 0 0 0 255
322.855 376.199 0 0 0 255
323.605 377.498 0 0 0 255
322.855 377.699 0 0 0 255
322.855 376.199 0 0 0 255
322.855 377.699 0 0 0 255
322.105 377.498 0 0 0 255
322.855 376.199 0 0 0 255
322.105 377.498 0 0 0 255
321.556 376.949 0 0 0 255
322.855 376.199 0 0 0 255
321.556 376.949 0 0 0 255
321.355 376.199 0 0 0 255
322.855 376.199 0 0 0 255
321.355 376.199 0 0 0 255
321.556 375.449 0 0 0 255
322.855 376.199 0 0 0 255
321.556 375.449 0 0 0 255
322.105 374.9 0 0 0 255
322.855 376.199 0 0 0 255
322.105 374.9 0 0 0 255
322.855 374.699 0 0 0 255
322.855 376.199 0 0 0 255
322.855 374.699 0 0 0 255
323.605 374.9 0 0 0 255
322.855 376.199 0 0 0 255
323.605 374.9 0 0 0 255
324.154 375.449 0 0 0 255
322.855 376.199 0 0 0 255
324.154 375.449 0 0 0 255
324.355 376.199 0 0 0 255
324.135 375.417 0 0 0 255
321.575 376.981 0 0 0 255
323.583 374.515 0 0 0 255
321.575 376.981 0 0 0 255
321.023 376.079 0 0 0 255
323.583 374.515 0 0 0 255
322.303 375.297 0 0 0 255
323.803 375.297 0 0 0 255
323.603 376.047 0 0 0 255
322.303 375.297 0 0 0 255
323.603 376.047 0 0 0 255
323.053 376.596 0 0 0 255
322.303 375.297 0 0 0 255
323.053 376.596 0 0 0 255
322.303 376.797 0 0 0 255
322.303 375.297 0 0 0 255
322.303 376.797 0 0 0 255
321.553 376.596 0 0 0 255
322.303 375.297 0 0 0 255
321.553 376.596 0 0 0 255
321.004 376.047 0 0 0 255
322.303 375.297 0 0 0 255
321.004 376.047 0 0 0 255
320.803 375.297 0 0 0 255
322.303 375.297 0 0 0 255
320.803 375.297 0 0 0 255
321.004 374.547 0 0 0 255
322.303 375.297 0 0 0 255
321.004 374.547 0 0 0 255
321.553 373.998 0 0 0 255
322.303 375.297 0 0 0 255
321.553 373.998 0 0 0 255
322.303 373.797 0 0 0 255
322.303 375.297 0 0 0 255
322.303 373.797 0 0 0 255
323.053 373.998 0 0 0 255
322.303 375.297 0 0 0 255
323.053 373.998 0 0 0 255
323.603 374.547 0 0 0 255
322.303 375.297 0 0 0 255
323.603 374.547 0 0 0 255
323.803 375.297 0 0 0 255
323.541 374.448 0 0 0 255
321.066 376.145 0 0 0 255
322.932 373.562 0 0 0 255
321.066 376.145 0 0 0 255
320.458 375.258 0 0 0 255
322.932 373.562 0 0 0 255
321.695 374.41 0 0 0 255
323.195 374.41 0 0 0 255
322.994 375.16 0 0 0 255
321.695 374.41 0 0 0 255
322.994 375.16 0 0 0 255
322.445 375.709 0 0 0 255
321.695 374.41 0 0 0 255
322.445 375.709 0 0 0 255
321.695 375.91 0 0 0 255
321.695 374.41 0 0 0 255
321.695 375.91 0 0 0 255
320.945 375.709 0 0 0 255
321.695 374.41 0 0 0 255
320.945 375.709 0 0 0 255
320.396 375.16 0 0 0 255
321.695 374.41 0 0 0 255
320.396 375.16 0 0 0 255
320.195 374.41 0 0 0 255
321.695 374.41 0 0 0 255
320.195 374.41 0 0 0 255
320.396 373.66 0 0 0 255
321.695 374.41 0 0 0 255
320.396 373.66 0 0 0 255
320.945 373.111 0 0 0 255
321.695 374.41 0 0 0 255
320.945 373.111 0 0 0 255
321.695 372.91 0 0 0 255
321.695 374.41 0 0 0 255
321.695 372.91 0 0 0 255
322.445 373.111 0 0 0 255
321.695 374.41 0 0 0 255
322.445 373.111 0 0 0 255
322.994 373.66 0 0 0 255
321.695 374.41 0 0 0 255
322.994 373.66 0 0 0 255
323.195 374.41 0 0 0 255
322.888 373.5 0 0 0 255
320.503 375.32 0 0 0 255
322.223 372.628 0 0 0 255
320.503 375.32 0 0 0 255
319.838 374.448 0 0 0 255
322.223 372.628 0 0 0 255
321.03 373.538 0 0 0 255
322.53 373.538 0 0 0 255
322.329 374.288 0 0 0 255
321.03 373.538 0 0 0 255
322.329 374.288 0 0 0 255
321.78 374.837 0 0 0 255
321.03 373.538 0 0 0 255
321.78 374.837 0 0 0 255
321.03 375.038 0 0 0 255
321.03 373.538 0 0 0 255
321.03 375.038 0 0 0 255
320.28 374.837 0 0 0 255
321.03 373.538 0 0 0 255
320.28 374.837 0 0 0 255
319.731 374.288 0 0 0 255
321.03 373.538 0 0 0 255
319.731 374.288 0 0 0 255
319.53 373.538 0 0 0 255
321.03 373.538 0 0 0 255
319.53 373.538 0 0 0 255
319.731 372.788 0 0 0 255
321.03 373.538 0 0 0 255
319.731 372.788 0 0 0 255
320.28 372.239 0 0 0 255
321.03 373.538 0 0 0 255
320.28 372.239 0 0 0 255
321.03 372.038 0 0 0 255
321.03 373.538 0 0 0 255
321.03 372.038 0 0 0 255
321.78 372.239 0 0 0 255
321.03 373.538 0 0 0 255
321.78 372.239 0 0 0 255
322.329 372.788 0 0 0 255
321.03 373.538 0 0 0 255
322.329 372.788 0 0 0 255
322.53 373.538 0 0 0 255
322.179 372.573 0 0 0 255
319.882 374.504 0 0 0 255
321.446 371.701 0 0 0 255
319.882 374.504 0 0 0 255
319.149 373.632 0 0 0 255
321.446 371.701 0 0 0 255
320.297 372.667 0 0 0 255
321.797 372.667 0 0 0 255
321.597 373.417 0 0 0 255
320.297 372.667 0 0 0 255
321.597 373.417 0 0 0 255
321.047 373.966 0 0 0 255
320.297 372.667 0 0 0 255
321.047 373.966 0 0 0 255
320.297 374.167 0 0 0 255
320.297 372.667 0 0 0 255
320.297 374.167 0 0 0 255
319.547 373.966 0 0 0 255
320.297 372.667 0 0 0 255
319.547 373.966 0 0 0 255
318.998 373.417 0 0 0 255
320.297 372.667 0 0 0 255
318.998 373.417 0 0 0 255
318.797 372.667 0 0 0 255
320.297 372.667 0 0 0 255
318.797 372.667 0 0 0 255
318.998 371.917 0 0 0 255
320.297 372.667 0 0 0 255
318.998 371.917 0 0 0 255
319.547 371.367 0 0 0 255
320.297 372.667 0 0 0 255
319.547 371.367 0 0 0 255
320.297 371.167 0 0 0 255
320.297 372.667 0 0 0 255
320.297 371.167 0 0 0 255
321.047 371.367 0 0 0 255
320.297 372.667 0 0 0 255
321.047 371.367 0 0 0 255
321.597 371.917 0 0 0 255
320.297 372.667 0 0 0 255
321.597 371.917 0 0 0 255
321.797 372.667 0 0 0 255
321.405 371.655 0 0 0 255
319.19 373.678 0 0 0 255
320.593 370.766 0 0 0 255
319.19 373.678 0 0 0 255
318.378 372.789 0 0 0 255
320.593 370.766 0 0 0 255
319.486 371.778 0 0 0 255
320.986 371.778 0 0 0 255
320.785 372.528 0 0 0 255
319.486 371.778 0 0 0 255
320.785 372.528 0 0 0 255
320.236 373.077 0 0 0 255
319.486 371.778 0 0 0 255
320.236 373.077 0 0 0 255
319.486 373.278 0 0 0 255
319.486 371.778 0 0 0 255
319.486 373.278 0 0 0 255
318.736 373.077 0 0 0 255
319.486 371.778 0 0 0 255
318.736 373.077 0 0 0 255
318.187 372.528 0 0 0 255
319.486 371.778 0 0 0 255
318.187 372.528 0 0 0 255
317.986 371.778 0 0 0 255
319.486 371.778 0 0 0 255
317.986 371.778 0 0 0 255
318.187 371.028 0 0 0 255
319.486 371.778 0 0 0 255
318.187 371.028 0 0 0 255
318.736 370.479 0 0 0 255
319.486 371.778 0 0 0 255
318.736 370.479 0 0 0 255
319.486 370.278 0 0 0 255
319.486 371.778 0 0 0 255
319.486 370.278 0 0 0 255
320.236 370.479 0 0 0 255
319.486 371.778 0 0 0 255
320.236 370.479 0 0 0 255
320.785 371.028 0 0 0 255
319.486 371.778 0 0 0 255
320.785 371.028 0 0 0 255
320.986 371.778 0 0 0 255
320.555 370.726 0 0 0 255
318.416 372.83 0 0 0 255
319.665 369.821 0 0 0 255
318.416 372.83 0 0 0 255
317.526 371.924 0 0 0 255
319.665 369.821 0 0 0 255
318.595 370.872 0 0 0 255
320.095 370.872 0 0 0 255
319.894 371.622 0 0 0 255
318.595 370.872 0 0 0 255
319.894 371.622 0 0 0 255
319.345 372.171 0 0 0 255
318.595 370.872 0 0 0 255
319.345 372.171 0 0 0 255
318.595 372.372 0 0 0 255
318.595 370.872 0 0 0 255
318.595 372.372 0 0 0 255
317.845 372.171 0 0 0 255
318.595 370.872 0 0 0 255
317.845 372.171 0 0 0 255
317.296 371.622 0 0 0 255
318.595 370.872 0 0 0 255
317.296 371.622 0 0 0 255
317.095 370.872 0 0 0 255
318.595 370.872 0 0 0 255
317.095 370.872 0 0 0 255
317.296 370.122 0 0 0 255
318.595 370.872 0 0 0 255
317.296 370.122 0 0 0 255
317.845 369.573 0 0 0 255
318.595 370.872 0 0 0 255
317.845 369.573 0 0 0 255
318.595 369.372 0 0 0 255
318.595 370.872 0 0 0 255
318.595 369.372 0 0 0 255
319.345 369.573 0 0 0 255
318.595 370.872 0 0 0 255
319.345 369.573 0 0 0 255
319.894 370.122 0 0 0 255
318.595 370.872 0 0 0 255
319.894 370.122 0 0 0 255
320.095 370.872 0 0 0 255
319.629 369.786 0 0 0 255
317.561 371.959 0 0 0 255
318.66 368.863 0 0 0 255
317.561 371.959 0 0 0 255
316.592 371.037 0 0 0 255
318.66 368.863 0 0 0 255
317.626 369.95 0 0 0 255
319.126 369.95 0 0 0 255
318.925 370.7 0 0 0 255
317.626 369.95 0 0 0 255
318.925 370.7 0 0 0 255
318.376 371.249 0 0 0 255
317.626 369.95 0 0 0 255
318.376 371.249 0 0 0 255
317.626 371.45 0 0 0 255
317.626 369.95 0 0 0 255
317.626 371.45 0 0 0 255
316.876 371.249 0 0 0 255
317.626 369.95 0 0 0 255
316.876 371.249 0 0 0 255
316.327 370.7 0 0 0 255
317.626 369.95 0 0 0 255
316.327 370.7 0 0 0 255
316.126 369.95 0 0 0 255
317.626 369.95 0 0 0 255
316.126 369.95 0 0 0 255
316.327 369.2 0 0 0 255
317.626 369.95 0 0 0 255
316.327 369.2 0 0 0 255
316.876 368.651 0 0 0 255
317.626 369.95 0 0 0 255
316.876 368.651 0 0 0 255
317.626 368.45 0 0 0 255
317.626 369.95 0 0 0 255
317.626 368.45 0 0 0 255
318.376 368.651 0 0 0 255
317.626 369.95 0 0 0 255
318.376 368.651 0 0 0 255
318.925 369.2 0 0 0 255
317.626 369.95 0 0 0 255
318.925 369.2 0 0 0 255
319.126 369.95 0 0 0 255
318.627 368.833 0 0 0 255
316.625 371.068 0 0 0 255
317.579 367.894 0 0 0 255
316.625 371.068 0 0 0 255
315.577 370.129 0 0 0 255
317.579 367.894 0 0 0 255
316.578 369.011 0 0 0 255
318.078 369.011 0 0 0 255
317.877 369.761 0 0 0 255
316.578 369.011 0 0 0 255
317.877 369.761 0 0 0 255
317.328 370.31 0 0 0 255
316.578 369.011 0 0 0 255
317.328 370.31 0 0 0 255
316.578 370.511 0 0 0 255
316.578 369.011 0 0 0 255
316.578 370.511 0 0 0 255
315.828 370.31 0 0 0 255
316.578 369.011 0 0 0 255
315.828 370.31 0 0 0 255
315.279 369.761 0 0 0 255
316.578 369.011 0 0 0 255
315.279 369.761 0 0 0 255
315.078 369.011 0 0 0 255
316.578 369.011 0 0 0 255
315.078 369.011 0 0 0 255
315.279 368.261 0 0 0 255
316.578 369.011 0 0 0 255
315.279 368.261 0 0 0 255
315.828 367.712 0 0 0 255
316.578 369.011 0 0 0 255
315.828 367.712 0 0 0 255
316.578 367.511 0 0 0 255
316.578 369.011 0 0 0 255
316.578 367.511 0 0 0 255
317.328 367.712 0 0 0 255
316.578 369.011 0 0 0 255
317.328 367.712 0 0 0 255
317.877 368.261 0 0 0 255
316.578 369.011 0 0 0 255
317.877 368.261 0 0 0 255
318.078 369.011 0 0 0 255
317.548 367.867 0 0 0 255
315.608 370.155 0 0 0 255
316.421 366.912 0 0 0 255
315.608 370.155 0 0 0 255
314.481 369.2 0 0 0 255
316.421 366.912 0 0 0 255
315.451 368.056 0 0 0 255
316.951 368.056 0 0 0 255
316.75 368.806 0 0 0 255
315.451 368.056 0 0 0 255
316.75 368.806 0 0 0 255
316.201 369.355 0 0 0 255
315.451 368.056 0 0 0 255
316.201 369.355 0 0 0 255
315.451 369.556 0 0 0 255
315.451 368.056 0 0 0 255
315.451 369.556 0 0 0 255
314.701 369.355 0 0 0 255
315.451 368.056 0 0 0 255
314.701 369.355 0 0 0 255
314.152 368.806 0 0 0 255
315.451 368.056 0 0 0 255
314.152 368.806 0 0 0 255
313.951 368.056 0 0 0 255
315.451 368.056 0 0 0 255
313.951 368.056 0 0 0 255
314.152 367.306 0 0 0 255
315.451 368.056 0 0 0 255
314.152 367.306 0 0 0 255
314.701 366.757 0 0 0 255
315.451 368.056 0 0 0 255
314.701 366.757 0 0 0 255
315.451 366.556 0 0 0 255
315.451 368.056 0 0 0 255
315.451 366.556 0 0 0 255
316.201 366.757 0 0 0 255
315.451 368.056 0 0 0 255
316.201 366.757 0 0 0 255
316.75 367.306 0 0 0 255
315.451 368.056 0 0 0 255
316.75 367.306 0 0 0 255
316.951 368.056 0 0 0 255
316.369 366.87 0 0 0 255
314.533 369.242 0 0 0 255
315.135 365.914 0 0 0 255
314.533 369.242 0 0 0 255
313.298 368.286 0 0 0 255
315.135 365.914 0 0 0 255
314.217 367.1 0 0 0 255
315.717 367.1 0 0 0 255
315.516 367.85 0 0 0 255
314.217 367.1 0 0 0 255
315.516 367.85 0 0 0 255
314.967 368.399 0 0 0 255
314.217 367.1 0 0 0 255
314.967 368.399 0 0 0 255
314.217 368.6 0 0 0 255
314.217 367.1 0 0 0 255
314.217 368.6 0 0 0 255
313.467 368.399 0 0 0 255
314.217 367.1 0 0 0 255
313.467 368.399 0 0 0 255
312.918 367.85 0 0 0 255
314.217 367.1 0 0 0 255
312.918 367.85 0 0 0 255
312.717 367.1 0 0 0 255
314.217 367.1 0 0 0 255
312.717 367.1 0 0 0 255
312.918 366.35 0 0 0 255
314.217 367.1 0 0 0 255
312.918 366.35 0 0 0 255
313.467 365.801 0 0 0 255
314.217 367.1 0 0 0 255
313.467 365.801 0 0 0 255
314.217 365.6 0 0 0 255
314.217 367.1 0 0 0 255
314.217 365.6 0 0 0 255
314.967 365.801 0 0 0 255
314.217 367.1 0 0 0 255
314.967 365.801 0 0 0 255
315.516 366.35 0 0 0 255
314.217 367.1 0 0 0 255
315.516 366.35 0 0 0 255
315.717 367.1 0 0 0 255
315.065 365.863 0 0 0 255
313.369 368.337 0 0 0 255
313.694 364.924 0 0 0 255
313.369 368.337 0 0 0 255
311.998 367.398 0 0 0 255
313.694 364.924 0 0 0 255
312.846 366.161 0 0 0 255
314.346 366.161 0 0 0 255
314.145 366.911 0 0 0 255
312.846 366.161 0 0 0 255
314.145 366.911 0 0 0 255
313.596 367.46 0 0 0 255
312.846 366.161 0 0 0 255
313.596 367.46 0 0 0 255
312.846 367.661 0 0 0 255
312.846 366.161 0 0 0 255
312.846 367.661 0 0 0 255
312.096 367.46 0 0 0 255
312.846 366.161 0 0 0 255
312.096 367.46 0 0 0 255
311.547 366.911 0 0 0 255
312.846 366.161 0 0 0 255
311.547 366.911 0 0 0 255
311.346 366.161 0 0 0 255
312.846 366.161 0 0 0 255
311.346 366.161 0 0 0 255
311.547 365.411 0 0 0 255
312.846 366.161 0 0 0 255
311.547 365.411 0 0 0 255
312.096 364.862 0 0 0 255
312.846 366.161 0 0 0 255
312.096 364.862 0 0 0 255
312.846 364.661 0 0 0 255
312.846 366.161 0 0 0 255
312.846 364.661 0 0 0 255
313.596 364.862 0 0 0 255
312.846 366.161 0 0 0 255
313.596 364.862 0 0 0 255
314.145 365.411 0 0 0 255
312.846 366.161 0 0 0 255
314.145 365.411 0 0 0 255
314.346 366.161 0 0 0 255
313.63 364.882 0 0 0 255
312.063 367.44 0 0 0 255
312.124 363.959 0 0 0 255
312.063 367.44 0 0 0 255
310.557 366.518 0 0 0 255
312.124 363.959 0 0 0 255
311.34 365.239 0 0 0 255
312.84 365.239 0 0 0 255
312.639 365.989 0 0 0 255
311.34 365.239 0 0 0 255
312.639 365.989 0 0 0 255
312.09 366.538 0 0 0 255
311.34 365.239 0 0 0 255
312.09 366.538 0 0 0 255
311.34 366.739 0 0 0 255
311.34 365.239 0 0 0 255
311.34 366.739 0 0 0 255
310.59 366.538 0 0 0 255
311.34 365.239 0 0 0 255
310.59 366.538 0 0 0 255
310.041 365.989 0 0 0 255
311.34 365.239 0 0 0 255
310.041 365.989 0 0 0 255
309.84 365.239 0 0 0 255
311.34 365.239 0 0 0 255
309.84 365.239 0 0 0 255
310.041 364.489 0 0 0 255
311.34 365.239 0 0 0 255
310.041 364.489 0 0 0 255
310.59 363.94 0 0 0 255
311.34 365.239 0 0 0 255
310.59 363.94 0 0 0 255
311.34 363.739 0 0 0 255
311.34 365.239 0 0 0 255
311.34 363.739 0 0 0 255
312.09 363.94 0 0 0 255
311.34 365.239 0 0 0 255
312.09 363.94 0 0 0 255
312.639 364.489 0 0 0 255
311.34 365.239 0 0 0 255
312.639 364.489 0 0 0 255
312.84 365.239 0 0 0 255
312.065 363.925 0 0 0 255
310.616 366.552 0 0 0 255
310.423 363.019 0 0 0 255
310.616 366.552 0 0 0 255
308.974 365.646 0 0 0 255
310.423 363.019 0 0 0 255
309.698 364.333 0 0 0 255
311.198 364.333 0 0 0 255
310.998 365.083 0 0 0 255
309.698 364.333 0 0 0 255
310.998 365.083 0 0 0 255
310.448 365.632 0 0 0 255
309.698 364.333 0 0 0 255
310.448 365.632 0 0 0 255
309.698 365.833 0 0 0 255
309.698 364.333 0 0 0 255
309.698 365.833 0 0 0 255
308.948 365.632 0 0 0 255
309.698 364.333 0 0 0 255
308.948 365.632 0 0 0 255
308.399 365.083 0 0 0 255
309.698 364.333 0 0 0 255
308.399 365.083 0 0 0 255
308.198 364.333 0 0 0 255
309.698 364.333 0 0 0 255
308.198 364.333 0 0 0 255
308.399 363.583 0 0 0 255
309.698 364.333 0 0 0 255
308.399 363.583 0 0 0 255
308.948 363.034 0 0 0 255
309.698 364.333 0 0 0 255
308.948 363.034 0 0 0 255
309.698 362.833 0 0 0 255
309.698 364.333 0 0 0 255
309.698 362.833 0 0 0 255
310.448 363.034 0 0 0 255
309.698 364.333 0 0 0 255
310.448 363.034 0 0 0 255
310.998 363.583 0 0 0 255
309.698 364.333 0 0 0 255
310.998 363.583 0 0 0 255
311.198 364.333 0 0 0 255
310.369 362.991 0 0 0 255
309.027 365.674 0 0 0 255
308.592 362.102 0 0 0 255
309.027 365.674 0 0 0 255
307.25 364.785 0 0 0 255
308.592 362.102 0 0 0 255
307.921 363.444 0 0 0 255
309.421 363.444 0 0 0 255
309.22 364.194 0 0 0 255
307.921 363.444 0 0 0 255
309.22 364.194 0 0 0 255
308.671 364.743 0 0 0 255
307.921 363.444 0 0 0 255
308.671 364.743 0 0 0 255
307.921 364.944 0 0 0 255
307.921 363.444 0 0 0 255
307.921 364.944 0 0 0 255
307.171 364.743 0 0 0 255
307.921 363.444 0 0 0 255
307.171 364.743 0 0 0 255
306.622 364.194 0 0 0 255
307.921 363.444 0 0 0 255
306.622 364.194 0 0 0 255
306.421 363.444 0 0 0 255
307.921 363.444 0 0 0 255
306.421 363.444 0 0 0 255
306.622 362.694 0 0 0 255
307.921 363.444 0 0 0 255
306.622 362.694 0 0 0 255
307.171 362.145 0 0 0 255
307.921 363.444 0 0 0 255
307.171 362.145 0 0 0 255
307.921 361.944 0 0 0 255
307.921 363.444 0 0 0 255
307.921 361.944 0 0 0 255
308.671 362.145 0 0 0 255
307.921 363.444 0 0 0 255
308.671 362.145 0 0 0 255
309.22 362.694 0 0 0 255
307.921 363.444 0 0 0 255
309.22 362.694 0 0 0 255
309.421 363.444 0 0 0 255
308.543 362.079 0 0 0 255
307.298 364.808 0 0 0 255
306.629 361.206 0 0 0 255
307.298 364.808 0 0 0 255
305.385 363.936 0 0 0 255
306.629 361.206 0 0 0 255
306.007 362.571 0 0 0 255
307.507 362.571 0 0 0 255
307.306 363.321 0 0 0 255
306.007 362.571 0 0 0 255
307.306 363.321 0 0 0 255
306.757 363.87 0 0 0 255
306.007 362.571 0 0 0 255
306.757 363.87 0 0 0 255
306.007 364.071 0 0 0 255
306.007 362.571 0 0 0 255
306.007 364.071 0 0 0 255
305.257 363.87 0 0 0 255
306.007 362.571 0 0 0 255
305.257 363.87 0 0 0 255
304.708 363.321 0 0 0 255
306.007 362.571 0 0 0 255
304.708 363.321 0 0 0 255
304.507 362.571 0 0 0 255
306.007 362.571 0 0 0 255
304.507 362.571 0 0 0 255
304.708 361.821 0 0 0 255
306.007 362.571 0 0 0 255
304.708 361.821 0 0 0 255
305.257 361.272 0 0 0 255
306.007 362.571 0 0 0 255
305.257 361.272 0 0 0 255
306.007 361.071 0 0 0 255
306.007 362.571 0 0 0 255
306.007 361.071 0 0 0 255
306.757 361.272 0 0 0 255
306.007 362.571 0 0 0 255
306.757 361.272 0 0 0 255
307.306 361.821 0 0 0 255
306.007 362.571 0 0 0 255
307.306 361.821 0 0 0 255
307.507 362.571 0 0 0 255
306.563 361.178 0 0 0 255
305.451 363.964 0 0 0 255
304.493 360.351 0 0 0 255
305.451 363.964 0 0 0 255
303.38 363.137 0 0 0 255
304.493 360.351 0 0 0 255
303.936 361.744 0 0 0 255
305.436 361.744 0 0 0 255
305.235 362.494 0 0 0 255
303.936 361.744 0 0 0 255
305.235 362.494 0 0 0 255
304.686 363.043 0 0 0 255
303.936 361.744 0 0 0 255
304.686 363.043 0 0 0 255
303.936 363.244 0 0 0 255
303.936 361.744 0 0 0 255
303.936 363.244 0 0 0 255
303.186 363.043 0 0 0 255
303.936 361.744 0 0 0 255
303.186 363.043 0 0 0 255
302.637 362.494 0 0 0 255
303.936 361.744 0 0 0 255
302.637 362.494 0 0 0 255
302.436 361.744 0 0 0 255
303.936 361.744 0 0 0 255
302.436 361.744 0 0 0 255
302.637 360.994 0 0 0 255
303.936 361.744 0 0 0 255
302.637 360.994 0 0 0 255
303.186 360.445 0 0 0 255
303.936 361.744 0 0 0 255
303.186 360.445 0 0 0 255
303.936 360.244 0 0 0 255
303.936 361.744 0 0 0 255
303.936 360.244 0 0 0 255
304.686 360.445 0 0 0 255
303.936 361.744 0 0 0 255
304.686 360.445 0 0 0 255
305.235 360.994 0 0 0 255
303.936 361.744 0 0 0 255
305.235 360.994 0 0 0 255
305.436 361.744 0 0 0 255
304.412 360.321 0 0 0 255
303.461 363.167 0 0 0 255
302.163 359.569 0 0 0 255
303.461 363.167 0 0 0 255
301.212 362.414 0 0 0 255
302.163 359.569 0 0 0 255
301.688 360.992 0 0 0 255
303.188 360.992 0 0 0 255
302.987 361.742 0 0 0 255
301.688 360.992 0 0 0 255
302.987 361.742 0 0 0 255
302.438 362.291 0 0 0 255
301.688 360.992 0 0 0 255
302.438 362.291 0 0 0 255
301.688 362.492 0 0 0 255
301.688 360.992 0 0 0 255
301.688 362.492 0 0 0 255
300.938 362.291 0 0 0 255
301.688 360.992 0 0 0 255
300.938 362.291 0 0 0 255
300.389 361.742 0 0 0 255
301.688 360.992 0 0 0 255
300.389 361.742 0 0 0 255
300.188 360.992 0 0 0 255
301.688 360.992 0 0 0 255
300.188 360.992 0 0 0 255
300.389 360.242 0 0 0 255
301.688 360.992 0 0 0 255
300.389 360.242 0 0 0 255
300.938 359.693 0 0 0 255
301.688 360.992 0 0 0 255
300.938 359.693 0 0 0 255
301.688 359.492 0 0 0 255
301.688 360.992 0 0 0 255
301.688 359.492 0 0 0 255
302.438 359.693 0 0 0 255
301.688 360.992 0 0 0 255
302.438 359.693 0 0 0 255
302.987 360.242 0 0 0 255
301.688 360.992 0 0 0 255
302.987 360.242 0 0 0 255
303.188 360.992 0 0 0 255
302.091 359.547 0 0 0 255
301.284 362.437 0 0 0 255
299.664 358.87 0 0 0 255
301.284 362.437 0 0 0 255
298.857 361.759 0 0 0 255
299.664 358.87 0 0 0 255
299.261 360.315 0 0 0 255
300.761 360.315 0 0 0 255
300.56 361.065 0 0 0 255
299.261 360.315 0 0 0 255
300.56 361.065 0 0 0 255
300.011 361.614 0 0 0 255
299.261 360.315 0 0 0 255
300.011 361.614 0 0 0 255
299.261 361.815 0 0 0 255
299.261 360.315 0 0 0 255
299.261 361.815 0 0 0 255
298.511 361.614 0 0 0 255
299.261 360.315 0 0 0 255
298.511 361.614 0 0 0 255
297.962 361.065 0 0 0 255
299.261 360.315 0 0 0 255
297.962 361.065 0 0 0 255
297.761 360.315 0 0 0 255
299.261 360.315 0 0 0 255
297.761 360.315 0 0 0 255
297.962 359.565 0 0 0 255
299.261 360.315 0 0 0 255
297.962 359.565 0 0 0 255
298.511 359.015 0 0 0 255
299.261 360.315 0 0 0 255
298.511 359.015 0 0 0 255
299.261 358.815 0 0 0 255
299.261 360.315 0 0 0 255
299.261 358.815 0 0 0 255
300.011 359.015 0 0 0 255
299.261 360.315 0 0 0 255
300.011 359.015 0 0 0 255
300.56 359.565 0 0 0 255
299.261 360.315 0 0 0 255
300.56 359.565 0 0 0 255
300.761 360.315 0 0 0 255
299.599 358.853 0 0 0 255
298.923 361.776 0 0 0 255
296.994 358.251 0 0 0 255
298.923 361.776 0 0 0 255
296.318 361.173 0 0 0 255
296.994 358.251 0 0 0 255
296.656 359.712 0 0 0 255
298.156 359.712 0 0 0 255
297.955 360.462 0 0 0 255
296.656 359.712 0 0 0 255
297.955 360.462 0 0 0 255
297.406 361.011 0 0 0 255
296.656 359.712 0 0 0 255
297.406 361.011 0 0 0 255
296.656 361.212 0 0 0 255
296.656 359.712 0 0 0 255
296.656 361.212 0 0 0 255
295.906 361.011 0 0 0 255
296.656 359.712 0 0 0 255
295.906 361.011 0 0 0 255
295.357 360.462 0 0 0 255
296.656 359.712 0 0 0 255
295.357 360.462 0 0 0 255
295.156 359.712 0 0 0 255
296.656 359.712 0 0 0 255
295.156 359.712 0 0 0 255
295.357 358.962 0 0 0 255
296.656 359.712 0 0 0 255
295.357 358.962 0 0 0 255
295.906 358.413 0 0 0 255
296.656 359.712 0 0 0 255
295.906 358.413 0 0 0 255
296.656 358.212 0 0 0 255
296.656 359.712 0 0 0 255
296.656 358.212 0 0 0 255
297.406 358.413 0 0 0 255
296.656 359.712 0 0 0 255
297.406 358.413 0 0 0 255
297.955 358.962 0 0 0 255
296.656 359.712 0 0 0 255
297.955 358.962 0 0 0 255
298.156 359.712 0 0 0 255
296.935 358.238 0 0 0 255
296.376 361.186 0 0 0 255
294.152 357.711 0 0 0 255
296.376 361.186 0 0 0 255
293.593 360.658 0 0 0 255
294.152 357.711 0 0 0 255
293.872 359.184 0 0 0 255
295.372 359.184 0 0 0 255
295.171 359.934 0 0 0 255
293.872 359.184 0 0 0 255
295.171 359.934 0 0 0 255
294.622 360.483 0 0 0 255
293.872 359.184 0 0 0 255
294.622 360.483 0 0 0 255
293.872 360.684 0 0 0 255
293.872 359.184 0 0 0 255
293.872 360.684 0 0 0 255
293.122 360.483 0 0 0 255
293.872 359.184 0 0 0 255
293.122 360.483 0 0 0 255
292.573 359.934 0 0 0 255
293.872 359.184 0 0 0 255
292.573 359.934 0 0 0 255
292.372 359.184 0 0 0 255
293.872 359.184 0 0 0 255
292.372 359.184 0 0 0 255
292.573 358.434 0 0 0 255
293.872 359.184 0 0 0 255
292.573 358.434 0 0 0 255
293.122 357.885 0 0 0 255
293.872 359.184 0 0 0 255
293.122 357.885 0 0 0 255
293.872 357.684 0 0 0 255
293.872 359.184 0 0 0 255
293.872 357.684 0 0 0 255
294.622 357.885 0 0 0 255
293.872 359.184 0 0 0 255
294.622 357.885 0 0 0 255
295.171 358.434 0 0 0 255
293.872 359.184 0 0 0 255
295.171 358.434 0 0 0 255
295.372 359.184 0 0 0 255
294.099 357.702 0 0 0 255
293.646 360.667 0 0 0 255
291.138 357.249 0 0 0 255
293.646 360.667 0 0 0 255
290.684 360.214 0 0 0 255
291.138 357.249 0 0 0 255
290.911 358.731 0 0 0 255
292.411 358.731 0 0 0 255
292.21 359.481 0 0 0 255
290.911 358.731 0 0 0 255
292.21 359.481 0 0 0 255
291.661 360.03 0 0 0 255
290.911 358.731 0 0 0 255
291.661 360.03 0 0 0 255
290.911 360.231 0 0 0 255
290.911 358.731 0 0 0 255
290.911 360.231 0 0 0 255
290.161 360.03 0 0 0 255
290.911 358.731 0 0 0 255
290.161 360.03 0 0 0 255
289.612 359.481 0 0 0 255
290.911 358.731 0 0 0 255
289.612 359.481 0 0 0 255
289.411 358.731 0 0 0 255
290.911 358.731 0 0 0 255
289.411 358.731 0 0 0 255
289.612 357.981 0 0 0 255
290.911 358.731 0 0 0 255
289.612 357.981 0 0 0 255
290.161 357.432 0 0 0 255
290.911 358.731 0 0 0 255
290.161 357.432 0 0 0 255
290.911 357.231 0 0 0 255
290.911 358.731 0 0 0 255
290.911 357.231 0 0 0 255
291.661 357.432 0 0 0 255
290.911 358.731 0 0 0 255
291.661 357.432 0 0 0 255
292.21 357.981 0 0 0 255
290.911 358.731 0 0 0 255
292.21 357.981 0 0 0 255
292.411 358.731 0 0 0 255
291.076 357.24 0 0 0 255
290.746 360.222 0 0 0 255
287.76 356.874 0 0 0 255
290.746 360.222 0 0 0 255
287.431 359.856 0 0 0 255
287.76 356.874 0 0 0 255
287.596 358.365 0 0 0 255
289.096 358.365 0 0 0 255
288.895 359.115 0 0 0 255
287.596 358.365 0 0 0 255
288.895 359.115 0 0 0 255
288.346 359.664 0 0 0 255
287.596 358.365 0 0 0 255
288.346 359.664 0 0 0 255
287.596 359.865 0 0 0 255
287.596 358.365 0 0 0 255
287.596 359.865 0 0 0 255
286.846 359.664 0 0 0 255
287.596 358.365 0 0 0 255
286.846 359.664 0 0 0 255
286.297 359.115 0 0 0 255
287.596 358.365 0 0 0 255
286.297 359.115 0 0 0 255
286.096 358.365 0 0 0 255
287.596 358.365 0 0 0 255
286.096 358.365 0 0 0 255
286.297 357.615 0 0 0 255
287.596 358.365 0 0 0 255
286.297 357.615 0 0 0 255
286.846 357.066 0 0 0 255
287.596 358.365 0 0 0 255
286.846 357.066 0 0 0 255
287.596 356.865 0 0 0 255
287.596 358.365 0 0 0 255
287.596 356.865 0 0 0 255
288.346 357.066 0 0 0 255
287.596 358.365 0 0 0 255
288.346 357.066 0 0 0 255
288.895 357.615 0 0 0 255
287.596 358.365 0 0 0 255
288.895 357.615 0 0 0 255
289.096 358.365 0 0 0 255
287.7 356.869 0 0 0 255
287.492 359.862 0 0 0 255
283.855 356.602 0 0 0 255
287.492 359.862 0 0 0 255
283.647 359.594 0 0 0 255
283.855 356.602 0 0 0 255
283.751 358.098 0 0 0 255
285.251 358.098 0 0 0 255
285.05 358.848 0 0 0 255
283.751 358.098 0 0 0 255
285.05 358.848 0 0 0 255
284.501 359.397 0 0 0 255
283.751 358.098 0 0 0 255
284.501 359.397 0 0 0 255
283.751 359.598 0 0 0 255
283.751 358.098 0 0 0 255
283.751 359.598 0 0 0 255
283.001 359.397 0 0 0 255
283.751 358.098 0 0 0 255
283.001 359.397 0 0 0 255
282.452 358.848 0 0 0 255
283.751 358.098 0 0 0 255
282.452 358.848 0 0 0 255
282.251 358.098 0 0 0 255
283.751 358.098 0 0 0 255
282.251 358.098 0 0 0 255
282.452 357.348 0 0 0 255
283.751 358.098 0 0 0 255
282.452 357.348 0 0 0 255
283.001 356.799 0 0 0 255
283.751 358.098 0 0 0 255
283.001 356.799 0 0 0 255
283.751 356.598 0 0 0 255
283.751 358.098 0 0 0 255
283.751 356.598 0 0 0 255
284.501 356.799 0 0 0 255
283.751 358.098 0 0 0 255
284.501 356.799 0 0 0 255
285.05 357.348 0 0 0 255
283.751 358.098 0 0 0 255
285.05 357.348 0 0 0 255
285.251 358.098 0 0 0 255
283.808 356.599 0 0 0 255
283.693 359.597 0 0 0 255
279.434 356.431 0 0 0 255
283.693 359.597 0 0 0 255
279.318 359.429 0 0 0 255
279.434 356.431 0 0 0 255
279.376 357.93 0 0 0 255
280.876 357.93 0 0 0 255
280.675 358.68 0 0 0 255
279.376 357.93 0 0 0 255
280.675 358.68 0 0 0 255
280.126 359.229 0 0 0 255
279.376 357.93 0 0 0 255
280.126 359.229 0 0 0 255
279.376 359.43 0 0 0 255
279.376 357.93 0 0 0 255
279.376 359.43 0 0 0 255
278.626 359.229 0 0 0 255
279.376 357.93 0 0 0 255
278.626 359.229 0 0 0 255
278.077 358.68 0 0 0 255
279.376 357.93 0 0 0 255
278.077 358.68 0 0 0 255
277.876 357.93 0 0 0 255
279.376 357.93 0 0 0 255
277.876 357.93 0 0 0 255
278.077 357.18 0 0 0 255
279.376 357.93 0 0 0 255
278.077 357.18 0 0 0 255
278.626 356.631 0 0 0 255
279.376 357.93 0 0 0 255
278.626 356.631 0 0 0 255
279.376 356.43 0 0 0 255
279.376 357.93 0 0 0 255
279.376 356.43 0 0 0 255
280.126 356.631 0 0 0 255
279.376 357.93 0 0 0 255
280.126 356.631 0 0 0 255
280.675 357.18 0 0 0 255
279.376 357.93 0 0 0 255
280.675 357.18 0 0 0 255
280.876 357.93 0 0 0 255
279.397 356.43 0 0 0 255
279.355 359.43 0 0 0 255
274.493 356.361 0 0 0 255
279.355 359.43 0 0 0 255
274.45 359.36 0 0 0 255
274.493 356.361 0 0 0 255
274.471 357.86 0 0 0 255
275.971 357.86 0 0 0 255
275.77 358.61 0 0 0 255
274.471 357.86 0 0 0 255
275.77 358.61 0 0 0 255
275.221 359.159 0 0 0 255
274.471 357.86 0 0 0 255
275.221 359.159 0 0 0 255
274.471 359.36 0 0 0 255
274.471 357.86 0 0 0 255
274.471 359.36 0 0 0 255
273.721 359.159 0 0 0 255
274.471 357.86 0 0 0 255
273.721 359.159 0 0 0 255
273.172 358.61 0 0 0 255
274.471 357.86 0 0 0 255
273.172 358.61 0 0 0 255
272.971 357.86 0 0 0 255
274.471 357.86 0 0 0 255
272.971 357.86 0 0 0 255
273.172 357.11 0 0 0 255
274.471 357.86 0 0 0 255
273.172 357.11 0 0 0 255
273.721 356.561 0 0 0 255
274.471 357.86 0 0 0 255
273.721 356.561 0 0 0 255
274.471 356.36 0 0 0 255
274.471 357.86 0 0 0 255
274.471 356.36 0 0 0 255
275.221 356.561 0 0 0 255
274.471 357.86 0 0 0 255
275.221 356.561 0 0 0 255
275.77 357.11 0 0 0 255
274.471 357.86 0 0 0 255
275.77 357.11 0 0 0 255
275.971 357.86 0 0 0 255
274.463 356.36 0 0 0 255
274.479 359.36 0 0 0 255
269.029 356.39 0 0 0 255
274.479 359.36 0 0 0 255
269.045 359.39 0 0 0 255
269.029 356.39 0 0 0 255
269.037 357.89 0 0 0 255
270.537 357.89 0 0 0 255
270.336 358.64 0 0 0 255
269.037 357.89 0 0 0 255
270.336 358.64 0 0 0 255
269.787 359.189 0 0 0 255
269.037 357.89 0 0 0 255
269.787 359.189 0 0 0 255
269.037 359.39 0 0 0 255
269.037 357.89 0 0 0 255
269.037 359.39 0 0 0 255
268.287 359.189 0 0 0 255
269.037 357.89 0 0 0 255
268.287 359.189 0 0 0 255
267.738 358.64 0 0 0 255
269.037 357.89 0 0 0 255
267.738 358.64 0 0 0 255
267.537 357.89 0 0 0 255
269.037 357.89 0 0 0 255
267.537 357.89 0 0 0 255
267.738 357.14 0 0 0 255
269.037 357.89 0 0 0 255
267.738 357.14 0 0 0 255
268.287 356.591 0 0 0 255
269.037 357.89 0 0 0 255
268.287 356.591 0 0 0 255
269.037 356.39 0 0 0 255
269.037 357.89 0 0 0 255
269.037 356.39 0 0 0 255
269.787 356.591 0 0 0 255
269.037 357.89 0 0 0 255
269.787 356.591 0 0 0 255
270.336 357.14 0 0 0 255
269.037 357.89 0 0 0 255
270.336 357.14 0 0 0 255
270.537 357.89 0 0 0 255
269.005 356.39 0 0 0 255
269.069 359.39 0 0 0 255
263.041 356.519 0 0 0 255
269.069 359.39 0 0 0 255
263.105 359.518 0 0 0 255
263.041 356.519 0 0 0 255
263.073 358.018 0 0 0 255
264.573 358.018 0 0 0 255
264.372 358.768 0 0 0 255
263.073 358.018 0 0 0 255
264.372 358.768 0 0 0 255
263.823 359.317 0 0 0 255
263.073 358.018 0 0 0 255
263.823 359.317 0 0 0 255
263.073 359.518 0 0 0 255
263.073 358.018 0 0 0 255
263.073 359.518 0 0 0 255
262.323 359.317 0 0 0 255
263.073 358.018 0 0 0 255
262.323 359.317 0 0 0 255
261.774 358.768 0 0 0 255
263.073 358.018 0 0 0 255
261.774 358.768 0 0 0 255
261.573 358.018 0 0 0 255
263.073 358.018 0 0 0 255
261.573 358.018 0 0 0 255
261.774 357.268 0 0 0 255
263.073 358.018 0 0 0 255
261.774 357.268 0 0 0 255
262.323 356.719 0 0 0 255
263.073 358.018 0 0 0 255
262.323 356.719 0 0 0 255
263.073 356.518 0 0 0 255
263.073 358.018 0 0 0 255
263.073 356.518 0 0 0 255
263.823 356.719 0 0 0 255
263.073 358.018 0 0 0 255
263.823 356.719 0 0 0 255
264.372 357.268 0 0 0 255
263.073 358.018 0 0 0 255
264.372 357.268 0 0 0 255
264.573 358.018 0 0 0 255
263.027 356.519 0 0 0 255
263.119 359.518 0 0 0 255
256.78 356.711 0 0 0 255
263.119 359.518 0 0 0 255
256.873 359.71 0 0 0 255
256.78 356.711 0 0 0 255
256.827 358.21 0 0 0 255
258.327 358.21 0 0 0 255
258.126 358.96 0 0 0 255
256.827 358.21 0 0 0 255
258.126 358.96 0 0 0 255
257.577 359.509 0 0 0 255
256.827 358.21 0 0 0 255
257.577 359.509 0 0 0 255
256.827 359.71 0 0 0 255
256.827 358.21 0 0 0 255
256.827 359.71 0 0 0 255
256.077 359.509 0 0 0 255
256.827 358.21 0 0 0 255
256.077 359.509 0 0 0 255
255.527 358.96 0 0 0 255
256.827 358.21 0 0 0 255
255.527 358.96 0 0 0 255
255.327 358.21 0 0 0 255
256.827 358.21 0 0 0 255
255.327 358.21 0 0 0 255
255.527 357.46 0 0 0 255
256.827 358.21 0 0 0 255
255.527 357.46 0 0 0 255
256.077 356.911 0 0 0 255
256.827 358.21 0 0 0 255
256.077 356.911 0 0 0 255
256.827 356.71 0 0 0 255
256.827 358.21 0 0 0 255
256.827 356.71 0 0 0 255
257.577 356.911 0 0 0 255
256.827 358.21 0 0 0 255
257.577 356.911 0 0 0 255
258.126 357.46 0 0 0 255
256.827 358.21 0 0 0 255
258.126 357.46 0 0 0 255
258.327 358.21 0 0 0 255
256.774 356.711 0 0 0 255
256.879 359.709 0 0 0 255
250.493 356.931 0 0 0 255
256.879 359.709 0 0 0 255
250.598 359.929 0 0 0 255
250.493 356.931 0 0 0 255
250.546 358.43 0 0 0 255
252.046 358.43 0 0 0 255
251.845 359.18 0 0 0 255
250.546 358.43 0 0 0 255
251.845 359.18 0 0 0 255
251.296 359.729 0 0 0 255
250.546 358.43 0 0 0 255
251.296 359.729 0 0 0 255
250.546 359.93 0 0 0 255
250.546 358.43 0 0 0 255
250.546 359.93 0 0 0 255
249.796 359.729 0 0 0 255
250.546 358.43 0 0 0 255
249.796 359.729 0 0 0 255
249.246 359.18 0 0 0 255
250.546 358.43 0 0 0 255
249.246 359.18 0 0 0 255
249.046 358.43 0 0 0 255
250.546 358.43 0 0 0 255
249.046 358.43 0 0 0 255
249.246 357.68 0 0 0 255
250.546 358.43 0 0 0 255
249.246 357.68 0 0 0 255
249.796 357.131 0 0 0 255
250.546 358.43 0 0 0 255
249.796 357.131 0 0 0 255
250.546 356.93 0 0 0 255
250.546 358.43 0 0 0 255
250.546 356.93 0 0 0 255
251.296 357.131 0 0 0 255
250.546 358.43 0 0 0 255
251.296 357.131 0 0 0 255
251.845 357.68 0 0 0 255
250.546 358.43 0 0 0 255
251.845 357.68 0 0 0 255
252.046 358.43 0 0 0 255
250.487 356.931 0 0 0 255
250.604 359.929 0 0 0 255
244.171 357.18 0 0 0 255
250.604 359.929 0 0 0 255
244.289 360.177 0 0 0 255
244.171 357.18 0 0 0 255
244.23 358.679 0 0 0 255
245.73 358.679 0 0 0 255
245.529 359.429 0 0 0 255
244.23 358.679 0 0 0 255
245.529 359.429 0 0 0 255
244.98 359.978 0 0 0 255
244.23 358.679 0 0 0 255
244.98 359.978 0 0 0 255
244.23 360.179 0 0 0 255
244.23 358.679 0 0 0 255
244.23 360.179 0 0 0 255
243.48 359.978 0 0 0 255
244.23 358.679 0 0 0 255
243.48 359.978 0 0 0 255
242.931 359.429 0 0 0 255
244.23 358.679 0 0 0 255
242.931 359.429 0 0 0 255
242.73 358.679 0 0 0 255
244.23 358.679 0 0 0 255
242.73 358.679 0 0 0 255
242.931 357.929 0 0 0 255
244.23 358.679 0 0 0 255
242.931 357.929 0 0 0 255
243.48 357.38 0 0 0 255
244.23 358.679 0 0 0 255
243.48 357.38 0 0 0 255
244.23 357.179 0 0 0 255
244.23 358.679 0 0 0 255
244.23 357.179 0 0 0 255
244.98 357.38 0 0 0 255
244.23 358.679 0 0 0 255
244.98 357.38 0 0 0 255
245.529 357.929 0 0 0 255
244.23 358.679 0 0 0 255
245.529 357.929 0 0 0 255
245.73 358.679 0 0 0 255
244.165 357.18 0 0 0 255
244.295 360.177 0 0 0 255
237.814 357.456 0 0 0 255
244.295 360.177 0 0 0 255
237.945 360.454 0 0 0 255
237.814 357.456 0 0 0 255
237.879 358.955 0 0 0 255
239.379 358.955 0 0 0 255
239.178 359.705 0 0 0 255
237.879 358.955 0 0 0 255
239.178 359.705 0 0 0 255
238.629 360.254 0 0 0 255
237.879 358.955 0 0 0 255
238.629 360.254 0 0 0 255
237.879 360.455 0 0 0 255
237.879 358.955 0 0 0 255
237.879 360.455 0 0 0 255
237.129 360.254 0 0 0 255
237.879 358.955 0 0 0 255
237.129 360.254 0 0 0 255
236.58 359.705 0 0 0 255
237.879 358.955 0 0 0 255
236.58 359.705 0 0 0 255
236.379 358.955 0 0 0 255
237.879 358.955 0 0 0 255
236.379 358.955 0 0 0 255
236.58 358.205 0 0 0 255
237.879 358.955 0 0 0 255
236.58 358.205 0 0 0 255
237.129 357.656 0 0 0 255
237.879 358.955 0 0 0 255
237.129 357.656 0 0 0 255
237.879 357.455 0 0 0 255
237.879 358.955 0 0 0 255
237.879 357.455 0 0 0 255
238.629 357.656 0 0 0 255
237.879 358.955 0 0 0 255
238.629 357.656 0 0 0 255
239.178 358.205 0 0 0 255
237.879 358.955 0 0 0 255
239.178 358.205 0 0 0 255
239.379 358.955 0 0 0 255
237.808 357.457 0 0 0 255
237.951 360.453 0 0 0 255
231.423 357.761 0 0 0 255
237.951 360.453 0 0 0 255
231.566 360.758 0 0 0 255
231.423 357.761 0 0 0 255
231.494 359.26 0 0 0 255
232.994 359.26 0 0 0 255
232.793 360.01 0 0 0 255
231.494 359.26 0 0 0 255
232.793 360.01 0 0 0 255
232.244 360.559 0 0 0 255
231.494 359.26 0 0 0 255
232.244 360.559 0 0 0 255
231.494 360.76 0 0 0 255
231.494 359.26 0 0 0 255
231.494 360.76 0 0 0 255
230.744 360.559 0 0 0 255
231.494 359.26 0 0 0 255
230.744 360.559 0 0 0 255
230.195 360.01 0 0 0 255
231.494 359.26 0 0 0 255
230.195 360.01 0 0 0 255
229.994 359.26 0 0 0 255
231.494 359.26 0 0 0 255
229.994 359.26 0 0 0 255
230.195 358.51 0 0 0 255
231.494 359.26 0 0 0 255
230.195 358.51 0 0 0 255
230.744 357.961 0 0 0 255
231.494 359.26 0 0 0 255
230.744 357.961 0 0 0 255
231.494 357.76 0 0 0 255
231.494 359.26 0 0 0 255
231.494 357.76 0 0 0 255
232.244 357.961 0 0 0 255
231.494 359.26 0 0 0 255
232.244 357.961 0 0 0 255
232.793 358.51 0 0 0 255
231.494 359.26 0 0 0 255
232.793 358.51 0 0 0 255
232.994 359.26 0 0 0 255
231.417 357.762 0 0 0 255
231.572 360.758 0 0 0 255
224.997 358.095 0 0 0 255
231.572 360.758 0 0 0 255
225.152 361.09 0 0 0 255
224.997 358.095 0 0 0 255
225.075 359.592 0 0 0 255
226.575 359.592 0 0 0 255
226.374 360.342 0 0 0 255
225.075 359.592 0 0 0 255
226.374 360.342 0 0 0 255
225.825 360.892 0 0 0 255
225.075 359.592 0 0 0 255
225.825 360.892 0 0 0 255
225.075 361.092 0 0 0 255
225.075 359.592 0 0 0 255
225.075 361.092 0 0 0 255
224.325 360.892 0 0 0 255
225.075 359.592 0 0 0 255
224.325 360.892 0 0 0 255
223.776 360.342 0 0 0 255
225.075 359.592 0 0 0 255
223.776 360.342 0 0 0 255
223.575 359.592 0 0 0 255
225.075 359.592 0 0 0 255
223.575 359.592 0 0 0 255
223.776 358.842 0 0 0 255
225.075 359.592 0 0 0 255
223.776 358.842 0 0 0 255
224.325 358.293 0 0 0 255
225.075 359.592 0 0 0 255
224.325 358.293 0 0 0 255
225.075 358.092 0 0 0 255
225.075 359.592 0 0 0 255
225.075 358.092 0 0 0 255
225.825 358.293 0 0 0 255
225.075 359.592 0 0 0 255
225.825 358.293 0 0 0 255
226.374 358.842 0 0 0 255
225.075 359.592 0 0 0 255
226.374 358.842 0 0 0 255
226.575 359.592 0 0 0 255
224.994 358.095 0 0 0 255
225.155 361.09 0 0 0 255
218.994 358.415 0 0 0 255
225.155 361.09 0 0 0 255
219.155 361.411 0 0 0 255
218.994 358.415 0 0 0 255
219.075 359.913 0 0 0 255
220.575 359.913 0 0 0 255
220.374 360.663 0 0 0 255
219.075 359.913 0 0 0 255
220.374 360.663 0 0 0 255
219.825 361.212 0 0 0 255
219.075 359.913 0 0 0 255
219.825 361.212 0 0 0 255
219.075 361.413 0 0 0 255
219.075 359.913 0 0 0 255
219.075 361.413 0 0 0 255
218.325 361.212 0 0 0 255
219.075 359.913 0 0 0 255
218.325 361.212 0 0 0 255
217.775 360.663 0 0 0 255
219.075 359.913 0 0 0 255
217.775 360.663 0 0 0 255
217.575 359.913 0 0 0 255
219.075 359.913 0 0 0 255
217.575 359.913 0 0 0 255
217.775 359.163 0 0 0 255
219.075 359.913 0 0 0 255
217.775 359.163 0 0 0 255
218.325 358.614 0 0 0 255
219.075 359.913 0 0 0 255
218.325 358.614 0 0 0 255
219.075 358.413 0 0 0 255
219.075 359.913 0 0 0 255
219.075 358.413 0 0 0 255
219.825 358.614 0 0 0 255
219.075 359.913 0 0 0 255
219.825 358.614 0 0 0 255
220.374 359.163 0 0 0 255
219.075 359.913 0 0 0 255
220.374 359.163 0 0 0 255
220.575 359.913 0 0 0 255
218.996 358.415 0 0 0 255
219.153 361.411 0 0 0 255
213.87 358.684 0 0 0 255
219.153 361.411 0 0 0 255
214.027 361.68 0 0 0 255
213.87 358.684 0 0 0 255
213.949 360.182 0 0 0 255
215.449 360.182 0 0 0 255
215.248 360.932 0 0 0 255
213.949 360.182 0 0 0 255
215.248 360.932 0 0 0 255
214.699 361.481 0 0 0 255
213.949 360.182 0 0 0 255
214.699 361.481 0 0 0 255
213.949 361.682 0 0 0 255
213.949 360.182 0 0 0 255
213.949 361.682 0 0 0 255
213.199 361.481 0 0 0 255
213.949 360.182 0 0 0 255
213.199 361.481 0 0 0 255
212.65 360.932 0 0 0 255
213.949 360.182 0 0 0 255
212.65 360.932 0 0 0 255
212.449 360.182 0 0 0 255
213.949 360.182 0 0 0 255
212.449 360.182 0 0 0 255
212.65 359.432 0 0 0 255
213.949 360.182 0 0 0 255
212.65 359.432 0 0 0 255
213.199 358.883 0 0 0 255
213.949 360.182 0 0 0 255
213.199 358.883 0 0 0 255
213.949 358.682 0 0 0 255
213.949 360.182 0 0 0 255
213.949 358.682 0 0 0 255
214.699 358.883 0 0 0 255
213.949 360.182 0 0 0 255
214.699 358.883 0 0 0 255
215.248 359.432 0 0 0 255
213.949 360.182 0 0 0 255
215.248 359.432 0 0 0 255
215.449 360.182 0 0 0 255
213.872 358.684 0 0 0 255
214.025 361.68 0 0 0 255
209.62 358.901 0 0 0 255
214.025 361.68 0 0 0 255
209.773 361.897 0 0 0 255
209.62 358.901 0 0 0 255
209.697 360.399 0 0 0 255
211.197 360.399 0 0 0 255
210.996 361.149 0 0 0 255
209.697 360.399 0 0 0 255
210.996 361.149 0 0 0 255
210.447 361.698 0 0 0 255
209.697 360.399 0 0 0 255
210.447 361.698 0 0 0 255
209.697 361.899 0 0 0 255
209.697 360.399 0 0 0 255
209.697 361.899 0 0 0 255
208.947 361.698 0 0 0 255
209.697 360.399 0 0 0 255
208.947 361.698 0 0 0 255
208.398 361.149 0 0 0 255
209.697 360.399 0 0 0 255
208.398 361.149 0 0 0 255
208.197 360.399 0 0 0 255
209.697 360.399 0 0 0 255
208.197 360.399 0 0 0 255
208.398 359.649 0 0 0 255
209.697 360.399 0 0 0 255
208.398 359.649 0 0 0 255
208.947 359.1 0 0 0 255
209.697 360.399 0 0 0 255
208.947 359.1 0 0 0 255
209.697 358.899 0 0 0 255
209.697 360.399 0 0 0 255
209.697 358.899 0 0 0 255
210.447 359.1 0 0 0 255
209.697 360.399 0 0 0 255
210.447 359.1 0 0 0 255
210.996 359.649 0 0 0 255
209.697 360.399 0 0 0 255
210.996 359.649 0 0 0 255
211.197 360.399 0 0 0 255
209.624 358.901 0 0 0 255
209.77 361.897 0 0 0 255
206.246 359.066 0 0 0 255
209.77 361.897 0 0 0 255
206.392 362.062 0 0 0 255
206.246 359.066 0 0 0 255
206.319 360.564 0 0 0 255
207.819 360.564 0 0 0 255
207.618 361.314 0 0 0 255
206.319 360.564 0 0 0 255
207.618 361.314 0 0 0 255
207.069 361.863 0 0 0 255
206.319 360.564 0 0 0 255
207.069 361.863 0 0 0 255
206.319 362.064 0 0 0 255
206.319 360.564 0 0 0 255
206.319 362.064 0 0 0 255
205.569 361.863 0 0 0 255
206.319 360.564 0 0 0 255
205.569 361.863 0 0 0 255
205.02 361.314 0 0 0 255
206.319 360.564 0 0 0 255
205.02 361.314 0 0 0 255
204.819 360.564 0 0 0 255
206.319 360.564 0 0 0 255
204.819 360.564 0 0 0 255
205.02 359.814 0 0 0 255
206.319 360.564 0 0 0 255
205.02 359.814 0 0 0 255
205.569 359.265 0 0 0 255
206.319 360.564 0 0 0 255
205.569 359.265 0 0 0 255
206.319 359.064 0 0 0 255
206.319 360.564 0 0 0 255
206.319 359.064 0 0 0 255
207.069 359.265 0 0 0 255
206.319 360.564 0 0 0 255
207.069 359.265 0 0 0 255
207.618 359.814 0 0 0 255
206.319 360.564 0 0 0 255
207.618 359.814 0 0 0 255
207.819 360.564 0 0 0 255
206.252 359.065 0 0 0 255
206.387 362.062 0 0 0 255
203.748 359.178 0 0 0 255
206.387 362.062 0 0 0 255
203.883 362.175 0 0 0 255
203.748 359.178 0 0 0 255
203.816 360.677 0 0 0 255
205.316 360.677 0 0 0 255
205.115 361.427 0 0 0 255
203.816 360.677 0 0 0 255
205.115 361.427 0 0 0 255
204.566 361.976 0 0 0 255
203.816 360.677 0 0 0 255
204.566 361.976 0 0 0 255
203.816 362.177 0 0 0 255
203.816 360.677 0 0 0 255
203.816 362.177 0 0 0 255
203.066 361.976 0 0 0 255
203.816 360.677 0 0 0 255
203.066 361.976 0 0 0 255
202.517 361.427 0 0 0 255
203.816 360.677 0 0 0 255
202.517 361.427 0 0 0 255
202.316 360.677 0 0 0 255
203.816 360.677 0 0 0 255
202.316 360.677 0 0 0 255
202.517 359.927 0 0 0 255
203.816 360.677 0 0 0 255
202.517 359.927 0 0 0 255
203.066 359.378 0 0 0 255
203.816 360.677 0 0 0 255
203.066 359.378 0 0 0 255
203.816 359.177 0 0 0 255
203.816 360.677 0 0 0 255
203.816 359.177 0 0 0 255
204.566 359.378 0 0 0 255
203.816 360.677 0 0 0 255
204.566 359.378 0 0 0 255
205.115 359.927 0 0 0 255
203.816 360.677 0 0 0 255
205.115 359.927 0 0 0 255
205.316 360.677 0 0 0 255
203.76 359.178 0 0 0 255
203.872 362.176 0 0 0 255
202.131 359.238 0 0 0 255
203.872 362.176 0 0 0 255
202.242 362.236 0 0 0 255
202.131 359.238 0 0 0 255
202.187 360.737 0 0 0 255
203.687 360.737 0 0 0 255
203.486 361.487 0 0 0 255
202.187 360.737 0 0 0 255
203.486 361.487 0 0 0 255
202.937 362.036 0 0 0 255
202.187 360.737 0 0 0 255
202.937 362.036 0 0 0 255
202.187 362.237 0 0 0 255
202.187 360.737 0 0 0 255
202.187 362.237 0 0 0 255
201.437 362.036 0 0 0 255
202.187 360.737 0 0 0 255
201.437 362.036 0 0 0 255
200.888 361.487 0 0 0 255
202.187 360.737 0 0 0 255
200.888 361.487 0 0 0 255
200.687 360.737 0 0 0 255
202.187 360.737 0 0 0 255
200.687 360.737 0 0 0 255
200.888 359.987 0 0 0 255
202.187 360.737 0 0 0 255
200.888 359.987 0 0 0 255
201.437 359.438 0 0 0 255
202.187 360.737 0 0 0 255
201.437 359.438 0 0 0 255
202.187 359.237 0 0 0 255
202.187 360.737 0 0 0 255
202.187 359.237 0 0 0 255
202.937 359.438 0 0 0 255
202.187 360.737 0 0 0 255
202.937 359.438 0 0 0 255
203.486 359.987 0 0 0 255
202.187 360.737 0 0 0 255
203.486 359.987 0 0 0 255
203.687 360.737 0 0 0 255
202.221 359.238 0 0 0 255
202.153 362.237 0 0 0 255
201.218 359.215 0 0 0 255
202.153 362.237 0 0 0 255
201.15 362.214 0 0 0 255
201.218 359.215 0 0 0 255
201.184 360.715 0 0 0 255
202.684 360.715 0 0 0 255
202.483 361.465 0 0 0 255
201.184 360.715 0 0 0 255
202.483 361.465 0 0 0 255
201.934 362.014 0 0 0 255
201.184 360.715 0 0 0 255
201.934 362.014 0 0 0 255
201.184 362.215 0 0 0 255
201.184 360.715 0 0 0 255
201.184 362.215 0 0 0 255
200.434 362.014 0 0 0 255
201.184 360.715 0 0 0 255
200.434 362.014 0 0 0 255
199.885 361.465 0 0 0 255
201.184 360.715 0 0 0 255
199.885 361.465 0 0 0 255
199.684 360.715 0 0 0 255
201.184 360.715 0 0 0 255
199.684 360.715 0 0 0 255
199.885 359.965 0 0 0 255
201.184 360.715 0 0 0 255
199.885 359.965 0 0 0 255
200.434 359.415 0 0 0 255
201.184 360.715 0 0 0 255
200.434 359.415 0 0 0 255
201.184 359.215 0 0 0 255
201.184 360.715 0 0 0 255
201.184 359.215 0 0 0 255
201.934 359.415 0 0 0 255
201.184 360.715 0 0 0 255
201.934 359.415 0 0 0 255
202.483 359.965 0 0 0 255
201.184 360.715 0 0 0 255
202.483 359.965 0 0 0 255
202.684 360.715 0 0 0 255
201.508 359.25 0 0 0 255
200.86 362.179 0 0 0 255
200.886 359.112 0 0 0 255
200.86 362.179 0 0 0 255
200.238 362.042 0 0 0 255
200.886 359.112 0 0 0 255
200.562 360.577 0 0 0 255
202.062 360.577 0 0 0 255
201.861 361.327 0 0 0 255
200.562 360.577 0 0 0 255
201.861 361.327 0 0 0 255
201.312 361.876 0 0 0 255
200.562 360.577 0 0 0 255
201.312 361.876 0 0 0 255
200.562 362.077 0 0 0 255
200.562 360.577 0 0 0 255
200.562 362.077 0 0 0 255
199.812 361.876 0 0 0 255
200.562 360.577 0 0 0 255
199.812 361.876 0 0 0 255
199.263 361.327 0 0 0 255
200.562 360.577 0 0 0 255
199.263 361.327 0 0 0 255
199.062 360.577 0 0 0 255
200.562 360.577 0 0 0 255
199.062 360.577 0 0 0 255
199.263 359.827 0 0 0 255
200.562 360.577 0 0 0 255
199.263 359.827 0 0 0 255
199.812 359.278 0 0 0 255
200.562 360.577 0 0 0 255
199.812 359.278 0 0 0 255
200.562 359.077 0 0 0 255
200.562 360.577 0 0 0 255
200.562 359.077 0 0 0 255
201.312 359.278 0 0 0 255
200.562 360.577 0 0 0 255
201.312 359.278 0 0 0 255
201.861 359.827 0 0 0 255
200.562 360.577 0 0 0 255
201.861 359.827 0 0 0 255
202.062 360.577 0 0 0 255
201.643 359.537 0 0 0 255
199.481 361.617 0 0 0 255
201.4 359.285 0 0 0 255
199.481 361.617 0 0 0 255
199.238 361.364 0 0 0 255
201.4 359.285 0 0 0 255
200.319 360.325 0 0 0 255
201.819 360.325 0 0 0 255
201.618 361.075 0 0 0 255
200.319 360.325 0 0 0 255
201.618 361.075 0 0 0 255
201.069 361.624 0 0 0 255
200.319 360.325 0 0 0 255
201.069 361.624 0 0 0 255
200.319 361.825 0 0 0 255
200.319 360.325 0 0 0 255
200.319 361.825 0 0 0 255
199.569 361.624 0 0 0 255
200.319 360.325 0 0 0 255
199.569 361.624 0 0 0 255
199.02 361.075 0 0 0 255
200.319 360.325 0 0 0 255
199.02 361.075 0 0 0 255
198.819 360.325 0 0 0 255
200.319 360.325 0 0 0 255
198.819 360.325 0 0 0 255
199.02 359.575 0 0 0 255
200.319 360.325 0 0 0 255
199.02 359.575 0 0 0 255
199.569 359.025 0 0 0 255
200.319 360.325 0 0 0 255
199.569 359.025 0 0 0 255
200.319 358.825 0 0 0 255
200.319 360.325 0 0 0 255
200.319 358.825 0 0 0 255
201.069 359.025 0 0 0 255
200.319 360.325 0 0 0 255
201.069 359.025 0 0 0 255
201.618 359.575 0 0 0 255
200.319 360.325 0 0 0 255
201.618 359.575 0 0 0 255
201.819 360.325 0 0 0 255
201.724 360.849 0 0 0 255
198.914 359.8 0 0 0 255
201.861 360.482 0 0 0 255
198.914 359.8 0 0 0 255
199.051 359.433 0 0 0 255
201.861 360.482 0 0 0 255
200.456 359.957 0 0 0 255
201.956 359.957 0 0 0 255
201.755 360.707 0 0 0 255
200.456 359.957 0 0 0 255
201.755 360.707 0 0 0 255
201.206 361.256 0 0 0 255
200.456 359.957 0 0 0 255
201.206 361.256 0 0 0 255
200.456 361.457 0 0 0 255
200.456 359.957 0 0 0 255
200.456 361.457 0 0 0 255
199.706 361.256 0 0 0 255
200.456 359.957 0 0 0 255
199.706 361.256 0 0 0 255
199.157 360.707 0 0 0 255
200.456 359.957 0 0 0 255
199.157 360.707 0 0 0 255
198.956 359.957 0 0 0 255
200.456 359.957 0 0 0 255
198.956 359.957 0 0 0 255
199.157 359.207 0 0 0 255
200.456 359.957 0 0 0 255
199.157 359.207 0 0 0 255
199.706 358.658 0 0 0 255
200.456 359.957 0 0 0 255
199.706 358.658 0 0 0 255
200.456 358.457 0 0 0 255
200.456 359.957 0 0 0 255
200.456 358.457 0 0 0 255
201.206 358.658 0 0 0 255
200.456 359.957 0 0 0 255
201.206 358.658 0 0 0 255
201.755 359.207 0 0 0 255
200.456 359.957 0 0 0 255
201.755 359.207 0 0 0 255
201.956 359.957 0 0 0 255
201.479 361.054 0 0 0 255
199.433 358.86 0 0 0 255
201.996 360.572 0 0 0 255
199.433 358.86 0 0 0 255
199.95 358.378 0 0 0 255
201.996 360.572 0 0 0 255
200.973 359.475 0 0 0 255
202.473 359.475 0 0 0 255
202.272 360.225 0 0 0 255
200.973 359.475 0 0 0 255
202.272 360.225 0 0 0 255
201.723 360.774 0 0 0 255
200.973 359.475 0 0 0 255
201.723 360.774 0 0 0 255
200.973 360.975 0 0 0 255
200.973 359.475 0 0 0 255
200.973 360.975 0 0 0 255
200.223 360.774 0 0 0 255
200.973 359.475 0 0 0 255
200.223 360.774 0 0 0 255
199.674 360.225 0 0 0 255
200.973 359.475 0 0 0 255
199.674 360.225 0 0 0 255
199.473 359.475 0 0 0 255
200.973 359.475 0 0 0 255
199.473 359.475 0 0 0 255
199.674 358.725 0 0 0 255
200.973 359.475 0 0 0 255
199.674 358.725 0 0 0 255
200.223 358.176 0 0 0 255
200.973 359.475 0 0 0 255
200.223 358.176 0 0 0 255
200.973 357.975 0 0 0 255
200.973 359.475 0 0 0 255
200.973 357.975 0 0 0 255
201.723 358.176 0 0 0 255
200.973 359.475 0 0 0 255
201.723 358.176 0 0 0 255
202.272 358.725 0 0 0 255
200.973 359.475 0 0 0 255
202.272 358.725 0 0 0 255
202.473 359.475 0 0 0 255
201.804 360.724 0 0 0 255
200.142 358.227 0 0 0 255
202.701 360.127 0 0 0 255
200.142 358.227 0 0 0 255
201.038 357.63 0 0 0 255
202.701 360.127 0 0 0 255
201.87 358.878 0 0 0 255
203.37 358.878 0 0 0 255
203.169 359.628 0 0 0 255
201.87 358.878 0 0 0 255
203.169 359.628 0 0 0 255
202.62 360.177 0 0 0 255
201.87 358.878 0 0 0 255
202.62 360.177 0 0 0 255
201.87 360.378 0 0 0 255
201.87 358.878 0 0 0 255
201.87 360.378 0 0 0 255
201.12 360.177 0 0 0 255
201.87 358.878 0 0 0 255
201.12 360.177 0 0 0 255
200.571 359.628 0 0 0 255
201.87 358.878 0 0 0 255
200.571 359.628 0 0 0 255
200.37 358.878 0 0 0 255
201.87 358.878 0 0 0 255
200.37 358.878 0 0 0 255
200.571 358.128 0 0 0 255
201.87 358.878 0 0 0 255
200.571 358.128 0 0 0 255
201.12 357.579 0 0 0 255
201.87 358.878 0 0 0 255
201.12 357.579 0 0 0 255
201.87 357.378 0 0 0 255
201.87 358.878 0 0 0 255
201.87 357.378 0 0 0 255
202.62 357.579 0 0 0 255
201.87 358.878 0 0 0 255
202.62 357.579 0 0 0 255
203.169 358.128 0 0 0 255
201.87 358.878 0 0 0 255
203.169 358.128 0 0 0 255
203.37 358.878 0 0 0 255
202.632 360.17 0 0 0 255
201.107 357.587 0 0 0 255
203.766 359.5 0 0 0 255
201.107 357.587 0 0 0 255
202.24 356.917 0 0 0 255
203.766 359.5 0 0 0 255
203.003 358.209 0 0 0 255
204.503 358.209 0 0 0 255
204.302 358.959 0 0 0 255
203.003 358.209 0 0 0 255
204.302 358.959 0 0 0 255
203.753 359.508 0 0 0 255
203.003 358.209 0 0 0 255
203.753 359.508 0 0 0 255
203.003 359.709 0 0 0 255
203.003 358.209 0 0 0 255
203.003 359.709 0 0 0 255
202.253 359.508 0 0 0 255
203.003 358.209 0 0 0 255
202.253 359.508 0 0 0 255
201.704 358.959 0 0 0 255
203.003 358.209 0 0 0 255
201.704 358.959 0 0 0 255
201.503 358.209 0 0 0 255
203.003 358.209 0 0 0 255
201.503 358.209 0 0 0 255
201.704 357.459 0 0 0 255
203.003 358.209 0 0 0 255
201.704 357.459 0 0 0 255
202.253 356.91 0 0 0 255
203.003 358.209 0 0 0 255
202.253 356.91 0 0 0 255
203.003 356.709 0 0 0 255
203.003 358.209 0 0 0 255
203.003 356.709 0 0 0 255
203.753 356.91 0 0 0 255
203.003 358.209 0 0 0 255
203.753 356.91 0 0 0 255
204.302 357.459 0 0 0 255
203.003 358.209 0 0 0 255
204.302 357.459 0 0 0 255
204.503 358.209 0 0 0 255
203.746 359.512 0 0 0 255
202.26 356.906 0 0 0 255
204.972 358.812 0 0 0 255
202.26 356.906 0 0 0 255
203.486 356.206 0 0 0 255
204.972 358.812 0 0 0 255
204.229 357.509 0 0 0 255
205.729 357.509 0 0 0 255
205.528 358.259 0 0 0 255
204.229 357.509 0 0 0 255
205.528 358.259 0 0 0 255
204.979 358.809 0 0 0 255
204.229 357.509 0 0 0 255
204.979 358.809 0 0 0 255
204.229 359.009 0 0 0 255
204.229 357.509 0 0 0 255
204.229 359.009 0 0 0 255
203.479 358.809 0 0 0 255
204.229 357.509 0 0 0 255
203.479 358.809 0 0 0 255
202.93 358.259 0 0 0 255
204.229 357.509 0 0 0 255
202.93 358.259 0 0 0 255
202.729 357.509 0 0 0 255
204.229 357.509 0 0 0 255
202.729 357.509 0 0 0 255
202.93 356.759 0 0 0 255
204.229 357.509 0 0 0 255
202.93 356.759 0 0 0 255
203.479 356.21 0 0 0 255
204.229 357.509 0 0 0 255
203.479 356.21 0 0 0 255
204.229 356.009 0 0 0 255
204.229 357.509 0 0 0 255
204.229 356.009 0 0 0 255
204.979 356.21 0 0 0 255
204.229 357.509 0 0 0 255
204.979 356.21 0 0 0 255
205.528 356.759 0 0 0 255
204.229 357.509 0 0 0 255
205.528 356.759 0 0 0 255
205.729 357.509 0 0 0 255
204.954 358.822 0 0 0 255
203.504 356.197 0 0 0 255
206.274 358.093 0 0 0 255
203.504 356.197 0 0 0 255
204.823 355.468 0 0 0 255
206.274 358.093 0 0 0 255
205.548 356.78 0 0 0 255
207.048 356.78 0 0 0 255
206.847 357.53 0 0 0 255
205.548 356.78 0 0 0 255
206.847 357.53 0 0 0 255
206.298 358.079 0 0 0 255
205.548 356.78 0 0 0 255
206.298 358.079 0 0 0 255
205.548 358.28 0 0 0 255
205.548 356.78 0 0 0 255
205.548 358.28 0 0 0 255
204.798 358.079 0 0 0 255
205.548 356.78 0 0 0 255
204.798 358.079 0 0 0 255
204.249 357.53 0 0 0 255
205.548 356.78 0 0 0 255
204.249 357.53 0 0 0 255
204.048 356.78 0 0 0 255
205.548 356.78 0 0 0 255
204.048 356.78 0 0 0 255
204.249 356.03 0 0 0 255
205.548 356.78 0 0 0 255
204.249 356.03 0 0 0 255
204.798 355.481 0 0 0 255
205.548 356.78 0 0 0 255
204.798 355.481 0 0 0 255
205.548 355.28 0 0 0 255
205.548 356.78 0 0 0 255
205.548 355.28 0 0 0 255
206.298 355.481 0 0 0 255
205.548 356.78 0 0 0 255
206.298 355.481 0 0 0 255
206.847 356.03 0 0 0 255
205.548 356.78 0 0 0 255
206.847 356.03 0 0 0 255
207.048 356.78 0 0 0 255
206.258 358.102 0 0 0 255
204.838 355.459 0 0 0 255
207.671 357.343 0 0 0 255
204.838 355.459 0 0 0 255
206.251 354.7 0 0 0 255
207.671 357.343 0 0 0 255
206.961 356.021 0 0 0 255
208.461 356.021 0 0 0 255
208.26 356.771 0 0 0 255
206.961 356.021 0 0 0 255
208.26 356.771 0 0 0 255
207.711 357.32 0 0 0 255
206.961 356.021 0 0 0 255
207.711 357.32 0 0 0 255
206.961 357.521 0 0 0 255
206.961 356.021 0 0 0 255
206.961 357.521 0 0 0 255
206.211 357.32 0 0 0 255
206.961 356.021 0 0 0 255
206.211 357.32 0 0 0 255
205.662 356.771 0 0 0 255
206.961 356.021 0 0 0 255
205.662 356.771 0 0 0 255
205.461 356.021 0 0 0 255
206.961 356.021 0 0 0 255
205.461 356.021 0 0 0 255
205.662 355.271 0 0 0 255
206.961 356.021 0 0 0 255
205.662 355.271 0 0 0 255
206.211 354.722 0 0 0 255
206.961 356.021 0 0 0 255
206.211 354.722 0 0 0 255
206.961 354.521 0 0 0 255
206.961 356.021 0 0 0 255
206.961 354.521 0 0 0 255
207.711 354.722 0 0 0 255
206.961 356.021 0 0 0 255
207.711 354.722 0 0 0 255
208.26 355.271 0 0 0 255
206.961 356.021 0 0 0 255
208.26 355.271 0 0 0 255
208.461 356.021 0 0 0 255
207.657 357.35 0 0 0 255
206.265 354.693 0 0 0 255
209.163 356.561 0 0 0 255
206.265 354.693 0 0 0 255
207.771 353.904 0 0 0 255
209.163 356.561 0 0 0 255
208.467 355.233 0 0 0 255
209.967 355.233 0 0 0 255
209.766 355.983 0 0 0 255
208.467 355.233 0 0 0 255
209.766 355.983 0 0 0 255
209.217 356.532 0 0 0 255
208.467 355.233 0 0 0 255
209.217 356.532 0 0 0 255
208.467 356.733 0 0 0 255
208.467 355.233 0 0 0 255
208.467 356.733 0 0 0 255
207.717 356.532 0 0 0 255
208.467 355.233 0 0 0 255
207.717 356.532 0 0 0 255
207.168 355.983 0 0 0 255
208.467 355.233 0 0 0 255
207.168 355.983 0 0 0 255
206.967 355.233 0 0 0 255
208.467 355.233 0 0 0 255
206.967 355.233 0 0 0 255
207.168 354.483 0 0 0 255
208.467 355.233 0 0 0 255
207.168 354.483 0 0 0 255
207.717 353.934 0 0 0 255
208.467 355.233 0 0 0 255
207.717 353.934 0 0 0 255
208.467 353.733 0 0 0 255
208.467 355.233 0 0 0 255
208.467 353.733 0 0 0 255
209.217 353.934 0 0 0 255
208.467 355.233 0 0 0 255
209.217 353.934 0 0 0 255
209.766 354.483 0 0 0 255
208.467 355.233 0 0 0 255
209.766 354.483 0 0 0 255
209.967 355.233 0 0 0 255
209.15 356.568 0 0 0 255
207.783 353.897 0 0 0 255
210.749 355.749 0 0 0 255
207.783 353.897 0 0 0 255
209.382 353.079 0 0 0 255
210.749 355.749 0 0 0 255
210.066 354.414 0 0 0 255
211.566 354.414 0 0 0 255
211.365 355.164 0 0 0 255
210.066 354.414 0 0 0 255
211.365 355.164 0 0 0 255
210.816 355.713 0 0 0 255
210.066 354.414 0 0 0 255
210.816 355.713 0 0 0 255
210.066 355.914 0 0 0 255
210.066 354.414 0 0 0 255
210.066 355.914 0 0 0 255
209.316 355.713 0 0 0 255
210.066 354.414 0 0 0 255
209.316 355.713 0 0 0 255
208.766 355.164 0 0 0 255
210.066 354.414 0 0 0 255
208.766 355.164 0 0 0 255
208.566 354.414 0 0 0 255
210.066 354.414 0 0 0 255
208.566 354.414 0 0 0 255
208.766 353.664 0 0 0 255
210.066 354.414 0 0 0 255
208.766 353.664 0 0 0 255
209.316 353.115 0 0 0 255
210.066 354.414 0 0 0 255
209.316 353.115 0 0 0 255
210.066 352.914 0 0 0 255
210.066 354.414 0 0 0 255
210.066 352.914 0 0 0 255
210.816 353.115 0 0 0 255
210.066 354.414 0 0 0 255
210.816 353.115 0 0 0 255
211.365 353.664 0 0 0 255
210.066 354.414 0 0 0 255
211.365 353.664 0 0 0 255
211.566 354.414 0 0 0 255
210.743 355.752 0 0 0 255
209.388 353.076 0 0 0 255
215.68 353.251 0 0 0 255
209.388 353.076 0 0 0 255
214.324 350.575 0 0 0 255
215.68 353.251 0 0 0 255
215.002 351.913 0 0 0 255
216.502 351.913 0 0 0 255
216.301 352.663 0 0 0 255
215.002 351.913 0 0 0 255
216.301 352.663 0 0 0 255
215.752 353.212 0 0 0 255
215.002 351.913 0 0 0 255
215.752 353.212 0 0 0 255
215.002 353.413 0 0 0 255
215.002 351.913 0 0 0 255
215.002 353.413 0 0 0 255
214.252 353.212 0 0 0 255
215.002 351.913 0 0 0 255
214.252 353.212 0 0 0 255
213.703 352.663 0 0 0 255
215.002 351.913 0 0 0 255
213.703 352.663 0 0 0 255
213.502 351.913 0 0 0 255
215.002 351.913 0 0 0 255
213.502 351.913 0 0 0 255
213.703 351.163 0 0 0 255
215.002 351.913 0 0 0 255
213.703 351.163 0 0 0 255
214.252 350.614 0 0 0 255
215.002 351.913 0 0 0 255
214.252 350.614 0 0 0 255
215.002 350.413 0 0 0 255
215.002 351.913 0 0 0 255
215.002 350.413 0 0 0 255
215.752 350.614 0 0 0 255
215.002 351.913 0 0 0 255
215.752 350.614 0 0 0 255
216.301 351.163 0 0 0 255
215.002 351.913 0 0 0 255
216.301 351.163 0 0 0 255
216.502 351.913 0 0 0 255
214.436 350.524 0 0 0 255
215.568 353.302 0 0 0 255
210.414 352.162 0 0 0 255
215.568 353.302 0 0 0 255
211.545 354.94 0 0 0 255
210.414 352.162 0 0 0 255
210.979 353.551 0 0 0 255
212.479 353.551 0 0 0 255
212.278 354.301 0 0 0 255
210.979 353.551 0 0 0 255
212.278 354.301 0 0 0 255
211.729 354.85 0 0 0 255
210.979 353.551 0 0 0 255
211.729 354.85 0 0 0 255
210.979 355.051 0 0 0 255
210.979 353.551 0 0 0 255
210.979 355.051 0 0 0 255
210.229 354.85 0 0 0 255
210.979 353.551 0 0 0 255
210.229 354.85 0 0 0 255
209.68 354.301 0 0 0 255
210.979 353.551 0 0 0 255
209.68 354.301 0 0 0 255
209.479 353.551 0 0 0 255
210.979 353.551 0 0 0 255
209.479 353.551 0 0 0 255
209.68 352.801 0 0 0 255
210.979 353.551 0 0 0 255
209.68 352.801 0 0 0 255
210.229 352.252 0 0 0 255
210.979 353.551 0 0 0 255
210.229 352.252 0 0 0 255
210.979 352.051 0 0 0 255
210.979 353.551 0 0 0 255
210.979 352.051 0 0 0 255
211.729 352.252 0 0 0 255
210.979 353.551 0 0 0 255
211.729 352.252 0 0 0 255
212.278 352.801 0 0 0 255
210.979 353.551 0 0 0 255
212.278 352.801 0 0 0 255
212.479 353.551 0 0 0 255
210.979 353.551 0 0 0 255
212.479 353.551 0 0 0 255
212.365 354.125 0 0 0 255
210.979 353.551 0 0 0 255
212.365 354.125 0 0 0 255
212.04 354.612 0 0 0 255
210.979 353.551 0 0 0 255
212.04 354.612 0 0 0 255
211.553 354.937 0 0 0 255
210.979 353.551 0 0 0 255
211.553 354.937 0 0 0 255
210.979 355.051 0 0 0 255
210.979 353.551 0 0 0 255
210.979 355.051 0 0 0 255
210.405 354.937 0 0 0 255
210.979 353.551 0 0 0 255
210.405 354.937 0 0 0 255
209.919 354.612 0 0 0 255
210.979 353.551 0 0 0 255
209.919 354.612 0 0 0 255
209.594 354.125 0 0 0 255
210.979 353.551 0 0 0 255
209.594 354.125 0 0 0 255
209.479 353.551 0 0 0 255
210.979 353.551 0 0 0 255
209.479 353.551 0 0 0 255
209.594 352.977 0 0 0 255
210.979 353.551 0 0 0 255
209.594 352.977 0 0 0 255
209.919 352.49 0 0 0 255
210.979 353.551 0 0 0 255
209.919 352.49 0 0 0 255
210.405 352.165 0 0 0 255
210.979 353.551 0 0 0 255
210.405 352.165 0 0 0 255
210.979 352.051 0 0 0 255
210.979 353.551 0 0 0 255
210.979 352.051 0 0 0 255
211.553 352.165 0 0 0 255
210.979 353.551 0 0 0 255
211.553 352.165 0 0 0 255
212.04 352.49 0 0 0 255
210.979 353.551 0 0 0 255
212.04 352.49 0 0 0 255
212.365 352.977 0 0 0 255
210.979 353.551 0 0 0 255
212.365 352.977 0 0 0 255
212.479 353.551 0 0 0 255
0 2 0 5430
292.22 396.633 0 0 0 255
293.72 396.633 0 0 0 255
293.606 397.207 0 0 0 255
292.22 396.633 0 0 0 255
293.606 397.207 0 0 0 255
293.281 397.693 0 0 0 255
292.22 396.633 0 0 0 255
293.281 397.693 0 0 0 255
292.794 398.019 0 0 0 255
292.22 396.633 0 0 0 255
292.794 398.019 0 0 0 255
292.22 398.133 0 0 0 255
292.22 396.633 0 0 0 255
292.22 398.133 0 0 0 255
291.646 398.019 0 0 0 255
292.22 396.633 0 0 0 255
291.646 398.019 0 0 0 255
291.159 397.693 0 0 0 255
292.22 396.633 0 0 0 255
291.159 397.693 0 0 0 255
290.834 397.207 0 0 0 255
292.22 396.633 0 0 0 255
290.834 397.207 0 0 0 255
290.72 396.633 0 0 0 255
292.22 396.633 0 0 0 255
290.72 396.633 0 0 0 255
290.834 396.059 0 0 0 255
292.22 396.633 0 0 0 255
290.834 396.059 0 0 0 255
291.159 395.572 0 0 0 255
292.22 396.633 0 0 0 255
291.159 395.572 0 0 0 255
291.646 395.247 0 0 0 255
292.22 396.633 0 0 0 255
291.646 395.247 0 0 0 255
292.22 395.133 0 0 0 255
292.22 396.633 0 0 0 255
292.22 395.133 0 0 0 255
292.794 395.247 0 0 0 255
292.22 396.633 0 0 0 255
292.794 395.247 0 0 0 255
293.281 395.572 0 0 0 255
292.22 396.633 0 0 0 255
293.281 395.572 0 0 0 255
293.606 396.059 0 0 0 255
292.22 396.633 0 0 0 255
293.606 396.059 0 0 0 255
293.72 396.633 0 0 0 255
291.93 395.161 0 0 0 255
292.511 398.104 0 0 0 255
291.913 395.164 0 0 0 255
292.511 398.104 0 0 0 255
292.494 398.108 0 0 0 255
291.913 395.164 0 0 0 255
292.204 396.636 0 0 0 255
293.704 396.636 0 0 0 255
293.503 397.386 0 0 0 255
292.204 396.636 0 0 0 255
293.503 397.386 0 0 0 255
292.954 397.935 0 0 0 255
292.204 396.636 0 0 0 255
292.954 397.935 0 0 0 255
292.204 398.136 0 0 0 255
292.204 396.636 0 0 0 255
292.204 398.136 0 0 0 255
291.454 397.935 0 0 0 255
292.204 396.636 0 0 0 255
291.454 397.935 0 0 0 255
290.904 397.386 0 0 0 255
292.204 396.636 0 0 0 255
290.904 397.386 0 0 0 255
290.704 396.636 0 0 0 255
292.204 396.636 0 0 0 255
290.704 396.636 0 0 0 255
290.904 395.886 0 0 0 255
292.204 396.636 0 0 0 255
290.904 395.886 0 0 0 255
291.454 395.337 0 0 0 255
292.204 396.636 0 0 0 255
291.454 395.337 0 0 0 255
292.204 395.136 0 0 0 255
292.204 396.636 0 0 0 255
292.204 395.136 0 0 0 255
292.954 395.337 0 0 0 255
292.204 396.636 0 0 0 255
292.954 395.337 0 0 0 255
293.503 395.886 0 0 0 255
292.204 396.636 0 0 0 255
293.503 395.886 0 0 0 255
293.704 396.636 0 0 0 255
291.914 395.164 0 0 0 255
292.493 398.108 0 0 0 255
291.864 395.174 0 0 0 255
292.493 398.108 0 0 0 255
292.444 398.118 0 0 0 255
291.864 395.174 0 0 0 255
292.154 396.646 0 0 0 255
293.654 396.646 0 0 0 255
293.453 397.396 0 0 0 255
292.154 396.646 0 0 0 255
293.453 397.396 0 0 0 255
292.904 397.945 0 0 0 255
292.154 396.646 0 0 0 255
292.904 397.945 0 0 0 255
292.154 398.146 0 0 0 255
292.154 396.646 0 0 0 255
292.154 398.146 0 0 0 255
291.404 397.945 0 0 0 255
292.154 396.646 0 0 0 255
291.404 397.945 0 0 0 255
290.855 397.396 0 0 0 255
292.154 396.646 0 0 0 255
290.855 397.396 0 0 0 255
290.654 396.646 0 0 0 255
292.154 396.646 0 0 0 255
290.654 396.646 0 0 0 255
290.855 395.896 0 0 0 255
292.154 396.646 0 0 0 255
290.855 395.896 0 0 0 255
291.404 395.347 0 0 0 255
292.154 396.646 0 0 0 255
291.404 395.347 0 0 0 255
292.154 395.146 0 0 0 255
292.154 396.646 0 0 0 255
292.154 395.146 0 0 0 255
292.904 395.347 0 0 0 255
292.154 396.646 0 0 0 255
292.904 395.347 0 0 0 255
293.453 395.896 0 0 0 255
292.154 396.646 0 0 0 255
293.453 395.896 0 0 0 255
293.654 396.646 0 0 0 255
291.863 395.174 0 0 0 255
292.445 398.117 0 0 0 255
291.78 395.191 0 0 0 255
292.445 398.117 0 0 0 255
292.362 398.134 0 0 0 255
291.78 395.191 0 0 0 255
292.071 396.662 0 0 0 255
293.571 396.662 0 0 0 255
293.37 397.412 0 0 0 255
292.071 396.662 0 0 0 255
293.37 397.412 0 0 0 255
292.821 397.961 0 0 0 255
292.071 396.662 0 0 0 255
292.821 397.961 0 0 0 255
292.071 398.162 0 0 0 255
292.071 396.662 0 0 0 255
292.071 398.162 0 0 0 255
291.321 397.961 0 0 0 255
292.071 396.662 0 0 0 255
291.321 397.961 0 0 0 255
290.772 397.412 0 0 0 255
292.071 396.662 0 0 0 255
290.772 397.412 0 0 0 255
290.571 396.662 0 0 0 255
292.071 396.662 0 0 0 255
290.571 396.662 0 0 0 255
290.772 395.912 0 0 0 255
292.071 396.662 0 0 0 255
290.772 395.912 0 0 0 255
291.321 395.363 0 0 0 255
292.071 396.662 0 0 0 255
291.321 395.363 0 0 0 255
292.071 395.162 0 0 0 255
292.071 396.662 0 0 0 255
292.071 395.162 0 0 0 255
292.821 395.363 0 0 0 255
292.071 396.662 0 0 0 255
292.821 395.363 0 0 0 255
293.37 395.912 0 0 0 255
292.071 396.662 0 0 0 255
293.37 395.912 0 0 0 255
293.571 396.662 0 0 0 255
291.781 395.191 0 0 0 255
292.361 398.134 0 0 0 255
291.665 395.213 0 0 0 255
292.361 398.134 0 0 0 255
292.246 398.157 0 0 0 255
291.665 395.213 0 0 0 255
291.955 396.685 0 0 0 255
293.455 396.685 0 0 0 255
293.254 397.435 0 0 0 255
291.955 396.685 0 0 0 255
293.254 397.435 0 0 0 255
292.705 397.984 0 0 0 255
291.955 396.685 0 0 0 255
292.705 397.984 0 0 0 255
291.955 398.185 0 0 0 255
291.955 396.685 0 0 0 255
291.955 398.185 0 0 0 255
291.205 397.984 0 0 0 255
291.955 396.685 0 0 0 255
291.205 397.984 0 0 0 255
290.656 397.435 0 0 0 255
291.955 396.685 0 0 0 255
290.656 397.435 0 0 0 255
290.455 396.685 0 0 0 255
291.955 396.685 0 0 0 255
290.455 396.685 0 0 0 255
290.656 395.935 0 0 0 255
291.955 396.685 0 0 0 255
290.656 395.935 0 0 0 255
291.205 395.386 0 0 0 255
291.955 396.685 0 0 0 255
291.205 395.386 0 0 0 255
291.955 395.185 0 0 0 255
291.955 396.685 0 0 0 255
291.955 395.185 0 0 0 255
292.705 395.386 0 0 0 255
291.955 396.685 0 0 0 255
292.705 395.386 0 0 0 255
293.254 395.935 0 0 0 255
291.955 396.685 0 0 0 255
293.254 395.935 0 0 0 255
293.455 396.685 0 0 0 255
291.665 395.213 0 0 0 255
292.246 398.157 0 0 0 255
291.516 395.243 0 0 0 255
292.246 398.157 0 0 0 255
292.097 398.186 0 0 0 255
291.516 395.243 0 0 0 255
291.807 396.714 0 0 0 255
293.307 396.714 0 0 0 255
293.106 397.464 0 0 0 255
291.807 396.714 0 0 0 255
293.106 397.464 0 0 0 255
292.557 398.013 0 0 0 255
291.807 396.714 0 0 0 255
292.557 398.013 0 0 0 255
291.807 398.214 0 0 0 255
291.807 396.714 0 0 0 255
291.807 398.214 0 0 0 255
291.057 398.013 0 0 0 255
291.807 396.714 0 0 0 255
291.057 398.013 0 0 0 255
290.508 397.464 0 0 0 255
291.807 396.714 0 0 0 255
290.508 397.464 0 0 0 255
290.307 396.714 0 0 0 255
291.807 396.714 0 0 0 255
290.307 396.714 0 0 0 255
290.508 395.964 0 0 0 255
291.807 396.714 0 0 0 255
290.508 395.964 0 0 0 255
291.057 395.415 0 0 0 255
291.807 396.714 0 0 0 255
291.057 395.415 0 0 0 255
291.807 395.214 0 0 0 255
291.807 396.714 0 0 0 255
291.807 395.214 0 0 0 255
292.557 395.415 0 0 0 255
291.807 396.714 0 0 0 255
292.557 395.415 0 0 0 255
293.106 395.964 0 0 0 255
291.807 396.714 0 0 0 255
293.106 395.964 0 0 0 255
293.307 396.714 0 0 0 255
291.516 395.243 0 0 0 255
292.097 398.186 0 0 0 255
291.334 395.279 0 0 0 255
292.097 398.186 0 0 0 255
291.915 398.222 0 0 0 255
291.334 395.279 0 0 0 255
291.625 396.75 0 0 0 255
293.125 396.75 0 0 0 255
292.924 397.5 0 0 0 255
291.625 396.75 0 0 0 255
292.924 397.5 0 0 0 255
292.375 398.049 0 0 0 255
291.625 396.75 0 0 0 255
292.375 398.049 0 0 0 255
291.625 398.25 0 0 0 255
291.625 396.75 0 0 0 255
291.625 398.25 0 0 0 255
290.875 398.049 0 0 0 255
291.625 396.75 0 0 0 255
290.875 398.049 0 0 0 255
290.326 397.5 0 0 0 255
291.625 396.75 0 0 0 255
290.326 397.5 0 0 0 255
290.125 396.75 0 0 0 255
291.625 396.75 0 0 0 255
290.125 396.75 0 0 0 255
290.326 396 0 0 0 255
291.625 396.75 0 0 0 255
290.326 396 0 0 0 255
290.875 395.451 0 0 0 255
291.625 396.75 0 0 0 255
290.875 395.451 0 0 0 255
291.625 395.25 0 0 0 255
291.625 396.75 0 0 0 255
291.625 395.25 0 0 0 255
292.375 395.451 0 0 0 255
291.625 396.75 0 0 0 255
292.375 395.451 0 0 0 255
292.924 396 0 0 0 255
291.625 396.75 0 0 0 255
292.924 396 0 0 0 255
293.125 396.75 0 0 0 255
291.352 395.275 0 0 0 255
291.897 398.225 0 0 0 255
291.15 395.313 0 0 0 255
291.897 398.225 0 0 0 255
291.695 398.263 0 0 0 255
291.15 395.313 0 0 0 255
291.423 396.788 0 0 0 255
292.923 396.788 0 0 0 255
292.722 397.538 0 0 0 255
291.423 396.788 0 0 0 255
292.722 397.538 0 0 0 255
292.173 398.087 0 0 0 255
291.423 396.788 0 0 0 255
292.173 398.087 0 0 0 255
291.423 398.288 0 0 0 255
291.423 396.788 0 0 0 255
291.423 398.288 0 0 0 255
290.673 398.087 0 0 0 255
291.423 396.788 0 0 0 255
290.673 398.087 0 0 0 255
290.124 397.538 0 0 0 255
291.423 396.788 0 0 0 255
290.124 397.538 0 0 0 255
289.923 396.788 0 0 0 255
291.423 396.788 0 0 0 255
289.923 396.788 0 0 0 255
290.124 396.038 0 0 0 255
291.423 396.788 0 0 0 255
290.124 396.038 0 0 0 255
290.673 395.489 0 0 0 255
291.423 396.788 0 0 0 255
290.673 395.489 0 0 0 255
291.423 395.288 0 0 0 255
291.423 396.788 0 0 0 255
291.423 395.288 0 0 0 255
292.173 395.489 0 0 0 255
291.423 396.788 0 0 0 255
292.173 395.489 0 0 0 255
292.722 396.038 0 0 0 255
291.423 396.788 0 0 0 255
292.722 396.038 0 0 0 255
292.923 396.788 0 0 0 255
291.184 395.307 0 0 0 255
291.661 398.269 0 0 0 255
290.976 395.34 0 0 0 255
291.661 398.269 0 0 0 255
291.452 398.302 0 0 0 255
290.976 395.34 0 0 0 255
291.214 396.821 0 0 0 255
292.714 396.821 0 0 0 255
292.513 397.571 0 0 0 255
291.214 396.821 0 0 0 255
292.513 397.571 0 0 0 255
291.964 398.12 0 0 0 255
291.214 396.821 0 0 0 255
291.964 398.12 0 0 0 255
291.214 398.321 0 0 0 255
291.214 396.821 0 0 0 255
291.214 398.321 0 0 0 255
290.464 398.12 0 0 0 255
291.214 396.821 0 0 0 255
290.464 398.12 0 0 0 255
289.915 397.571 0 0 0 255
291.214 396.821 0 0 0 255
289.915 397.571 0 0 0 255
289.714 396.821 0 0 0 255
291.214 396.821 0 0 0 255
289.714 396.821 0 0 0 255
289.915 396.071 0 0 0 255
291.214 396.821 0 0 0 255
289.915 396.071 0 0 0 255
290.464 395.522 0 0 0 255
291.214 396.821 0 0 0 255
290.464 395.522 0 0 0 255
291.214 395.321 0 0 0 255
291.214 396.821 0 0 0 255
291.214 395.321 0 0 0 255
291.964 395.522 0 0 0 255
291.214 396.821 0 0 0 255
291.964 395.522 0 0 0 255
292.513 396.071 0 0 0 255
291.214 396.821 0 0 0 255
292.513 396.071 0 0 0 255
292.714 396.821 0 0 0 255
291.008 395.335 0 0 0 255
291.421 398.307 0 0 0 255
290.792 395.365 0 0 0 255
291.421 398.307 0 0 0 255
291.205 398.337 0 0 0 255
290.792 395.365 0 0 0 255
290.999 396.851 0 0 0 255
292.499 396.851 0 0 0 255
292.298 397.601 0 0 0 255
290.999 396.851 0 0 0 255
292.298 397.601 0 0 0 255
291.749 398.15 0 0 0 255
290.999 396.851 0 0 0 255
291.749 398.15 0 0 0 255
290.999 398.351 0 0 0 255
290.999 396.851 0 0 0 255
290.999 398.351 0 0 0 255
290.249 398.15 0 0 0 255
290.999 396.851 0 0 0 255
290.249 398.15 0 0 0 255
289.7 397.601 0 0 0 255
290.999 396.851 0 0 0 255
289.7 397.601 0 0 0 255
289.499 396.851 0 0 0 255
290.999 396.851 0 0 0 255
289.499 396.851 0 0 0 255
289.7 396.101 0 0 0 255
290.999 396.851 0 0 0 255
289.7 396.101 0 0 0 255
290.249 395.552 0 0 0 255
290.999 396.851 0 0 0 255
290.249 395.552 0 0 0 255
290.999 395.351 0 0 0 255
290.999 396.851 0 0 0 255
290.999 395.351 0 0 0 255
291.749 395.552 0 0 0 255
290.999 396.851 0 0 0 255
291.749 395.552 0 0 0 255
292.298 396.101 0 0 0 255
290.999 396.851 0 0 0 255
292.298 396.101 0 0 0 255
292.499 396.851 0 0 0 255
290.823 395.361 0 0 0 255
291.175 398.341 0 0 0 255
290.6 395.388 0 0 0 255
291.175 398.341 0 0 0 255
290.952 398.367 0 0 0 255
290.6 395.388 0 0 0 255
290.776 396.877 0 0 0 255
292.276 396.877 0 0 0 255
292.075 397.627 0 0 0 255
290.776 396.877 0 0 0 255
292.075 397.627 0 0 0 255
291.526 398.176 0 0 0 255
290.776 396.877 0 0 0 255
291.526 398.176 0 0 0 255
290.776 398.377 0 0 0 255
290.776 396.877 0 0 0 255
290.776 398.377 0 0 0 255
290.026 398.176 0 0 0 255
290.776 396.877 0 0 0 255
290.026 398.176 0 0 0 255
289.477 397.627 0 0 0 255
290.776 396.877 0 0 0 255
289.477 397.627 0 0 0 255
289.276 396.877 0 0 0 255
290.776 396.877 0 0 0 255
289.276 396.877 0 0 0 255
289.477 396.127 0 0 0 255
290.776 396.877 0 0 0 255
289.477 396.127 0 0 0 255
290.026 395.578 0 0 0 255
290.776 396.877 0 0 0 255
290.026 395.578 0 0 0 255
290.776 395.377 0 0 0 255
290.776 396.877 0 0 0 255
290.776 395.377 0 0 0 255
291.526 395.578 0 0 0 255
290.776 396.877 0 0 0 255
291.526 395.578 0 0 0 255
292.075 396.127 0 0 0 255
290.776 396.877 0 0 0 255
292.075 396.127 0 0 0 255
292.276 396.877 0 0 0 255
290.63 395.385 0 0 0 255
290.923 398.37 0 0 0 255
290.401 395.407 0 0 0 255
290.923 398.37 0 0 0 255
290.694 398.393 0 0 0 255
290.401 395.407 0 0 0 255
290.547 396.9 0 0 0 255
292.047 396.9 0 0 0 255
291.846 397.65 0 0 0 255
290.547 396.9 0 0 0 255
291.846 397.65 0 0 0 255
291.297 398.199 0 0 0 255
290.547 396.9 0 0 0 255
291.297 398.199 0 0 0 255
290.547 398.4 0 0 0 255
290.547 396.9 0 0 0 255
290.547 398.4 0 0 0 255
289.797 398.199 0 0 0 255
290.547 396.9 0 0 0 255
289.797 398.199 0 0 0 255
289.248 397.65 0 0 0 255
290.547 396.9 0 0 0 255
289.248 397.65 0 0 0 255
289.047 396.9 0 0 0 255
290.547 396.9 0 0 0 255
289.047 396.9 0 0 0 255
289.248 396.15 0 0 0 255
290.547 396.9 0 0 0 255
289.248 396.15 0 0 0 255
289.797 395.601 0 0 0 255
290.547 396.9 0 0 0 255
289.797 395.601 0 0 0 255
290.547 395.4 0 0 0 255
290.547 396.9 0 0 0 255
290.547 395.4 0 0 0 255
291.297 395.601 0 0 0 255
290.547 396.9 0 0 0 255
291.297 395.601 0 0 0 255
291.846 396.15 0 0 0 255
290.547 396.9 0 0 0 255
291.846 396.15 0 0 0 255
292.047 396.9 0 0 0 255
290.428 395.405 0 0 0 255
290.667 398.395 0 0 0 255
290.192 395.423 0 0 0 255
290.667 398.395 0 0 0 255
290.431 398.414 0 0 0 255
290.192 395.423 0 0 0 255
290.312 396.919 0 0 0 255
291.812 396.919 0 0 0 255
291.611 397.669 0 0 0 255
290.312 396.919 0 0 0 255
291.611 397.669 0 0 0 255
291.062 398.218 0 0 0 255
290.312 396.919 0 0 0 255
291.062 398.218 0 0 0 255
290.312 398.419 0 0 0 255
290.312 396.919 0 0 0 255
290.312 398.419 0 0 0 255
289.562 398.218 0 0 0 255
290.312 396.919 0 0 0 255
289.562 398.218 0 0 0 255
289.013 397.669 0 0 0 255
290.312 396.919 0 0 0 255
289.013 397.669 0 0 0 255
288.812 396.919 0 0 0 255
290.312 396.919 0 0 0 255
288.812 396.919 0 0 0 255
289.013 396.169 0 0 0 255
290.312 396.919 0 0 0 255
289.013 396.169 0 0 0 255
289.562 395.62 0 0 0 255
290.312 396.919 0 0 0 255
289.562 395.62 0 0 0 255
290.312 395.419 0 0 0 255
290.312 396.919 0 0 0 255
290.312 395.419 0 0 0 255
291.062 395.62 0 0 0 255
290.312 396.919 0 0 0 255
291.062 395.62 0 0 0 255
291.611 396.169 0 0 0 255
290.312 396.919 0 0 0 255
291.611 396.169 0 0 0 255
291.812 396.919 0 0 0 255
290.244 395.42 0 0 0 255
290.379 398.417 0 0 0 255
289.991 395.432 0 0 0 255
290.379 398.417 0 0 0 255
290.126 398.429 0 0 0 255
289.991 395.432 0 0 0 255
290.059 396.93 0 0 0 255
291.559 396.93 0 0 0 255
291.358 397.68 0 0 0 255
290.059 396.93 0 0 0 255
291.358 397.68 0 0 0 255
290.809 398.229 0 0 0 255
290.059 396.93 0 0 0 255
290.809 398.229 0 0 0 255
290.059 398.43 0 0 0 255
290.059 396.93 0 0 0 255
290.059 398.43 0 0 0 255
289.309 398.229 0 0 0 255
290.059 396.93 0 0 0 255
289.309 398.229 0 0 0 255
288.76 397.68 0 0 0 255
290.059 396.93 0 0 0 255
288.76 397.68 0 0 0 255
288.559 396.93 0 0 0 255
290.059 396.93 0 0 0 255
288.559 396.93 0 0 0 255
288.76 396.18 0 0 0 255
290.059 396.93 0 0 0 255
288.76 396.18 0 0 0 255
289.309 395.631 0 0 0 255
290.059 396.93 0 0 0 255
289.309 395.631 0 0 0 255
290.059 395.43 0 0 0 255
290.059 396.93 0 0 0 255
290.059 395.43 0 0 0 255
290.809 395.631 0 0 0 255
290.059 396.93 0 0 0 255
290.809 395.631 0 0 0 255
291.358 396.18 0 0 0 255
290.059 396.93 0 0 0 255
291.358 396.18 0 0 0 255
291.559 396.93 0 0 0 255
290.058 395.43 0 0 0 255
290.059 398.43 0 0 0 255
289.778 395.43 0 0 0 255
290.059 398.43 0 0 0 255
289.779 398.43 0 0 0 255
289.778 395.43 0 0 0 255
289.779 396.93 0 0 0 255
291.279 396.93 0 0 0 255
291.078 397.68 0 0 0 255
289.779 396.93 0 0 0 255
291.078 397.68 0 0 0 255
290.529 398.229 0 0 0 255
289.779 396.93 0 0 0 255
290.529 398.229 0 0 0 255
289.779 398.43 0 0 0 255
289.779 396.93 0 0 0 255
289.779 398.43 0 0 0 255
289.029 398.229 0 0 0 255
289.779 396.93 0 0 0 255
289.029 398.229 0 0 0 255
288.48 397.68 0 0 0 255
289.779 396.93 0 0 0 255
288.48 397.68 0 0 0 255
288.279 396.93 0 0 0 255
289.779 396.93 0 0 0 255
288.279 396.93 0 0 0 255
288.48 396.18 0 0 0 255
289.779 396.93 0 0 0 255
288.48 396.18 0 0 0 255
289.029 395.631 0 0 0 255
289.779 396.93 0 0 0 255
289.029 395.631 0 0 0 255
289.779 395.43 0 0 0 255
289.779 396.93 0 0 0 255
289.779 395.43 0 0 0 255
290.529 395.631 0 0 0 255
289.779 396.93 0 0 0 255
290.529 395.631 0 0 0 255
291.078 396.18 0 0 0 255
289.779 396.93 0 0 0 255
291.078 396.18 0 0 0 255
291.279 396.93 0 0 0 255
289.833 395.431 0 0 0 255
289.724 398.429 0 0 0 255
289.526 395.42 0 0 0 255
289.724 398.429 0 0 0 255
289.417 398.418 0 0 0 255
289.526 395.42 0 0 0 255
289.471 396.919 0 0 0 255
290.971 396.919 0 0 0 255
290.77 397.669 0 0 0 255
289.471 396.919 0 0 0 255
290.77 397.669 0 0 0 255
290.221 398.218 0 0 0 255
289.471 396.919 0 0 0 255
290.221 398.218 0 0 0 255
289.471 398.419 0 0 0 255
289.471 396.919 0 0 0 255
289.471 398.419 0 0 0 255
288.721 398.218 0 0 0 255
289.471 396.919 0 0 0 255
288.721 398.218 0 0 0 255
288.172 397.669 0 0 0 255
289.471 396.919 0 0 0 255
288.172 397.669 0 0 0 255
287.971 396.919 0 0 0 255
289.471 396.919 0 0 0 255
287.971 396.919 0 0 0 255
288.172 396.169 0 0 0 255
289.471 396.919 0 0 0 255
288.172 396.169 0 0 0 255
288.721 395.62 0 0 0 255
289.471 396.919 0 0 0 255
288.721 395.62 0 0 0 255
289.471 395.419 0 0 0 255
289.471 396.919 0 0 0 255
289.471 395.419 0 0 0 255
290.221 395.62 0 0 0 255
289.471 396.919 0 0 0 255
290.221 395.62 0 0 0 255
290.77 396.169 0 0 0 255
289.471 396.919 0 0 0 255
290.77 396.169 0 0 0 255
290.971 396.919 0 0 0 255
289.572 395.422 0 0 0 255
289.371 398.416 0 0 0 255
289.237 395.4 0 0 0 255
289.371 398.416 0 0 0 255
289.037 398.393 0 0 0 255
289.237 395.4 0 0 0 255
289.137 396.897 0 0 0 255
290.637 396.897 0 0 0 255
290.436 397.647 0 0 0 255
289.137 396.897 0 0 0 255
290.436 397.647 0 0 0 255
289.887 398.196 0 0 0 255
289.137 396.897 0 0 0 255
289.887 398.196 0 0 0 255
289.137 398.397 0 0 0 255
289.137 396.897 0 0 0 255
289.137 398.397 0 0 0 255
288.387 398.196 0 0 0 255
289.137 396.897 0 0 0 255
288.387 398.196 0 0 0 255
287.838 397.647 0 0 0 255
289.137 396.897 0 0 0 255
287.838 397.647 0 0 0 255
287.637 396.897 0 0 0 255
289.137 396.897 0 0 0 255
287.637 396.897 0 0 0 255
287.838 396.147 0 0 0 255
289.137 396.897 0 0 0 255
287.838 396.147 0 0 0 255
288.387 395.598 0 0 0 255
289.137 396.897 0 0 0 255
288.387 395.598 0 0 0 255
289.137 395.397 0 0 0 255
289.137 396.897 0 0 0 255
289.137 395.397 0 0 0 255
289.887 395.598 0 0 0 255
289.137 396.897 0 0 0 255
289.887 395.598 0 0 0 255
290.436 396.147 0 0 0 255
289.137 396.897 0 0 0 255
290.436 396.147 0 0 0 255
290.637 396.897 0 0 0 255
289.276 395.403 0 0 0 255
288.998 398.39 0 0 0 255
288.914 395.369 0 0 0 255
288.998 398.39 0 0 0 255
288.636 398.357 0 0 0 255
288.914 395.369 0 0 0 255
288.775 396.863 0 0 0 255
290.275 396.863 0 0 0 255
290.074 397.613 0 0 0 255
288.775 396.863 0 0 0 255
290.074 397.613 0 0 0 255
289.525 398.162 0 0 0 255
288.775 396.863 0 0 0 255
289.525 398.162 0 0 0 255
288.775 398.363 0 0 0 255
288.775 396.863 0 0 0 255
288.775 398.363 0 0 0 255
288.025 398.162 0 0 0 255
288.775 396.863 0 0 0 255
288.025 398.162 0 0 0 255
287.476 397.613 0 0 0 255
288.775 396.863 0 0 0 255
287.476 397.613 0 0 0 255
287.275 396.863 0 0 0 255
288.775 396.863 0 0 0 255
287.275 396.863 0 0 0 255
287.476 396.113 0 0 0 255
288.775 396.863 0 0 0 255
287.476 396.113 0 0 0 255
288.025 395.564 0 0 0 255
288.775 396.863 0 0 0 255
288.025 395.564 0 0 0 255
288.775 395.363 0 0 0 255
288.775 396.863 0 0 0 255
288.775 395.363 0 0 0 255
289.525 395.564 0 0 0 255
288.775 396.863 0 0 0 255
289.525 395.564 0 0 0 255
290.074 396.113 0 0 0 255
288.775 396.863 0 0 0 255
290.074 396.113 0 0 0 255
290.275 396.863 0 0 0 255
288.947 395.373 0 0 0 255
288.603 398.353 0 0 0 255
288.558 395.328 0 0 0 255
288.603 398.353 0 0 0 255
288.214 398.308 0 0 0 255
288.558 395.328 0 0 0 255
288.386 396.818 0 0 0 255
289.886 396.818 0 0 0 255
289.685 397.568 0 0 0 255
288.386 396.818 0 0 0 255
289.685 397.568 0 0 0 255
289.136 398.117 0 0 0 255
288.386 396.818 0 0 0 255
289.136 398.117 0 0 0 255
288.386 398.318 0 0 0 255
288.386 396.818 0 0 0 255
288.386 398.318 0 0 0 255
287.636 398.117 0 0 0 255
288.386 396.818 0 0 0 255
287.636 398.117 0 0 0 255
287.087 397.568 0 0 0 255
288.386 396.818 0 0 0 255
287.087 397.568 0 0 0 255
286.886 396.818 0 0 0 255
288.386 396.818 0 0 0 255
286.886 396.818 0 0 0 255
287.087 396.068 0 0 0 255
288.386 396.818 0 0 0 255
287.087 396.068 0 0 0 255
287.636 395.519 0 0 0 255
288.386 396.818 0 0 0 255
287.636 395.519 0 0 0 255
288.386 395.318 0 0 0 255
288.386 396.818 0 0 0 255
288.386 395.318 0 0 0 255
289.136 395.519 0 0 0 255
288.386 396.818 0 0 0 255
289.136 395.519 0 0 0 255
289.685 396.068 0 0 0 255
288.386 396.818 0 0 0 255
289.685 396.068 0 0 0 255
289.886 396.818 0 0 0 255
288.598 395.333 0 0 0 255
288.174 398.303 0 0 0 255
288.179 395.273 0 0 0 255
288.174 398.303 0 0 0 255
287.755 398.243 0 0 0 255
288.179 395.273 0 0 0 255
287.967 396.758 0 0 0 255
289.467 396.758 0 0 0 255
289.266 397.508 0 0 0 255
287.967 396.758 0 0 0 255
289.266 397.508 0 0 0 255
288.717 398.057 0 0 0 255
287.967 396.758 0 0 0 255
288.717 398.057 0 0 0 255
287.967 398.258 0 0 0 255
287.967 396.758 0 0 0 255
287.967 398.258 0 0 0 255
287.217 398.057 0 0 0 255
287.967 396.758 0 0 0 255
287.217 398.057 0 0 0 255
286.668 397.508 0 0 0 255
287.967 396.758 0 0 0 255
286.668 397.508 0 0 0 255
286.467 396.758 0 0 0 255
287.967 396.758 0 0 0 255
286.467 396.758 0 0 0 255
286.668 396.008 0 0 0 255
287.967 396.758 0 0 0 255
286.668 396.008 0 0 0 255
287.217 395.459 0 0 0 255
287.967 396.758 0 0 0 255
287.217 395.459 0 0 0 255
287.967 395.258 0 0 0 255
287.967 396.758 0 0 0 255
287.967 395.258 0 0 0 255
288.717 395.459 0 0 0 255
287.967 396.758 0 0 0 255
288.717 395.459 0 0 0 255
289.266 396.008 0 0 0 255
287.967 396.758 0 0 0 255
289.266 396.008 0 0 0 255
289.467 396.758 0 0 0 255
288.223 395.28 0 0 0 255
287.711 398.236 0 0 0 255
287.771 395.202 0 0 0 255
287.711 398.236 0 0 0 255
287.258 398.158 0 0 0 255
287.771 395.202 0 0 0 255
287.515 396.68 0 0 0 255
289.015 396.68 0 0 0 255
288.814 397.43 0 0 0 255
287.515 396.68 0 0 0 255
288.814 397.43 0 0 0 255
288.265 397.979 0 0 0 255
287.515 396.68 0 0 0 255
288.265 397.979 0 0 0 255
287.515 398.18 0 0 0 255
287.515 396.68 0 0 0 255
287.515 398.18 0 0 0 255
286.765 397.979 0 0 0 255
287.515 396.68 0 0 0 255
286.765 397.979 0 0 0 255
286.215 397.43 0 0 0 255
287.515 396.68 0 0 0 255
286.215 397.43 0 0 0 255
286.015 396.68 0 0 0 255
287.515 396.68 0 0 0 255
286.015 396.68 0 0 0 255
286.215 395.93 0 0 0 255
287.515 396.68 0 0 0 255
286.215 395.93 0 0 0 255
286.765 395.381 0 0 0 255
287.515 396.68 0 0 0 255
286.765 395.381 0 0 0 255
287.515 395.18 0 0 0 255
287.515 396.68 0 0 0 255
287.515 395.18 0 0 0 255
288.265 395.381 0 0 0 255
287.515 396.68 0 0 0 255
288.265 395.381 0 0 0 255
288.814 395.93 0 0 0 255
287.515 396.68 0 0 0 255
288.814 395.93 0 0 0 255
289.015 396.68 0 0 0 255
287.808 395.209 0 0 0 255
287.221 398.151 0 0 0 255
287.322 395.112 0 0 0 255
287.221 398.151 0 0 0 255
286.736 398.054 0 0 0 255
287.322 395.112 0 0 0 255
287.029 396.583 0 0 0 255
288.529 396.583 0 0 0 255
288.328 397.333 0 0 0 255
287.029 396.583 0 0 0 255
288.328 397.333 0 0 0 255
287.779 397.882 0 0 0 255
287.029 396.583 0 0 0 255
287.779 397.882 0 0 0 255
287.029 398.083 0 0 0 255
287.029 396.583 0 0 0 255
287.029 398.083 0 0 0 255
286.279 397.882 0 0 0 255
287.029 396.583 0 0 0 255
286.279 397.882 0 0 0 255
285.73 397.333 0 0 0 255
287.029 396.583 0 0 0 255
285.73 397.333 0 0 0 255
285.529 396.583 0 0 0 255
287.029 396.583 0 0 0 255
285.529 396.583 0 0 0 255
285.73 395.833 0 0 0 255
287.029 396.583 0 0 0 255
285.73 395.833 0 0 0 255
286.279 395.284 0 0 0 255
287.029 396.583 0 0 0 255
286.279 395.284 0 0 0 255
287.029 395.083 0 0 0 255
287.029 396.583 0 0 0 255
287.029 395.083 0 0 0 255
287.779 395.284 0 0 0 255
287.029 396.583 0 0 0 255
287.779 395.284 0 0 0 255
288.328 395.833 0 0 0 255
287.029 396.583 0 0 0 255
288.328 395.833 0 0 0 255
288.529 396.583 0 0 0 255
287.355 395.119 0 0 0 255
286.703 398.047 0 0 0 255
286.836 395.003 0 0 0 255
286.703 398.047 0 0 0 255
286.184 397.932 0 0 0 255
286.836 395.003 0 0 0 255
286.51 396.468 0 0 0 255
288.01 396.468 0 0 0 255
287.809 397.218 0 0 0 255
286.51 396.468 0 0 0 255
287.809 397.218 0 0 0 255
287.26 397.767 0 0 0 255
286.51 396.468 0 0 0 255
287.26 397.767 0 0 0 255
286.51 397.968 0 0 0 255
286.51 396.468 0 0 0 255
286.51 397.968 0 0 0 255
285.76 397.767 0 0 0 255
286.51 396.468 0 0 0 255
285.76 397.767 0 0 0 255
285.211 397.218 0 0 0 255
286.51 396.468 0 0 0 255
285.211 397.218 0 0 0 255
285.01 396.468 0 0 0 255
286.51 396.468 0 0 0 255
285.01 396.468 0 0 0 255
285.211 395.718 0 0 0 255
286.51 396.468 0 0 0 255
285.211 395.718 0 0 0 255
285.76 395.169 0 0 0 255
286.51 396.468 0 0 0 255
285.76 395.169 0 0 0 255
286.51 394.968 0 0 0 255
286.51 396.468 0 0 0 255
286.51 394.968 0 0 0 255
287.26 395.169 0 0 0 255
286.51 396.468 0 0 0 255
287.26 395.169 0 0 0 255
287.809 395.718 0 0 0 255
286.51 396.468 0 0 0 255
287.809 395.718 0 0 0 255
288.01 396.468 0 0 0 255
286.864 395.01 0 0 0 255
286.156 397.925 0 0 0 255
286.312 394.876 0 0 0 255
286.156 397.925 0 0 0 255
285.605 397.791 0 0 0 255
286.312 394.876 0 0 0 255
285.958 396.334 0 0 0 255
287.458 396.334 0 0 0 255
287.257 397.084 0 0 0 255
285.958 396.334 0 0 0 255
287.257 397.084 0 0 0 255
286.708 397.633 0 0 0 255
285.958 396.334 0 0 0 255
286.708 397.633 0 0 0 255
285.958 397.834 0 0 0 255
285.958 396.334 0 0 0 255
285.958 397.834 0 0 0 255
285.208 397.633 0 0 0 255
285.958 396.334 0 0 0 255
285.208 397.633 0 0 0 255
284.659 397.084 0 0 0 255
285.958 396.334 0 0 0 255
284.659 397.084 0 0 0 255
284.458 396.334 0 0 0 255
285.958 396.334 0 0 0 255
284.458 396.334 0 0 0 255
284.659 395.584 0 0 0 255
285.958 396.334 0 0 0 255
284.659 395.584 0 0 0 255
285.208 395.035 0 0 0 255
285.958 396.334 0 0 0 255
285.208 395.035 0 0 0 255
285.958 394.834 0 0 0 255
285.958 396.334 0 0 0 255
285.958 394.834 0 0 0 255
286.708 395.035 0 0 0 255
285.958 396.334 0 0 0 255
286.708 395.035 0 0 0 255
287.257 395.584 0 0 0 255
285.958 396.334 0 0 0 255
287.257 395.584 0 0 0 255
287.458 396.334 0 0 0 255
286.337 394.882 0 0 0 255
285.58 397.785 0 0 0 255
285.751 394.73 0 0 0 255
285.58 397.785 0 0 0 255
284.995 397.633 0 0 0 255
285.751 394.73 0 0 0 255
285.373 396.181 0 0 0 255
286.873 396.181 0 0 0 255
286.672 396.931 0 0 0 255
285.373 396.181 0 0 0 255
286.672 396.931 0 0 0 255
286.123 397.48 0 0 0 255
285.373 396.181 0 0 0 255
286.123 397.48 0 0 0 255
285.373 397.681 0 0 0 255
285.373 396.181 0 0 0 255
285.373 397.681 0 0 0 255
284.623 397.48 0 0 0 255
285.373 396.181 0 0 0 255
284.623 397.48 0 0 0 255
284.074 396.931 0 0 0 255
285.373 396.181 0 0 0 255
284.074 396.931 0 0 0 255
283.873 396.181 0 0 0 255
285.373 396.181 0 0 0 255
283.873 396.181 0 0 0 255
284.074 395.431 0 0 0 255
285.373 396.181 0 0 0 255
284.074 395.431 0 0 0 255
284.623 394.882 0 0 0 255
285.373 396.181 0 0 0 255
284.623 394.882 0 0 0 255
285.373 394.681 0 0 0 255
285.373 396.181 0 0 0 255
285.373 394.681 0 0 0 255
286.123 394.882 0 0 0 255
285.373 396.181 0 0 0 255
286.123 394.882 0 0 0 255
286.672 395.431 0 0 0 255
285.373 396.181 0 0 0 255
286.672 395.431 0 0 0 255
286.873 396.181 0 0 0 255
285.777 394.737 0 0 0 255
284.97 397.626 0 0 0 255
285.179 394.57 0 0 0 255
284.97 397.626 0 0 0 255
284.372 397.459 0 0 0 255
285.179 394.57 0 0 0 255
284.775 396.014 0 0 0 255
286.275 396.014 0 0 0 255
286.074 396.764 0 0 0 255
284.775 396.014 0 0 0 255
286.074 396.764 0 0 0 255
285.525 397.313 0 0 0 255
284.775 396.014 0 0 0 255
285.525 397.313 0 0 0 255
284.775 397.514 0 0 0 255
284.775 396.014 0 0 0 255
284.775 397.514 0 0 0 255
284.025 397.313 0 0 0 255
284.775 396.014 0 0 0 255
284.025 397.313 0 0 0 255
283.476 396.764 0 0 0 255
284.775 396.014 0 0 0 255
283.476 396.764 0 0 0 255
283.275 396.014 0 0 0 255
284.775 396.014 0 0 0 255
283.275 396.014 0 0 0 255
283.476 395.264 0 0 0 255
284.775 396.014 0 0 0 255
283.476 395.264 0 0 0 255
284.025 394.715 0 0 0 255
284.775 396.014 0 0 0 255
284.025 394.715 0 0 0 255
284.775 394.514 0 0 0 255
284.775 396.014 0 0 0 255
284.775 394.514 0 0 0 255
285.525 394.715 0 0 0 255
284.775 396.014 0 0 0 255
285.525 394.715 0 0 0 255
286.074 395.264 0 0 0 255
284.775 396.014 0 0 0 255
286.074 395.264 0 0 0 255
286.275 396.014 0 0 0 255
285.207 394.578 0 0 0 255
284.343 397.451 0 0 0 255
284.617 394.4 0 0 0 255
284.343 397.451 0 0 0 255
283.753 397.273 0 0 0 255
284.617 394.4 0 0 0 255
284.185 395.837 0 0 0 255
285.685 395.837 0 0 0 255
285.484 396.587 0 0 0 255
284.185 395.837 0 0 0 255
285.484 396.587 0 0 0 255
284.935 397.136 0 0 0 255
284.185 395.837 0 0 0 255
284.935 397.136 0 0 0 255
284.185 397.337 0 0 0 255
284.185 395.837 0 0 0 255
284.185 397.337 0 0 0 255
283.435 397.136 0 0 0 255
284.185 395.837 0 0 0 255
283.435 397.136 0 0 0 255
282.886 396.587 0 0 0 255
284.185 395.837 0 0 0 255
282.886 396.587 0 0 0 255
282.685 395.837 0 0 0 255
284.185 395.837 0 0 0 255
282.685 395.837 0 0 0 255
282.886 395.087 0 0 0 255
284.185 395.837 0 0 0 255
282.886 395.087 0 0 0 255
283.435 394.538 0 0 0 255
284.185 395.837 0 0 0 255
283.435 394.538 0 0 0 255
284.185 394.337 0 0 0 255
284.185 395.837 0 0 0 255
284.185 394.337 0 0 0 255
284.935 394.538 0 0 0 255
284.185 395.837 0 0 0 255
284.935 394.538 0 0 0 255
285.484 395.087 0 0 0 255
284.185 395.837 0 0 0 255
285.484 395.087 0 0 0 255
285.685 395.837 0 0 0 255
284.646 394.409 0 0 0 255
283.724 397.264 0 0 0 255
284.063 394.221 0 0 0 255
283.724 397.264 0 0 0 255
283.141 397.076 0 0 0 255
284.063 394.221 0 0 0 255
283.602 395.648 0 0 0 255
285.102 395.648 0 0 0 255
284.901 396.398 0 0 0 255
283.602 395.648 0 0 0 255
284.901 396.398 0 0 0 255
284.352 396.948 0 0 0 255
283.602 395.648 0 0 0 255
284.352 396.948 0 0 0 255
283.602 397.148 0 0 0 255
283.602 395.648 0 0 0 255
283.602 397.148 0 0 0 255
282.852 396.948 0 0 0 255
283.602 395.648 0 0 0 255
282.852 396.948 0 0 0 255
282.303 396.398 0 0 0 255
283.602 395.648 0 0 0 255
282.303 396.398 0 0 0 255
282.102 395.648 0 0 0 255
283.602 395.648 0 0 0 255
282.102 395.648 0 0 0 255
282.303 394.898 0 0 0 255
283.602 395.648 0 0 0 255
282.303 394.898 0 0 0 255
282.852 394.349 0 0 0 255
283.602 395.648 0 0 0 255
282.852 394.349 0 0 0 255
283.602 394.148 0 0 0 255
283.602 395.648 0 0 0 255
283.602 394.148 0 0 0 255
284.352 394.349 0 0 0 255
283.602 395.648 0 0 0 255
284.352 394.349 0 0 0 255
284.901 394.898 0 0 0 255
283.602 395.648 0 0 0 255
284.901 394.898 0 0 0 255
285.102 395.648 0 0 0 255
284.092 394.231 0 0 0 255
283.112 397.066 0 0 0 255
283.517 394.032 0 0 0 255
283.112 397.066 0 0 0 255
282.537 396.868 0 0 0 255
283.517 394.032 0 0 0 255
283.027 395.45 0 0 0 255
284.527 395.45 0 0 0 255
284.326 396.2 0 0 0 255
283.027 395.45 0 0 0 255
284.326 396.2 0 0 0 255
283.777 396.749 0 0 0 255
283.027 395.45 0 0 0 255
283.777 396.749 0 0 0 255
283.027 396.95 0 0 0 255
283.027 395.45 0 0 0 255
283.027 396.95 0 0 0 255
282.277 396.749 0 0 0 255
283.027 395.45 0 0 0 255
282.277 396.749 0 0 0 255
281.728 396.2 0 0 0 255
283.027 395.45 0 0 0 255
281.728 396.2 0 0 0 255
281.527 395.45 0 0 0 255
283.027 395.45 0 0 0 255
281.527 395.45 0 0 0 255
281.728 394.7 0 0 0 255
283.027 395.45 0 0 0 255
281.728 394.7 0 0 0 255
282.277 394.151 0 0 0 255
283.027 395.45 0 0 0 255
282.277 394.151 0 0 0 255
283.027 393.95 0 0 0 255
283.027 395.45 0 0 0 255
283.027 393.95 0 0 0 255
283.777 394.151 0 0 0 255
283.027 395.45 0 0 0 255
283.777 394.151 0 0 0 255
284.326 394.7 0 0 0 255
283.027 395.45 0 0 0 255
284.326 394.7 0 0 0 255
284.527 395.45 0 0 0 255
283.545 394.042 0 0 0 255
282.508 396.857 0 0 0 255
282.978 393.833 0 0 0 255
282.508 396.857 0 0 0 255
281.94 396.648 0 0 0 255
282.978 393.833 0 0 0 255
282.459 395.241 0 0 0 255
283.959 395.241 0 0 0 255
283.758 395.991 0 0 0 255
282.459 395.241 0 0 0 255
283.758 395.991 0 0 0 255
283.209 396.54 0 0 0 255
282.459 395.241 0 0 0 255
283.209 396.54 0 0 0 255
282.459 396.741 0 0 0 255
282.459 395.241 0 0 0 255
282.459 396.741 0 0 0 255
281.709 396.54 0 0 0 255
282.459 395.241 0 0 0 255
281.709 396.54 0 0 0 255
281.16 395.991 0 0 0 255
282.459 395.241 0 0 0 255
281.16 395.991 0 0 0 255
280.959 395.241 0 0 0 255
282.459 395.241 0 0 0 255
280.959 395.241 0 0 0 255
281.16 394.491 0 0 0 255
282.459 395.241 0 0 0 255
281.16 394.491 0 0 0 255
281.709 393.941 0 0 0 255
282.459 395.241 0 0 0 255
281.709 393.941 0 0 0 255
282.459 393.741 0 0 0 255
282.459 395.241 0 0 0 255
282.459 393.741 0 0 0 255
283.209 393.941 0 0 0 255
282.459 395.241 0 0 0 255
283.209 393.941 0 0 0 255
283.758 394.491 0 0 0 255
282.459 395.241 0 0 0 255
283.758 394.491 0 0 0 255
283.959 395.241 0 0 0 255
283.007 393.844 0 0 0 255
281.911 396.637 0 0 0 255
282.447 393.624 0 0 0 255
281.911 396.637 0 0 0 255
281.351 396.417 0 0 0 255
282.447 393.624 0 0 0 255
281.899 395.021 0 0 0 255
283.399 395.021 0 0 0 255
283.198 395.771 0 0 0 255
281.899 395.021 0 0 0 255
283.198 395.771 0 0 0 255
282.649 396.32 0 0 0 255
281.899 395.021 0 0 0 255
282.649 396.32 0 0 0 255
281.899 396.521 0 0 0 255
281.899 395.021 0 0 0 255
281.899 396.521 0 0 0 255
281.149 396.32 0 0 0 255
281.899 395.021 0 0 0 255
281.149 396.32 0 0 0 255
280.6 395.771 0 0 0 255
281.899 395.021 0 0 0 255
280.6 395.771 0 0 0 255
280.399 395.021 0 0 0 255
281.899 395.021 0 0 0 255
280.399 395.021 0 0 0 255
280.6 394.271 0 0 0 255
281.899 395.021 0 0 0 255
280.6 394.271 0 0 0 255
281.149 393.722 0 0 0 255
281.899 395.021 0 0 0 255
281.149 393.722 0 0 0 255
281.899 393.521 0 0 0 255
281.899 395.021 0 0 0 255
281.899 393.521 0 0 0 255
282.649 393.722 0 0 0 255
281.899 395.021 0 0 0 255
282.649 393.722 0 0 0 255
283.198 394.271 0 0 0 255
281.899 395.021 0 0 0 255
283.198 394.271 0 0 0 255
283.399 395.021 0 0 0 255
282.474 393.636 0 0 0 255
281.323 396.406 0 0 0 255
281.945 393.415 0 0 0 255
281.323 396.406 0 0 0 255
280.793 396.186 0 0 0 255
281.945 393.415 0 0 0 255
281.369 394.801 0 0 0 255
282.869 394.801 0 0 0 255
282.668 395.551 0 0 0 255
281.369 394.801 0 0 0 255
282.668 395.551 0 0 0 255
282.119 396.1 0 0 0 255
281.369 394.801 0 0 0 255
282.119 396.1 0 0 0 255
281.369 396.301 0 0 0 255
281.369 394.801 0 0 0 255
281.369 396.301 0 0 0 255
280.619 396.1 0 0 0 255
281.369 394.801 0 0 0 255
280.619 396.1 0 0 0 255
280.07 395.551 0 0 0 255
281.369 394.801 0 0 0 255
280.07 395.551 0 0 0 255
279.869 394.801 0 0 0 255
281.369 394.801 0 0 0 255
279.869 394.801 0 0 0 255
280.07 394.051 0 0 0 255
281.369 394.801 0 0 0 255
280.07 394.051 0 0 0 255
280.619 393.501 0 0 0 255
281.369 394.801 0 0 0 255
280.619 393.501 0 0 0 255
281.369 393.301 0 0 0 255
281.369 394.801 0 0 0 255
281.369 393.301 0 0 0 255
282.119 393.501 0 0 0 255
281.369 394.801 0 0 0 255
282.119 393.501 0 0 0 255
282.668 394.051 0 0 0 255
281.369 394.801 0 0 0 255
282.668 394.051 0 0 0 255
282.869 394.801 0 0 0 255
281.975 393.428 0 0 0 255
280.764 396.173 0 0 0 255
281.498 393.218 0 0 0 255
280.764 396.173 0 0 0 255
280.287 395.962 0 0 0 255
281.498 393.218 0 0 0 255
280.892 394.59 0 0 0 255
282.392 394.59 0 0 0 255
282.191 395.34 0 0 0 255
280.892 394.59 0 0 0 255
282.191 395.34 0 0 0 255
281.642 395.889 0 0 0 255
280.892 394.59 0 0 0 255
281.642 395.889 0 0 0 255
280.892 396.09 0 0 0 255
280.892 394.59 0 0 0 255
280.892 396.09 0 0 0 255
280.142 395.889 0 0 0 255
280.892 394.59 0 0 0 255
280.142 395.889 0 0 0 255
279.593 395.34 0 0 0 255
280.892 394.59 0 0 0 255
279.593 395.34 0 0 0 255
279.392 394.59 0 0 0 255
280.892 394.59 0 0 0 255
279.392 394.59 0 0 0 255
279.593 393.84 0 0 0 255
280.892 394.59 0 0 0 255
279.593 393.84 0 0 0 255
280.142 393.291 0 0 0 255
280.892 394.59 0 0 0 255
280.142 393.291 0 0 0 255
280.892 393.09 0 0 0 255
280.892 394.59 0 0 0 255
280.892 393.09 0 0 0 255
281.642 393.291 0 0 0 255
280.892 394.59 0 0 0 255
281.642 393.291 0 0 0 255
282.191 393.84 0 0 0 255
280.892 394.59 0 0 0 255
282.191 393.84 0 0 0 255
282.392 394.59 0 0 0 255
281.533 393.234 0 0 0 255
280.251 395.946 0 0 0 255
281.11 393.034 0 0 0 255
280.251 395.946 0 0 0 255
279.827 395.746 0 0 0 255
281.11 393.034 0 0 0 255
280.468 394.39 0 0 0 255
281.968 394.39 0 0 0 255
281.767 395.14 0 0 0 255
280.468 394.39 0 0 0 255
281.767 395.14 0 0 0 255
281.218 395.689 0 0 0 255
280.468 394.39 0 0 0 255
281.218 395.689 0 0 0 255
280.468 395.89 0 0 0 255
280.468 394.39 0 0 0 255
280.468 395.89 0 0 0 255
279.718 395.689 0 0 0 255
280.468 394.39 0 0 0 255
279.718 395.689 0 0 0 255
279.169 395.14 0 0 0 255
280.468 394.39 0 0 0 255
279.169 395.14 0 0 0 255
278.968 394.39 0 0 0 255
280.468 394.39 0 0 0 255
278.968 394.39 0 0 0 255
279.169 393.64 0 0 0 255
280.468 394.39 0 0 0 255
279.169 393.64 0 0 0 255
279.718 393.091 0 0 0 255
280.468 394.39 0 0 0 255
279.718 393.091 0 0 0 255
280.468 392.89 0 0 0 255
280.468 394.39 0 0 0 255
280.468 392.89 0 0 0 255
281.218 393.091 0 0 0 255
280.468 394.39 0 0 0 255
281.218 393.091 0 0 0 255
281.767 393.64 0 0 0 255
280.468 394.39 0 0 0 255
281.767 393.64 0 0 0 255
281.968 394.39 0 0 0 255
281.154 393.056 0 0 0 255
279.782 395.724 0 0 0 255
280.783 392.865 0 0 0 255
279.782 395.724 0 0 0 255
279.411 395.533 0 0 0 255
280.783 392.865 0 0 0 255
280.097 394.199 0 0 0 255
281.597 394.199 0 0 0 255
281.396 394.949 0 0 0 255
280.097 394.199 0 0 0 255
281.396 394.949 0 0 0 255
280.847 395.498 0 0 0 255
280.097 394.199 0 0 0 255
280.847 395.498 0 0 0 255
280.097 395.699 0 0 0 255
280.097 394.199 0 0 0 255
280.097 395.699 0 0 0 255
279.347 395.498 0 0 0 255
280.097 394.199 0 0 0 255
279.347 395.498 0 0 0 255
278.798 394.949 0 0 0 255
280.097 394.199 0 0 0 255
278.798 394.949 0 0 0 255
278.597 394.199 0 0 0 255
280.097 394.199 0 0 0 255
278.597 394.199 0 0 0 255
278.798 393.449 0 0 0 255
280.097 394.199 0 0 0 255
278.798 393.449 0 0 0 255
279.347 392.9 0 0 0 255
280.097 394.199 0 0 0 255
279.347 392.9 0 0 0 255
280.097 392.699 0 0 0 255
280.097 394.199 0 0 0 255
280.097 392.699 0 0 0 255
280.847 392.9 0 0 0 255
280.097 394.199 0 0 0 255
280.847 392.9 0 0 0 255
281.396 393.449 0 0 0 255
280.097 394.199 0 0 0 255
281.396 393.449 0 0 0 255
281.597 394.199 0 0 0 255
280.839 392.895 0 0 0 255
279.356 395.503 0 0 0 255
280.521 392.714 0 0 0 255
279.356 395.503 0 0 0 255
279.038 395.322 0 0 0 255
280.521 392.714 0 0 0 255
279.779 394.018 0 0 0 255
281.279 394.018 0 0 0 255
281.078 394.768 0 0 0 255
279.779 394.018 0 0 0 255
281.078 394.768 0 0 0 255
280.529 395.317 0 0 0 255
279.779 394.018 0 0 0 255
280.529 395.317 0 0 0 255
279.779 395.518 0 0 0 255
279.779 394.018 0 0 0 255
279.779 395.518 0 0 0 255
279.029 395.317 0 0 0 255
279.779 394.018 0 0 0 255
279.029 395.317 0 0 0 255
278.48 394.768 0 0 0 255
279.779 394.018 0 0 0 255
278.48 394.768 0 0 0 255
278.279 394.018 0 0 0 255
279.779 394.018 0 0 0 255
278.279 394.018 0 0 0 255
278.48 393.268 0 0 0 255
279.779 394.018 0 0 0 255
278.48 393.268 0 0 0 255
279.029 392.719 0 0 0 255
279.779 394.018 0 0 0 255
279.029 392.719 0 0 0 255
279.779 392.518 0 0 0 255
279.779 394.018 0 0 0 255
279.779 392.518 0 0 0 255
280.529 392.719 0 0 0 255
279.779 394.018 0 0 0 255
280.529 392.719 0 0 0 255
281.078 393.268 0 0 0 255
279.779 394.018 0 0 0 255
281.078 393.268 0 0 0 255
281.279 394.018 0 0 0 255
280.593 392.758 0 0 0 255
278.966 395.278 0 0 0 255
280.328 392.587 0 0 0 255
278.966 395.278 0 0 0 255
278.701 395.107 0 0 0 255
280.328 392.587 0 0 0 255
279.514 393.847 0 0 0 255
281.014 393.847 0 0 0 255
280.814 394.597 0 0 0 255
279.514 393.847 0 0 0 255
280.814 394.597 0 0 0 255
280.264 395.146 0 0 0 255
279.514 393.847 0 0 0 255
280.264 395.146 0 0 0 255
279.514 395.347 0 0 0 255
279.514 393.847 0 0 0 255
279.514 395.347 0 0 0 255
278.764 395.146 0 0 0 255
279.514 393.847 0 0 0 255
278.764 395.146 0 0 0 255
278.215 394.597 0 0 0 255
279.514 393.847 0 0 0 255
278.215 394.597 0 0 0 255
278.014 393.847 0 0 0 255
279.514 393.847 0 0 0 255
278.014 393.847 0 0 0 255
278.215 393.097 0 0 0 255
279.514 393.847 0 0 0 255
278.215 393.097 0 0 0 255
278.764 392.548 0 0 0 255
279.514 393.847 0 0 0 255
278.764 392.548 0 0 0 255
279.514 392.347 0 0 0 255
279.514 393.847 0 0 0 255
279.514 392.347 0 0 0 255
280.264 392.548 0 0 0 255
279.514 393.847 0 0 0 255
280.264 392.548 0 0 0 255
280.814 393.097 0 0 0 255
279.514 393.847 0 0 0 255
280.814 393.097 0 0 0 255
281.014 393.847 0 0 0 255
280.565 392.776 0 0 0 255
278.464 394.918 0 0 0 255
280.38 392.595 0 0 0 255
278.464 394.918 0 0 0 255
278.28 394.737 0 0 0 255
280.38 392.595 0 0 0 255
279.33 393.666 0 0 0 255
280.83 393.666 0 0 0 255
280.629 394.416 0 0 0 255
279.33 393.666 0 0 0 255
280.629 394.416 0 0 0 255
280.08 394.965 0 0 0 255
279.33 393.666 0 0 0 255
280.08 394.965 0 0 0 255
279.33 395.166 0 0 0 255
279.33 393.666 0 0 0 255
279.33 395.166 0 0 0 255
278.58 394.965 0 0 0 255
279.33 393.666 0 0 0 255
278.58 394.965 0 0 0 255
278.031 394.416 0 0 0 255
279.33 393.666 0 0 0 255
278.031 394.416 0 0 0 255
277.83 393.666 0 0 0 255
279.33 393.666 0 0 0 255
277.83 393.666 0 0 0 255
278.031 392.916 0 0 0 255
279.33 393.666 0 0 0 255
278.031 392.916 0 0 0 255
278.58 392.367 0 0 0 255
279.33 393.666 0 0 0 255
278.58 392.367 0 0 0 255
279.33 392.166 0 0 0 255
279.33 393.666 0 0 0 255
279.33 392.166 0 0 0 255
280.08 392.367 0 0 0 255
279.33 393.666 0 0 0 255
280.08 392.367 0 0 0 255
280.629 392.916 0 0 0 255
279.33 393.666 0 0 0 255
280.629 392.916 0 0 0 255
280.83 393.666 0 0 0 255
280.739 393.152 0 0 0 255
277.921 394.18 0 0 0 255
280.663 392.942 0 0 0 255
277.921 394.18 0 0 0 255
277.844 393.969 0 0 0 255
280.663 392.942 0 0 0 255
279.253 393.456 0 0 0 255
280.753 393.456 0 0 0 255
280.552 394.206 0 0 0 255
279.253 393.456 0 0 0 255
280.552 394.206 0 0 0 255
280.003 394.755 0 0 0 255
279.253 393.456 0 0 0 255
280.003 394.755 0 0 0 255
279.253 394.956 0 0 0 255
279.253 393.456 0 0 0 255
279.253 394.956 0 0 0 255
278.503 394.755 0 0 0 255
279.253 393.456 0 0 0 255
278.503 394.755 0 0 0 255
277.954 394.206 0 0 0 255
279.253 393.456 0 0 0 255
277.954 394.206 0 0 0 255
277.753 393.456 0 0 0 255
279.253 393.456 0 0 0 255
277.753 393.456 0 0 0 255
277.954 392.706 0 0 0 255
279.253 393.456 0 0 0 255
277.954 392.706 0 0 0 255
278.503 392.157 0 0 0 255
279.253 393.456 0 0 0 255
278.503 392.157 0 0 0 255
279.253 391.956 0 0 0 255
279.253 393.456 0 0 0 255
279.253 391.956 0 0 0 255
280.003 392.157 0 0 0 255
279.253 393.456 0 0 0 255
280.003 392.157 0 0 0 255
280.552 392.706 0 0 0 255
279.253 393.456 0 0 0 255
280.552 392.706 0 0 0 255
280.753 393.456 0 0 0 255
280.741 393.649 0 0 0 255
277.766 393.262 0 0 0 255
280.772 393.409 0 0 0 255
277.766 393.262 0 0 0 255
277.797 393.022 0 0 0 255
280.772 393.409 0 0 0 255
279.284 393.216 0 0 0 255
280.784 393.216 0 0 0 255
280.583 393.966 0 0 0 255
279.284 393.216 0 0 0 255
280.583 393.966 0 0 0 255
280.034 394.515 0 0 0 255
279.284 393.216 0 0 0 255
280.034 394.515 0 0 0 255
279.284 394.716 0 0 0 255
279.284 393.216 0 0 0 255
279.284 394.716 0 0 0 255
278.534 394.515 0 0 0 255
279.284 393.216 0 0 0 255
278.534 394.515 0 0 0 255
277.985 393.966 0 0 0 255
279.284 393.216 0 0 0 255
277.985 393.966 0 0 0 255
277.784 393.216 0 0 0 255
279.284 393.216 0 0 0 255
277.784 393.216 0 0 0 255
277.985 392.466 0 0 0 255
279.284 393.216 0 0 0 255
277.985 392.466 0 0 0 255
278.534 391.917 0 0 0 255
279.284 393.216 0 0 0 255
278.534 391.917 0 0 0 255
279.284 391.716 0 0 0 255
279.284 393.216 0 0 0 255
279.284 391.716 0 0 0 255
280.034 391.917 0 0 0 255
279.284 393.216 0 0 0 255
280.034 391.917 0 0 0 255
280.583 392.466 0 0 0 255
279.284 393.216 0 0 0 255
280.583 392.466 0 0 0 255
280.784 393.216 0 0 0 255
280.618 393.903 0 0 0 255
277.951 392.528 0 0 0 255
280.757 393.633 0 0 0 255
277.951 392.528 0 0 0 255
278.09 392.259 0 0 0 255
280.757 393.633 0 0 0 255
279.423 392.946 0 0 0 255
280.923 392.946 0 0 0 255
280.722 393.696 0 0 0 255
279.423 392.946 0 0 0 255
280.722 393.696 0 0 0 255
280.173 394.245 0 0 0 255
279.423 392.946 0 0 0 255
280.173 394.245 0 0 0 255
279.423 394.446 0 0 0 255
279.423 392.946 0 0 0 255
279.423 394.446 0 0 0 255
278.673 394.245 0 0 0 255
279.423 392.946 0 0 0 255
278.673 394.245 0 0 0 255
278.124 393.696 0 0 0 255
279.423 392.946 0 0 0 255
278.124 393.696 0 0 0 255
277.923 392.946 0 0 0 255
279.423 392.946 0 0 0 255
277.923 392.946 0 0 0 255
278.124 392.196 0 0 0 255
279.423 392.946 0 0 0 255
278.124 392.196 0 0 0 255
278.673 391.647 0 0 0 255
279.423 392.946 0 0 0 255
278.673 391.647 0 0 0 255
279.423 391.446 0 0 0 255
279.423 392.946 0 0 0 255
279.423 391.446 0 0 0 255
280.173 391.647 0 0 0 255
279.423 392.946 0 0 0 255
280.173 391.647 0 0 0 255
280.722 392.196 0 0 0 255
279.423 392.946 0 0 0 255
280.722 392.196 0 0 0 255
280.923 392.946 0 0 0 255
280.58 393.901 0 0 0 255
278.266 391.991 0 0 0 255
280.827 393.602 0 0 0 255
278.266 391.991 0 0 0 255
278.513 391.692 0 0 0 255
280.827 393.602 0 0 0 255
279.67 392.647 0 0 0 255
281.17 392.647 0 0 0 255
280.969 393.397 0 0 0 255
279.67 392.647 0 0 0 255
280.969 393.397 0 0 0 255
280.42 393.946 0 0 0 255
279.67 392.647 0 0 0 255
280.42 393.946 0 0 0 255
279.67 394.147 0 0 0 255
279.67 392.647 0 0 0 255
279.67 394.147 0 0 0 255
278.92 393.946 0 0 0 255
279.67 392.647 0 0 0 255
278.92 393.946 0 0 0 255
278.371 393.397 0 0 0 255
279.67 392.647 0 0 0 255
278.371 393.397 0 0 0 255
278.17 392.647 0 0 0 255
279.67 392.647 0 0 0 255
278.17 392.647 0 0 0 255
278.371 391.897 0 0 0 255
279.67 392.647 0 0 0 255
278.371 391.897 0 0 0 255
278.92 391.348 0 0 0 255
279.67 392.647 0 0 0 255
278.92 391.348 0 0 0 255
279.67 391.147 0 0 0 255
279.67 392.647 0 0 0 255
279.67 391.147 0 0 0 255
280.42 391.348 0 0 0 255
279.67 392.647 0 0 0 255
280.42 391.348 0 0 0 255
280.969 391.897 0 0 0 255
279.67 392.647 0 0 0 255
280.969 391.897 0 0 0 255
281.17 392.647 0 0 0 255
280.69 393.747 0 0 0 255
278.651 391.547 0 0 0 255
281.044 393.419 0 0 0 255
278.651 391.547 0 0 0 255
279.005 391.218 0 0 0 255
281.044 393.419 0 0 0 255
280.025 392.318 0 0 0 255
281.525 392.318 0 0 0 255
281.324 393.068 0 0 0 255
280.025 392.318 0 0 0 255
281.324 393.068 0 0 0 255
280.775 393.617 0 0 0 255
280.025 392.318 0 0 0 255
280.775 393.617 0 0 0 255
280.025 393.818 0 0 0 255
280.025 392.318 0 0 0 255
280.025 393.818 0 0 0 255
279.275 393.617 0 0 0 255
280.025 392.318 0 0 0 255
279.275 393.617 0 0 0 255
278.726 393.068 0 0 0 255
280.025 392.318 0 0 0 255
278.726 393.068 0 0 0 255
278.525 392.318 0 0 0 255
280.025 392.318 0 0 0 255
278.525 392.318 0 0 0 255
278.726 391.568 0 0 0 255
280.025 392.318 0 0 0 255
278.726 391.568 0 0 0 255
279.275 391.019 0 0 0 255
280.025 392.318 0 0 0 255
279.275 391.019 0 0 0 255
280.025 390.818 0 0 0 255
280.025 392.318 0 0 0 255
280.025 390.818 0 0 0 255
280.775 391.019 0 0 0 255
280.025 392.318 0 0 0 255
280.775 391.019 0 0 0 255
281.324 391.568 0 0 0 255
280.025 392.318 0 0 0 255
281.324 391.568 0 0 0 255
281.525 392.318 0 0 0 255
280.913 393.527 0 0 0 255
279.137 391.109 0 0 0 255
281.369 393.192 0 0 0 255
279.137 391.109 0 0 0 255
279.593 390.774 0 0 0 255
281.369 393.192 0 0 0 255
280.481 391.983 0 0 0 255
281.981 391.983 0 0 0 255
281.78 392.733 0 0 0 255
280.481 391.983 0 0 0 255
281.78 392.733 0 0 0 255
281.231 393.282 0 0 0 255
280.481 391.983 0 0 0 255
281.231 393.282 0 0 0 255
280.481 393.483 0 0 0 255
280.481 391.983 0 0 0 255
280.481 393.483 0 0 0 255
279.731 393.282 0 0 0 255
280.481 391.983 0 0 0 255
279.731 393.282 0 0 0 255
279.182 392.733 0 0 0 255
280.481 391.983 0 0 0 255
279.182 392.733 0 0 0 255
278.981 391.983 0 0 0 255
280.481 391.983 0 0 0 255
278.981 391.983 0 0 0 255
279.182 391.233 0 0 0 255
280.481 391.983 0 0 0 255
279.182 391.233 0 0 0 255
279.731 390.684 0 0 0 255
280.481 391.983 0 0 0 255
279.731 390.684 0 0 0 255
280.481 390.483 0 0 0 255
280.481 391.983 0 0 0 255
280.481 390.483 0 0 0 255
281.231 390.684 0 0 0 255
280.481 391.983 0 0 0 255
281.231 390.684 0 0 0 255
281.78 391.233 0 0 0 255
280.481 391.983 0 0 0 255
281.78 391.233 0 0 0 255
281.981 391.983 0 0 0 255
281.231 393.282 0 0 0 255
279.731 390.684 0 0 0 255
281.782 392.964 0 0 0 255
279.731 390.684 0 0 0 255
280.282 390.366 0 0 0 255
281.782 392.964 0 0 0 255
281.032 391.665 0 0 0 255
282.532 391.665 0 0 0 255
282.331 392.415 0 0 0 255
281.032 391.665 0 0 0 255
282.331 392.415 0 0 0 255
281.782 392.964 0 0 0 255
281.032 391.665 0 0 0 255
281.782 392.964 0 0 0 255
281.032 393.165 0 0 0 255
281.032 391.665 0 0 0 255
281.032 393.165 0 0 0 255
280.282 392.964 0 0 0 255
281.032 391.665 0 0 0 255
280.282 392.964 0 0 0 255
279.733 392.415 0 0 0 255
281.032 391.665 0 0 0 255
279.733 392.415 0 0 0 255
279.532 391.665 0 0 0 255
281.032 391.665 0 0 0 255
279.532 391.665 0 0 0 255
279.733 390.915 0 0 0 255
281.032 391.665 0 0 0 255
279.733 390.915 0 0 0 255
280.282 390.366 0 0 0 255
281.032 391.665 0 0 0 255
280.282 390.366 0 0 0 255
281.032 390.165 0 0 0 255
281.032 391.665 0 0 0 255
281.032 390.165 0 0 0 255
281.782 390.366 0 0 0 255
281.032 391.665 0 0 0 255
281.782 390.366 0 0 0 255
282.331 390.915 0 0 0 255
281.032 391.665 0 0 0 255
282.331 390.915 0 0 0 255
282.532 391.665 0 0 0 255
281.666 393.024 0 0 0 255
280.398 390.306 0 0 0 255
282.313 392.723 0 0 0 255
280.398 390.306 0 0 0 255
281.045 390.004 0 0 0 255
282.313 392.723 0 0 0 255
281.679 391.364 0 0 0 255
283.179 391.364 0 0 0 255
282.978 392.114 0 0 0 255
281.679 391.364 0 0 0 255
282.978 392.114 0 0 0 255
282.429 392.663 0 0 0 255
281.679 391.364 0 0 0 255
282.429 392.663 0 0 0 255
281.679 392.864 0 0 0 255
281.679 391.364 0 0 0 255
281.679 392.864 0 0 0 255
280.929 392.663 0 0 0 255
281.679 391.364 0 0 0 255
280.929 392.663 0 0 0 255
280.38 392.114 0 0 0 255
281.679 391.364 0 0 0 255
280.38 392.114 0 0 0 255
280.179 391.364 0 0 0 255
281.679 391.364 0 0 0 255
280.179 391.364 0 0 0 255
280.38 390.614 0 0 0 255
281.679 391.364 0 0 0 255
280.38 390.614 0 0 0 255
280.929 390.064 0 0 0 255
281.679 391.364 0 0 0 255
280.929 390.064 0 0 0 255
281.679 389.864 0 0 0 255
281.679 391.364 0 0 0 255
281.679 389.864 0 0 0 255
282.429 390.064 0 0 0 255
281.679 391.364 0 0 0 255
282.429 390.064 0 0 0 255
282.978 390.614 0 0 0 255
281.679 391.364 0 0 0 255
282.978 390.614 0 0 0 255
283.179 391.364 0 0 0 255
282.217 392.764 0 0 0 255
281.141 389.963 0 0 0 255
282.958 392.479 0 0 0 255
281.141 389.963 0 0 0 255
281.883 389.678 0 0 0 255
282.958 392.479 0 0 0 255
282.42 391.079 0 0 0 255
283.92 391.079 0 0 0 255
283.719 391.829 0 0 0 255
282.42 391.079 0 0 0 255
283.719 391.829 0 0 0 255
283.17 392.378 0 0 0 255
282.42 391.079 0 0 0 255
283.17 392.378 0 0 0 255
282.42 392.579 0 0 0 255
282.42 391.079 0 0 0 255
282.42 392.579 0 0 0 255
281.67 392.378 0 0 0 255
282.42 391.079 0 0 0 255
281.67 392.378 0 0 0 255
281.121 391.829 0 0 0 255
282.42 391.079 0 0 0 255
281.121 391.829 0 0 0 255
280.92 391.079 0 0 0 255
282.42 391.079 0 0 0 255
280.92 391.079 0 0 0 255
281.121 390.329 0 0 0 255
282.42 391.079 0 0 0 255
281.121 390.329 0 0 0 255
281.67 389.78 0 0 0 255
282.42 391.079 0 0 0 255
281.67 389.78 0 0 0 255
282.42 389.579 0 0 0 255
282.42 391.079 0 0 0 255
282.42 389.579 0 0 0 255
283.17 389.78 0 0 0 255
282.42 391.079 0 0 0 255
283.17 389.78 0 0 0 255
283.719 390.329 0 0 0 255
282.42 391.079 0 0 0 255
283.719 390.329 0 0 0 255
283.92 391.079 0 0 0 255
282.878 392.507 0 0 0 255
281.963 389.65 0 0 0 255
283.715 392.239 0 0 0 255
281.963 389.65 0 0 0 255
282.8 389.382 0 0 0 255
283.715 392.239 0 0 0 255
283.257 390.811 0 0 0 255
284.757 390.811 0 0 0 255
284.556 391.561 0 0 0 255
283.257 390.811 0 0 0 255
284.556 391.561 0 0 0 255
284.007 392.11 0 0 0 255
283.257 390.811 0 0 0 255
284.007 392.11 0 0 0 255
283.257 392.311 0 0 0 255
283.257 390.811 0 0 0 255
283.257 392.311 0 0 0 255
282.507 392.11 0 0 0 255
283.257 390.811 0 0 0 255
282.507 392.11 0 0 0 255
281.958 391.561 0 0 0 255
283.257 390.811 0 0 0 255
281.958 391.561 0 0 0 255
281.757 390.811 0 0 0 255
283.257 390.811 0 0 0 255
281.757 390.811 0 0 0 255
281.958 390.061 0 0 0 255
283.257 390.811 0 0 0 255
281.958 390.061 0 0 0 255
282.507 389.512 0 0 0 255
283.257 390.811 0 0 0 255
282.507 389.512 0 0 0 255
283.257 389.311 0 0 0 255
283.257 390.811 0 0 0 255
283.257 389.311 0 0 0 255
284.007 389.512 0 0 0 255
283.257 390.811 0 0 0 255
284.007 389.512 0 0 0 255
284.556 390.061 0 0 0 255
283.257 390.811 0 0 0 255
284.556 390.061 0 0 0 255
284.757 390.811 0 0 0 255
283.648 392.259 0 0 0 255
282.867 389.362 0 0 0 255
284.58 392.008 0 0 0 255
282.867 389.362 0 0 0 255
283.799 389.111 0 0 0 255
284.58 392.008 0 0 0 255
284.189 390.559 0 0 0 255
285.689 390.559 0 0 0 255
285.488 391.309 0 0 0 255
284.189 390.559 0 0 0 255
285.488 391.309 0 0 0 255
284.939 391.858 0 0 0 255
284.189 390.559 0 0 0 255
284.939 391.858 0 0 0 255
284.189 392.059 0 0 0 255
284.189 390.559 0 0 0 255
284.189 392.059 0 0 0 255
283.439 391.858 0 0 0 255
284.189 390.559 0 0 0 255
283.439 391.858 0 0 0 255
282.89 391.309 0 0 0 255
284.189 390.559 0 0 0 255
282.89 391.309 0 0 0 255
282.689 390.559 0 0 0 255
284.189 390.559 0 0 0 255
282.689 390.559 0 0 0 255
282.89 389.809 0 0 0 255
284.189 390.559 0 0 0 255
282.89 389.809 0 0 0 255
283.439 389.26 0 0 0 255
284.189 390.559 0 0 0 255
283.439 389.26 0 0 0 255
284.189 389.059 0 0 0 255
284.189 390.559 0 0 0 255
284.189 389.059 0 0 0 255
284.939 389.26 0 0 0 255
284.189 390.559 0 0 0 255
284.939 389.26 0 0 0 255
285.488 389.809 0 0 0 255
284.189 390.559 0 0 0 255
285.488 389.809 0 0 0 255
285.689 390.559 0 0 0 255
284.546 392.016 0 0 0 255
283.832 389.102 0 0 0 255
285.548 391.771 0 0 0 255
283.832 389.102 0 0 0 255
284.834 388.857 0 0 0 255
285.548 391.771 0 0 0 255
285.191 390.314 0 0 0 255
286.691 390.314 0 0 0 255
286.49 391.064 0 0 0 255
285.191 390.314 0 0 0 255
286.49 391.064 0 0 0 255
285.941 391.613 0 0 0 255
285.191 390.314 0 0 0 255
285.941 391.613 0 0 0 255
285.191 391.814 0 0 0 255
285.191 390.314 0 0 0 255
285.191 391.814 0 0 0 255
284.441 391.613 0 0 0 255
285.191 390.314 0 0 0 255
284.441 391.613 0 0 0 255
283.892 391.064 0 0 0 255
285.191 390.314 0 0 0 255
283.892 391.064 0 0 0 255
283.691 390.314 0 0 0 255
285.191 390.314 0 0 0 255
283.691 390.314 0 0 0 255
283.892 389.564 0 0 0 255
285.191 390.314 0 0 0 255
283.892 389.564 0 0 0 255
284.441 389.015 0 0 0 255
285.191 390.314 0 0 0 255
284.441 389.015 0 0 0 255
285.191 388.814 0 0 0 255
285.191 390.314 0 0 0 255
285.191 388.814 0 0 0 255
285.941 389.015 0 0 0 255
285.191 390.314 0 0 0 255
285.941 389.015 0 0 0 255
286.49 389.564 0 0 0 255
285.191 390.314 0 0 0 255
286.49 389.564 0 0 0 255
286.691 390.314 0 0 0 255
285.54 391.773 0 0 0 255
284.842 388.855 0 0 0 255
286.586 391.523 0 0 0 255
284.842 388.855 0 0 0 255
285.888 388.605 0 0 0 255
286.586 391.523 0 0 0 255
286.237 390.064 0 0 0 255
287.737 390.064 0 0 0 255
287.536 390.814 0 0 0 255
286.237 390.064 0 0 0 255
287.536 390.814 0 0 0 255
286.987 391.363 0 0 0 255
286.237 390.064 0 0 0 255
286.987 391.363 0 0 0 255
286.237 391.564 0 0 0 255
286.237 390.064 0 0 0 255
286.237 391.564 0 0 0 255
285.487 391.363 0 0 0 255
286.237 390.064 0 0 0 255
285.487 391.363 0 0 0 255
284.938 390.814 0 0 0 255
286.237 390.064 0 0 0 255
284.938 390.814 0 0 0 255
284.737 390.064 0 0 0 255
286.237 390.064 0 0 0 255
284.737 390.064 0 0 0 255
284.938 389.314 0 0 0 255
286.237 390.064 0 0 0 255
284.938 389.314 0 0 0 255
285.487 388.765 0 0 0 255
286.237 390.064 0 0 0 255
285.487 388.765 0 0 0 255
286.237 388.564 0 0 0 255
286.237 390.064 0 0 0 255
286.237 388.564 0 0 0 255
286.987 388.765 0 0 0 255
286.237 390.064 0 0 0 255
286.987 388.765 0 0 0 255
287.536 389.314 0 0 0 255
286.237 390.064 0 0 0 255
287.536 389.314 0 0 0 255
287.737 390.064 0 0 0 255
286.579 391.524 0 0 0 255
285.896 388.603 0 0 0 255
287.67 391.269 0 0 0 255
285.896 388.603 0 0 0 255
286.987 388.348 0 0 0 255
287.67 391.269 0 0 0 255
287.328 389.809 0 0 0 255
288.828 389.809 0 0 0 255
288.627 390.559 0 0 0 255
287.328 389.809 0 0 0 255
288.627 390.559 0 0 0 255
288.078 391.108 0 0 0 255
287.328 389.809 0 0 0 255
288.078 391.108 0 0 0 255
287.328 391.309 0 0 0 255
287.328 389.809 0 0 0 255
287.328 391.309 0 0 0 255
286.578 391.108 0 0 0 255
287.328 389.809 0 0 0 255
286.578 391.108 0 0 0 255
286.029 390.559 0 0 0 255
287.328 389.809 0 0 0 255
286.029 390.559 0 0 0 255
285.828 389.809 0 0 0 255
287.328 389.809 0 0 0 255
285.828 389.809 0 0 0 255
286.029 389.059 0 0 0 255
287.328 389.809 0 0 0 255
286.029 389.059 0 0 0 255
286.578 388.51 0 0 0 255
287.328 389.809 0 0 0 255
286.578 388.51 0 0 0 255
287.328 388.309 0 0 0 255
287.328 389.809 0 0 0 255
287.328 388.309 0 0 0 255
288.078 388.51 0 0 0 255
287.328 389.809 0 0 0 255
288.078 388.51 0 0 0 255
288.627 389.059 0 0 0 255
287.328 389.809 0 0 0 255
288.627 389.059 0 0 0 255
288.828 389.809 0 0 0 255
287.663 391.271 0 0 0 255
286.993 388.346 0 0 0 255
288.799 391.011 0 0 0 255
286.993 388.346 0 0 0 255
288.129 388.086 0 0 0 255
288.799 391.011 0 0 0 255
288.464 389.548 0 0 0 255
289.964 389.548 0 0 0 255
289.763 390.298 0 0 0 255
288.464 389.548 0 0 0 255
289.763 390.298 0 0 0 255
289.214 390.848 0 0 0 255
288.464 389.548 0 0 0 255
289.214 390.848 0 0 0 255
288.464 391.048 0 0 0 255
288.464 389.548 0 0 0 255
288.464 391.048 0 0 0 255
287.714 390.848 0 0 0 255
288.464 389.548 0 0 0 255
287.714 390.848 0 0 0 255
287.165 390.298 0 0 0 255
288.464 389.548 0 0 0 255
287.165 390.298 0 0 0 255
286.964 389.548 0 0 0 255
288.464 389.548 0 0 0 255
286.964 389.548 0 0 0 255
287.165 388.798 0 0 0 255
288.464 389.548 0 0 0 255
287.165 388.798 0 0 0 255
287.714 388.249 0 0 0 255
288.464 389.548 0 0 0 255
287.714 388.249 0 0 0 255
288.464 388.048 0 0 0 255
288.464 389.548 0 0 0 255
288.464 388.048 0 0 0 255
289.214 388.249 0 0 0 255
288.464 389.548 0 0 0 255
289.214 388.249 0 0 0 255
289.763 388.798 0 0 0 255
288.464 389.548 0 0 0 255
289.763 388.798 0 0 0 255
289.964 389.548 0 0 0 255
288.792 391.012 0 0 0 255
288.135 388.085 0 0 0 255
289.973 390.747 0 0 0 255
288.135 388.085 0 0 0 255
289.315 387.82 0 0 0 255
289.973 390.747 0 0 0 255
289.644 389.283 0 0 0 255
291.144 389.283 0 0 0 255
290.943 390.033 0 0 0 255
289.644 389.283 0 0 0 255
290.943 390.033 0 0 0 255
290.394 390.582 0 0 0 255
289.644 389.283 0 0 0 255
290.394 390.582 0 0 0 255
289.644 390.783 0 0 0 255
289.644 389.283 0 0 0 255
289.644 390.783 0 0 0 255
288.894 390.582 0 0 0 255
289.644 389.283 0 0 0 255
288.894 390.582 0 0 0 255
288.345 390.033 0 0 0 255
289.644 389.283 0 0 0 255
288.345 390.033 0 0 0 255
288.144 389.283 0 0 0 255
289.644 389.283 0 0 0 255
288.144 389.283 0 0 0 255
288.345 388.533 0 0 0 255
289.644 389.283 0 0 0 255
288.345 388.533 0 0 0 255
288.894 387.984 0 0 0 255
289.644 389.283 0 0 0 255
288.894 387.984 0 0 0 255
289.644 387.783 0 0 0 255
289.644 389.283 0 0 0 255
289.644 387.783 0 0 0 255
290.394 387.984 0 0 0 255
289.644 389.283 0 0 0 255
290.394 387.984 0 0 0 255
290.943 388.533 0 0 0 255
289.644 389.283 0 0 0 255
290.943 388.533 0 0 0 255
291.144 389.283 0 0 0 255
289.967 390.748 0 0 0 255
289.321 387.819 0 0 0 255
291.191 390.478 0 0 0 255
289.321 387.819 0 0 0 255
290.546 387.549 0 0 0 255
291.191 390.478 0 0 0 255
290.869 389.014 0 0 0 255
292.369 389.014 0 0 0 255
292.168 389.764 0 0 0 255
290.869 389.014 0 0 0 255
292.168 389.764 0 0 0 255
291.619 390.313 0 0 0 255
290.869 389.014 0 0 0 255
291.619 390.313 0 0 0 255
290.869 390.514 0 0 0 255
290.869 389.014 0 0 0 255
290.869 390.514 0 0 0 255
290.119 390.313 0 0 0 255
290.869 389.014 0 0 0 255
290.119 390.313 0 0 0 255
289.57 389.764 0 0 0 255
290.869 389.014 0 0 0 255
289.57 389.764 0 0 0 255
289.369 389.014 0 0 0 255
290.869 389.014 0 0 0 255
289.369 389.014 0 0 0 255
289.57 388.264 0 0 0 255
290.869 389.014 0 0 0 255
289.57 388.264 0 0 0 255
290.119 387.714 0 0 0 255
290.869 389.014 0 0 0 255
290.119 387.714 0 0 0 255
290.869 387.514 0 0 0 255
290.869 389.014 0 0 0 255
290.869 387.514 0 0 0 255
291.619 387.714 0 0 0 255
290.869 389.014 0 0 0 255
291.619 387.714 0 0 0 255
292.168 388.264 0 0 0 255
290.869 389.014 0 0 0 255
292.168 388.264 0 0 0 255
292.369 389.014 0 0 0 255
291.173 390.482 0 0 0 255
290.564 387.545 0 0 0 255
292.445 390.218 0 0 0 255
290.564 387.545 0 0 0 255
291.836 387.281 0 0 0 255
292.445 390.218 0 0 0 255
292.141 388.75 0 0 0 255
293.641 388.75 0 0 0 255
293.44 389.5 0 0 0 255
292.141 388.75 0 0 0 255
293.44 389.5 0 0 0 255
292.891 390.049 0 0 0 255
292.141 388.75 0 0 0 255
292.891 390.049 0 0 0 255
292.141 390.25 0 0 0 255
292.141 388.75 0 0 0 255
292.141 390.25 0 0 0 255
291.391 390.049 0 0 0 255
292.141 388.75 0 0 0 255
291.391 390.049 0 0 0 255
290.842 389.5 0 0 0 255
292.141 388.75 0 0 0 255
290.842 389.5 0 0 0 255
290.641 388.75 0 0 0 255
292.141 388.75 0 0 0 255
290.641 388.75 0 0 0 255
290.842 388 0 0 0 255
292.141 388.75 0 0 0 255
290.842 388 0 0 0 255
291.391 387.451 0 0 0 255
292.141 388.75 0 0 0 255
291.391 387.451 0 0 0 255
292.141 387.25 0 0 0 255
292.141 388.75 0 0 0 255
292.141 387.25 0 0 0 255
292.891 387.451 0 0 0 255
292.141 388.75 0 0 0 255
292.891 387.451 0 0 0 255
293.44 388 0 0 0 255
292.141 388.75 0 0 0 255
293.44 388 0 0 0 255
293.641 388.75 0 0 0 255
292.416 390.224 0 0 0 255
291.865 387.275 0 0 0 255
293.738 389.977 0 0 0 255
291.865 387.275 0 0 0 255
293.187 387.028 0 0 0 255
293.738 389.977 0 0 0 255
293.463 388.503 0 0 0 255
294.963 388.503 0 0 0 255
294.762 389.253 0 0 0 255
293.463 388.503 0 0 0 255
294.762 389.253 0 0 0 255
294.213 389.802 0 0 0 255
293.463 388.503 0 0 0 255
294.213 389.802 0 0 0 255
293.463 390.003 0 0 0 255
293.463 388.503 0 0 0 255
293.463 390.003 0 0 0 255
292.713 389.802 0 0 0 255
293.463 388.503 0 0 0 255
292.713 389.802 0 0 0 255
292.164 389.253 0 0 0 255
293.463 388.503 0 0 0 255
292.164 389.253 0 0 0 255
291.963 388.503 0 0 0 255
293.463 388.503 0 0 0 255
291.963 388.503 0 0 0 255
292.164 387.753 0 0 0 255
293.463 388.503 0 0 0 255
292.164 387.753 0 0 0 255
292.713 387.204 0 0 0 255
293.463 388.503 0 0 0 255
292.713 387.204 0 0 0 255
293.463 387.003 0 0 0 255
293.463 388.503 0 0 0 255
293.463 387.003 0 0 0 255
294.213 387.204 0 0 0 255
293.463 388.503 0 0 0 255
294.213 387.204 0 0 0 255
294.762 387.753 0 0 0 255
293.463 388.503 0 0 0 255
294.762 387.753 0 0 0 255
294.963 388.503 0 0 0 255
293.711 389.982 0 0 0 255
293.215 387.023 0 0 0 255
295.083 389.752 0 0 0 255
293.215 387.023 0 0 0 255
294.587 386.793 0 0 0 255
295.083 389.752 0 0 0 255
294.835 388.273 0 0 0 255
296.335 388.273 0 0 0 255
296.134 389.023 0 0 0 255
294.835 388.273 0 0 0 255
296.134 389.023 0 0 0 255
295.585 389.572 0 0 0 255
294.835 388.273 0 0 0 255
295.585 389.572 0 0 0 255
294.835 389.773 0 0 0 255
294.835 388.273 0 0 0 255
294.835 389.773 0 0 0 255
294.085 389.572 0 0 0 255
294.835 388.273 0 0 0 255
294.085 389.572 0 0 0 255
293.536 389.023 0 0 0 255
294.835 388.273 0 0 0 255
293.536 389.023 0 0 0 255
293.335 388.273 0 0 0 255
294.835 388.273 0 0 0 255
293.335 388.273 0 0 0 255
293.536 387.523 0 0 0 255
294.835 388.273 0 0 0 255
293.536 387.523 0 0 0 255
294.085 386.973 0 0 0 255
294.835 388.273 0 0 0 255
294.085 386.973 0 0 0 255
294.835 386.773 0 0 0 255
294.835 388.273 0 0 0 255
294.835 386.773 0 0 0 255
295.585 386.973 0 0 0 255
294.835 388.273 0 0 0 255
295.585 386.973 0 0 0 255
296.134 387.523 0 0 0 255
294.835 388.273 0 0 0 255
296.134 387.523 0 0 0 255
296.335 388.273 0 0 0 255
295.058 389.756 0 0 0 255
294.613 386.789 0 0 0 255
296.48 389.543 0 0 0 255
294.613 386.789 0 0 0 255
296.036 386.576 0 0 0 255
296.48 389.543 0 0 0 255
296.258 388.059 0 0 0 255
297.758 388.059 0 0 0 255
297.557 388.809 0 0 0 255
296.258 388.059 0 0 0 255
297.557 388.809 0 0 0 255
297.008 389.358 0 0 0 255
296.258 388.059 0 0 0 255
297.008 389.358 0 0 0 255
296.258 389.559 0 0 0 255
296.258 388.059 0 0 0 255
296.258 389.559 0 0 0 255
295.508 389.358 0 0 0 255
296.258 388.059 0 0 0 255
295.508 389.358 0 0 0 255
294.959 388.809 0 0 0 255
296.258 388.059 0 0 0 255
294.959 388.809 0 0 0 255
294.758 388.059 0 0 0 255
296.258 388.059 0 0 0 255
294.758 388.059 0 0 0 255
294.959 387.309 0 0 0 255
296.258 388.059 0 0 0 255
294.959 387.309 0 0 0 255
295.508 386.76 0 0 0 255
296.258 388.059 0 0 0 255
295.508 386.76 0 0 0 255
296.258 386.559 0 0 0 255
296.258 388.059 0 0 0 255
296.258 386.559 0 0 0 255
297.008 386.76 0 0 0 255
296.258 388.059 0 0 0 255
297.008 386.76 0 0 0 255
297.557 387.309 0 0 0 255
296.258 388.059 0 0 0 255
297.557 387.309 0 0 0 255
297.758 388.059 0 0 0 255
296.456 389.546 0 0 0 255
296.06 386.572 0 0 0 255
297.929 389.35 0 0 0 255
296.06 386.572 0 0 0 255
297.532 386.376 0 0 0 255
297.929 389.35 0 0 0 255
297.731 387.863 0 0 0 255
299.231 387.863 0 0 0 255
299.03 388.613 0 0 0 255
297.731 387.863 0 0 0 255
299.03 388.613 0 0 0 255
298.481 389.162 0 0 0 255
297.731 387.863 0 0 0 255
298.481 389.162 0 0 0 255
297.731 389.363 0 0 0 255
297.731 387.863 0 0 0 255
297.731 389.363 0 0 0 255
296.981 389.162 0 0 0 255
297.731 387.863 0 0 0 255
296.981 389.162 0 0 0 255
296.432 388.613 0 0 0 255
297.731 387.863 0 0 0 255
296.432 388.613 0 0 0 255
296.231 387.863 0 0 0 255
297.731 387.863 0 0 0 255
296.231 387.863 0 0 0 255
296.432 387.113 0 0 0 255
297.731 387.863 0 0 0 255
296.432 387.113 0 0 0 255
296.981 386.564 0 0 0 255
297.731 387.863 0 0 0 255
296.981 386.564 0 0 0 255
297.731 386.363 0 0 0 255
297.731 387.863 0 0 0 255
297.731 386.363 0 0 0 255
298.481 386.564 0 0 0 255
297.731 387.863 0 0 0 255
298.481 386.564 0 0 0 255
299.03 387.113 0 0 0 255
297.731 387.863 0 0 0 255
299.03 387.113 0 0 0 255
299.231 387.863 0 0 0 255
297.906 389.353 0 0 0 255
297.555 386.373 0 0 0 255
299.429 389.173 0 0 0 255
297.555 386.373 0 0 0 255
299.078 386.194 0 0 0 255
299.429 389.173 0 0 0 255
299.254 387.684 0 0 0 255
300.754 387.684 0 0 0 255
300.553 388.434 0 0 0 255
299.254 387.684 0 0 0 255
300.553 388.434 0 0 0 255
300.004 388.983 0 0 0 255
299.254 387.684 0 0 0 255
300.004 388.983 0 0 0 255
299.254 389.184 0 0 0 255
299.254 387.684 0 0 0 255
299.254 389.184 0 0 0 255
298.504 388.983 0 0 0 255
299.254 387.684 0 0 0 255
298.504 388.983 0 0 0 255
297.954 388.434 0 0 0 255
299.254 387.684 0 0 0 255
297.954 388.434 0 0 0 255
297.754 387.684 0 0 0 255
299.254 387.684 0 0 0 255
297.754 387.684 0 0 0 255
297.954 386.934 0 0 0 255
299.254 387.684 0 0 0 255
297.954 386.934 0 0 0 255
298.504 386.385 0 0 0 255
299.254 387.684 0 0 0 255
298.504 386.385 0 0 0 255
299.254 386.184 0 0 0 255
299.254 387.684 0 0 0 255
299.254 386.184 0 0 0 255
300.004 386.385 0 0 0 255
299.254 387.684 0 0 0 255
300.004 386.385 0 0 0 255
300.553 386.934 0 0 0 255
299.254 387.684 0 0 0 255
300.553 386.934 0 0 0 255
300.754 387.684 0 0 0 255
299.41 389.176 0 0 0 255
299.097 386.192 0 0 0 255
300.902 389.019 0 0 0 255
299.097 386.192 0 0 0 255
300.588 386.035 0 0 0 255
300.902 389.019 0 0 0 255
300.745 387.527 0 0 0 255
302.245 387.527 0 0 0 255
302.044 388.277 0 0 0 255
300.745 387.527 0 0 0 255
302.044 388.277 0 0 0 255
301.495 388.826 0 0 0 255
300.745 387.527 0 0 0 255
301.495 388.826 0 0 0 255
300.745 389.027 0 0 0 255
300.745 387.527 0 0 0 255
300.745 389.027 0 0 0 255
299.995 388.826 0 0 0 255
300.745 387.527 0 0 0 255
299.995 388.826 0 0 0 255
299.446 388.277 0 0 0 255
300.745 387.527 0 0 0 255
299.446 388.277 0 0 0 255
299.245 387.527 0 0 0 255
300.745 387.527 0 0 0 255
299.245 387.527 0 0 0 255
299.446 386.777 0 0 0 255
300.745 387.527 0 0 0 255
299.446 386.777 0 0 0 255
299.995 386.228 0 0 0 255
300.745 387.527 0 0 0 255
299.995 386.228 0 0 0 255
300.745 386.027 0 0 0 255
300.745 387.527 0 0 0 255
300.745 386.027 0 0 0 255
301.495 386.228 0 0 0 255
300.745 387.527 0 0 0 255
301.495 386.228 0 0 0 255
302.044 386.777 0 0 0 255
300.745 387.527 0 0 0 255
302.044 386.777 0 0 0 255
302.245 387.527 0 0 0 255
300.885 389.02 0 0 0 255
300.605 386.033 0 0 0 255
302.264 388.891 0 0 0 255
300.605 386.033 0 0 0 255
301.985 385.904 0 0 0 255
302.264 388.891 0 0 0 255
302.124 387.398 0 0 0 255
303.624 387.398 0 0 0 255
303.423 388.148 0 0 0 255
302.124 387.398 0 0 0 255
303.423 388.148 0 0 0 255
302.874 388.697 0 0 0 255
302.124 387.398 0 0 0 255
302.874 388.697 0 0 0 255
302.124 388.898 0 0 0 255
302.124 387.398 0 0 0 255
302.124 388.898 0 0 0 255
301.374 388.697 0 0 0 255
302.124 387.398 0 0 0 255
301.374 388.697 0 0 0 255
300.825 388.148 0 0 0 255
302.124 387.398 0 0 0 255
300.825 388.148 0 0 0 255
300.624 387.398 0 0 0 255
302.124 387.398 0 0 0 255
300.624 387.398 0 0 0 255
300.825 386.648 0 0 0 255
302.124 387.398 0 0 0 255
300.825 386.648 0 0 0 255
301.374 386.099 0 0 0 255
302.124 387.398 0 0 0 255
301.374 386.099 0 0 0 255
302.124 385.898 0 0 0 255
302.124 387.398 0 0 0 255
302.124 385.898 0 0 0 255
302.874 386.099 0 0 0 255
302.124 387.398 0 0 0 255
302.874 386.099 0 0 0 255
303.423 386.648 0 0 0 255
302.124 387.398 0 0 0 255
303.423 386.648 0 0 0 255
303.624 387.398 0 0 0 255
302.244 388.893 0 0 0 255
302.005 385.902 0 0 0 255
303.511 388.792 0 0 0 255
302.005 385.902 0 0 0 255
303.272 385.801 0 0 0 255
303.511 388.792 0 0 0 255
303.391 387.296 0 0 0 255
304.891 387.296 0 0 0 255
304.69 388.046 0 0 0 255
303.391 387.296 0 0 0 255
304.69 388.046 0 0 0 255
304.141 388.595 0 0 0 255
303.391 387.296 0 0 0 255
304.141 388.595 0 0 0 255
303.391 388.796 0 0 0 255
303.391 387.296 0 0 0 255
303.391 388.796 0 0 0 255
302.641 388.595 0 0 0 255
303.391 387.296 0 0 0 255
302.641 388.595 0 0 0 255
302.092 388.046 0 0 0 255
303.391 387.296 0 0 0 255
302.092 388.046 0 0 0 255
301.891 387.296 0 0 0 255
303.391 387.296 0 0 0 255
301.891 387.296 0 0 0 255
302.092 386.546 0 0 0 255
303.391 387.296 0 0 0 255
302.092 386.546 0 0 0 255
302.641 385.997 0 0 0 255
303.391 387.296 0 0 0 255
302.641 385.997 0 0 0 255
303.391 385.796 0 0 0 255
303.391 387.296 0 0 0 255
303.391 385.796 0 0 0 255
304.141 385.997 0 0 0 255
303.391 387.296 0 0 0 255
304.141 385.997 0 0 0 255
304.69 386.546 0 0 0 255
303.391 387.296 0 0 0 255
304.69 386.546 0 0 0 255
304.891 387.296 0 0 0 255
303.487 388.793 0 0 0 255
303.296 385.799 0 0 0 255
304.641 388.72 0 0 0 255
303.296 385.799 0 0 0 255
304.45 385.726 0 0 0 255
304.641 388.72 0 0 0 255
304.545 387.223 0 0 0 255
306.045 387.223 0 0 0 255
305.844 387.973 0 0 0 255
304.545 387.223 0 0 0 255
305.844 387.973 0 0 0 255
305.295 388.522 0 0 0 255
304.545 387.223 0 0 0 255
305.295 388.522 0 0 0 255
304.545 388.723 0 0 0 255
304.545 387.223 0 0 0 255
304.545 388.723 0 0 0 255
303.795 388.522 0 0 0 255
304.545 387.223 0 0 0 255
303.795 388.522 0 0 0 255
303.246 387.973 0 0 0 255
304.545 387.223 0 0 0 255
303.246 387.973 0 0 0 255
303.045 387.223 0 0 0 255
304.545 387.223 0 0 0 255
303.045 387.223 0 0 0 255
303.246 386.473 0 0 0 255
304.545 387.223 0 0 0 255
303.246 386.473 0 0 0 255
303.795 385.924 0 0 0 255
304.545 387.223 0 0 0 255
303.795 385.924 0 0 0 255
304.545 385.723 0 0 0 255
304.545 387.223 0 0 0 255
304.545 385.723 0 0 0 255
305.295 385.924 0 0 0 255
304.545 387.223 0 0 0 255
305.295 385.924 0 0 0 255
305.844 386.473 0 0 0 255
304.545 387.223 0 0 0 255
305.844 386.473 0 0 0 255
306.045 387.223 0 0 0 255
304.611 388.721 0 0 0 255
304.48 385.724 0 0 0 255
305.653 388.676 0 0 0 255
304.48 385.724 0 0 0 255
305.521 385.678 0 0 0 255
305.653 388.676 0 0 0 255
305.587 387.177 0 0 0 255
307.087 387.177 0 0 0 255
306.886 387.927 0 0 0 255
305.587 387.177 0 0 0 255
306.886 387.927 0 0 0 255
306.337 388.476 0 0 0 255
305.587 387.177 0 0 0 255
306.337 388.476 0 0 0 255
305.587 388.677 0 0 0 255
305.587 387.177 0 0 0 255
305.587 388.677 0 0 0 255
304.837 388.476 0 0 0 255
305.587 387.177 0 0 0 255
304.837 388.476 0 0 0 255
304.288 387.927 0 0 0 255
305.587 387.177 0 0 0 255
304.288 387.927 0 0 0 255
304.087 387.177 0 0 0 255
305.587 387.177 0 0 0 255
304.087 387.177 0 0 0 255
304.288 386.427 0 0 0 255
305.587 387.177 0 0 0 255
304.288 386.427 0 0 0 255
304.837 385.878 0 0 0 255
305.587 387.177 0 0 0 255
304.837 385.878 0 0 0 255
305.587 385.677 0 0 0 255
305.587 387.177 0 0 0 255
305.587 385.677 0 0 0 255
306.337 385.878 0 0 0 255
305.587 387.177 0 0 0 255
306.337 385.878 0 0 0 255
306.886 386.427 0 0 0 255
305.587 387.177 0 0 0 255
306.886 386.427 0 0 0 255
307.087 387.177 0 0 0 255
305.616 388.677 0 0 0 255
305.558 385.677 0 0 0 255
306.545 388.659 0 0 0 255
305.558 385.677 0 0 0 255
306.487 385.659 0 0 0 255
306.545 388.659 0 0 0 255
306.516 387.159 0 0 0 255
308.016 387.159 0 0 0 255
307.815 387.909 0 0 0 255
306.516 387.159 0 0 0 255
307.815 387.909 0 0 0 255
307.266 388.458 0 0 0 255
306.516 387.159 0 0 0 255
307.266 388.458 0 0 0 255
306.516 388.659 0 0 0 255
306.516 387.159 0 0 0 255
306.516 388.659 0 0 0 255
305.766 388.458 0 0 0 255
306.516 387.159 0 0 0 255
305.766 388.458 0 0 0 255
305.217 387.909 0 0 0 255
306.516 387.159 0 0 0 255
305.217 387.909 0 0 0 255
305.016 387.159 0 0 0 255
306.516 387.159 0 0 0 255
305.016 387.159 0 0 0 255
305.217 386.409 0 0 0 255
306.516 387.159 0 0 0 255
305.217 386.409 0 0 0 255
305.766 385.86 0 0 0 255
306.516 387.159 0 0 0 255
305.766 385.86 0 0 0 255
306.516 385.659 0 0 0 255
306.516 387.159 0 0 0 255
306.516 385.659 0 0 0 255
307.266 385.86 0 0 0 255
306.516 387.159 0 0 0 255
307.266 385.86 0 0 0 255
307.815 386.409 0 0 0 255
306.516 387.159 0 0 0 255
307.815 386.409 0 0 0 255
308.016 387.159 0 0 0 255
306.51 388.659 0 0 0 255
306.523 385.659 0 0 0 255
307.371 388.663 0 0 0 255
306.523 385.659 0 0 0 255
307.385 385.663 0 0 0 255
307.371 388.663 0 0 0 255
307.378 387.163 0 0 0 255
308.878 387.163 0 0 0 255
308.677 387.913 0 0 0 255
307.378 387.163 0 0 0 255
308.677 387.913 0 0 0 255
308.128 388.462 0 0 0 255
307.378 387.163 0 0 0 255
308.128 388.462 0 0 0 255
307.378 388.663 0 0 0 255
307.378 387.163 0 0 0 255
307.378 388.663 0 0 0 255
306.628 388.462 0 0 0 255
307.378 387.163 0 0 0 255
306.628 388.462 0 0 0 255
306.079 387.913 0 0 0 255
307.378 387.163 0 0 0 255
306.079 387.913 0 0 0 255
305.878 387.163 0 0 0 255
307.378 387.163 0 0 0 255
305.878 387.163 0 0 0 255
306.079 386.413 0 0 0 255
307.378 387.163 0 0 0 255
306.079 386.413 0 0 0 255
306.628 385.864 0 0 0 255
307.378 387.163 0 0 0 255
306.628 385.864 0 0 0 255
307.378 385.663 0 0 0 255
307.378 387.163 0 0 0 255
307.378 385.663 0 0 0 255
308.128 385.864 0 0 0 255
307.378 387.163 0 0 0 255
308.128 385.864 0 0 0 255
308.677 386.413 0 0 0 255
307.378 387.163 0 0 0 255
308.677 386.413 0 0 0 255
308.878 387.163 0 0 0 255
307.343 388.663 0 0 0 255
307.413 385.663 0 0 0 255
308.183 388.682 0 0 0 255
307.413 385.663 0 0 0 255
308.253 385.683 0 0 0 255
308.183 388.682 0 0 0 255
308.218 387.183 0 0 0 255
309.718 387.183 0 0 0 255
309.517 387.933 0 0 0 255
308.218 387.183 0 0 0 255
309.517 387.933 0 0 0 255
308.968 388.482 0 0 0 255
308.218 387.183 0 0 0 255
308.968 388.482 0 0 0 255
308.218 388.683 0 0 0 255
308.218 387.183 0 0 0 255
308.218 388.683 0 0 0 255
307.468 388.482 0 0 0 255
308.218 387.183 0 0 0 255
307.468 388.482 0 0 0 255
306.919 387.933 0 0 0 255
308.218 387.183 0 0 0 255
306.919 387.933 0 0 0 255
306.718 387.183 0 0 0 255
308.218 387.183 0 0 0 255
306.718 387.183 0 0 0 255
306.919 386.433 0 0 0 255
308.218 387.183 0 0 0 255
306.919 386.433 0 0 0 255
307.468 385.884 0 0 0 255
308.218 387.183 0 0 0 255
307.468 385.884 0 0 0 255
308.218 385.683 0 0 0 255
308.218 387.183 0 0 0 255
308.218 385.683 0 0 0 255
308.968 385.884 0 0 0 255
308.218 387.183 0 0 0 255
308.968 385.884 0 0 0 255
309.517 386.433 0 0 0 255
308.218 387.183 0 0 0 255
309.517 386.433 0 0 0 255
309.718 387.183 0 0 0 255
308.153 388.681 0 0 0 255
308.283 385.684 0 0 0 255
308.97 388.717 0 0 0 255
308.283 385.684 0 0 0 255
309.101 385.72 0 0 0 255
308.97 388.717 0 0 0 255
309.036 387.218 0 0 0 255
310.536 387.218 0 0 0 255
310.335 387.968 0 0 0 255
309.036 387.218 0 0 0 255
310.335 387.968 0 0 0 255
309.786 388.517 0 0 0 255
309.036 387.218 0 0 0 255
309.786 388.517 0 0 0 255
309.036 388.718 0 0 0 255
309.036 387.218 0 0 0 255
309.036 388.718 0 0 0 255
308.286 388.517 0 0 0 255
309.036 387.218 0 0 0 255
308.286 388.517 0 0 0 255
307.737 387.968 0 0 0 255
309.036 387.218 0 0 0 255
307.737 387.968 0 0 0 255
307.536 387.218 0 0 0 255
309.036 387.218 0 0 0 255
307.536 387.218 0 0 0 255
307.737 386.468 0 0 0 255
309.036 387.218 0 0 0 255
307.737 386.468 0 0 0 255
308.286 385.919 0 0 0 255
309.036 387.218 0 0 0 255
308.286 385.919 0 0 0 255
309.036 385.718 0 0 0 255
309.036 387.218 0 0 0 255
309.036 385.718 0 0 0 255
309.786 385.919 0 0 0 255
309.036 387.218 0 0 0 255
309.786 385.919 0 0 0 255
310.335 386.468 0 0 0 255
309.036 387.218 0 0 0 255
310.335 386.468 0 0 0 255
310.536 387.218 0 0 0 255
308.939 388.715 0 0 0 255
309.132 385.721 0 0 0 255
309.734 388.767 0 0 0 255
309.132 385.721 0 0 0 255
309.928 385.773 0 0 0 255
309.734 388.767 0 0 0 255
309.831 387.27 0 0 0 255
311.331 387.27 0 0 0 255
311.13 388.02 0 0 0 255
309.831 387.27 0 0 0 255
311.13 388.02 0 0 0 255
310.581 388.569 0 0 0 255
309.831 387.27 0 0 0 255
310.581 388.569 0 0 0 255
309.831 388.77 0 0 0 255
309.831 387.27 0 0 0 255
309.831 388.77 0 0 0 255
309.081 388.569 0 0 0 255
309.831 387.27 0 0 0 255
309.081 388.569 0 0 0 255
308.532 388.02 0 0 0 255
309.831 387.27 0 0 0 255
308.532 388.02 0 0 0 255
308.331 387.27 0 0 0 255
309.831 387.27 0 0 0 255
308.331 387.27 0 0 0 255
308.532 386.52 0 0 0 255
309.831 387.27 0 0 0 255
308.532 386.52 0 0 0 255
309.081 385.971 0 0 0 255
309.831 387.27 0 0 0 255
309.081 385.971 0 0 0 255
309.831 385.77 0 0 0 255
309.831 387.27 0 0 0 255
309.831 385.77 0 0 0 255
310.581 385.971 0 0 0 255
309.831 387.27 0 0 0 255
310.581 385.971 0 0 0 255
311.13 386.52 0 0 0 255
309.831 387.27 0 0 0 255
311.13 386.52 0 0 0 255
311.331 387.27 0 0 0 255
309.701 388.764 0 0 0 255
309.961 385.775 0 0 0 255
310.475 388.831 0 0 0 255
309.961 385.775 0 0 0 255
310.734 385.843 0 0 0 255
310.475 388.831 0 0 0 255
310.605 387.337 0 0 0 255
312.105 387.337 0 0 0 255
311.904 388.087 0 0 0 255
310.605 387.337 0 0 0 255
311.904 388.087 0 0 0 255
311.355 388.636 0 0 0 255
310.605 387.337 0 0 0 255
311.355 388.636 0 0 0 255
310.605 388.837 0 0 0 255
310.605 387.337 0 0 0 255
310.605 388.837 0 0 0 255
309.855 388.636 0 0 0 255
310.605 387.337 0 0 0 255
309.855 388.636 0 0 0 255
309.305 388.087 0 0 0 255
310.605 387.337 0 0 0 255
309.305 388.087 0 0 0 255
309.105 387.337 0 0 0 255
310.605 387.337 0 0 0 255
309.105 387.337 0 0 0 255
309.305 386.587 0 0 0 255
310.605 387.337 0 0 0 255
309.305 386.587 0 0 0 255
309.855 386.038 0 0 0 255
310.605 387.337 0 0 0 255
309.855 386.038 0 0 0 255
310.605 385.837 0 0 0 255
310.605 387.337 0 0 0 255
310.605 385.837 0 0 0 255
311.355 386.038 0 0 0 255
310.605 387.337 0 0 0 255
311.355 386.038 0 0 0 255
311.904 386.587 0 0 0 255
310.605 387.337 0 0 0 255
311.904 386.587 0 0 0 255
312.105 387.337 0 0 0 255
310.44 388.828 0 0 0 255
310.769 385.846 0 0 0 255
311.191 388.911 0 0 0 255
310.769 385.846 0 0 0 255
311.521 385.929 0 0 0 255
311.191 388.911 0 0 0 255
311.356 387.42 0 0 0 255
312.856 387.42 0 0 0 255
312.655 388.17 0 0 0 255
311.356 387.42 0 0 0 255
312.655 388.17 0 0 0 255
312.106 388.719 0 0 0 255
311.356 387.42 0 0 0 255
312.106 388.719 0 0 0 255
311.356 388.92 0 0 0 255
311.356 387.42 0 0 0 255
311.356 388.92 0 0 0 255
310.606 388.719 0 0 0 255
311.356 387.42 0 0 0 255
310.606 388.719 0 0 0 255
310.057 388.17 0 0 0 255
311.356 387.42 0 0 0 255
310.057 388.17 0 0 0 255
309.856 387.42 0 0 0 255
311.356 387.42 0 0 0 255
309.856 387.42 0 0 0 255
310.057 386.67 0 0 0 255
311.356 387.42 0 0 0 255
310.057 386.67 0 0 0 255
310.606 386.121 0 0 0 255
311.356 387.42 0 0 0 255
310.606 386.121 0 0 0 255
311.356 385.92 0 0 0 255
311.356 387.42 0 0 0 255
311.356 385.92 0 0 0 255
312.106 386.121 0 0 0 255
311.356 387.42 0 0 0 255
312.106 386.121 0 0 0 255
312.655 386.67 0 0 0 255
311.356 387.42 0 0 0 255
312.655 386.67 0 0 0 255
312.856 387.42 0 0 0 255
311.167 388.908 0 0 0 255
311.544 385.932 0 0 0 255
311.883 388.999 0 0 0 255
311.544 385.932 0 0 0 255
312.26 386.023 0 0 0 255
311.883 388.999 0 0 0 255
312.072 387.511 0 0 0 255
313.572 387.511 0 0 0 255
313.371 388.261 0 0 0 255
312.072 387.511 0 0 0 255
313.371 388.261 0 0 0 255
312.822 388.81 0 0 0 255
312.072 387.511 0 0 0 255
312.822 388.81 0 0 0 255
312.072 389.011 0 0 0 255
312.072 387.511 0 0 0 255
312.072 389.011 0 0 0 255
311.322 388.81 0 0 0 255
312.072 387.511 0 0 0 255
311.322 388.81 0 0 0 255
310.773 388.261 0 0 0 255
312.072 387.511 0 0 0 255
310.773 388.261 0 0 0 255
310.572 387.511 0 0 0 255
312.072 387.511 0 0 0 255
310.572 387.511 0 0 0 255
310.773 386.761 0 0 0 255
312.072 387.511 0 0 0 255
310.773 386.761 0 0 0 255
311.322 386.212 0 0 0 255
312.072 387.511 0 0 0 255
311.322 386.212 0 0 0 255
312.072 386.011 0 0 0 255
312.072 387.511 0 0 0 255
312.072 386.011 0 0 0 255
312.822 386.212 0 0 0 255
312.072 387.511 0 0 0 255
312.822 386.212 0 0 0 255
313.371 386.761 0 0 0 255
312.072 387.511 0 0 0 255
313.371 386.761 0 0 0 255
313.572 387.511 0 0 0 255
311.872 388.997 0 0 0 255
312.272 386.024 0 0 0 255
312.54 389.087 0 0 0 255
312.272 386.024 0 0 0 255
312.941 386.114 0 0 0 255
312.54 389.087 0 0 0 255
312.74 387.601 0 0 0 255
314.24 387.601 0 0 0 255
314.039 388.351 0 0 0 255
312.74 387.601 0 0 0 255
314.039 388.351 0 0 0 255
313.49 388.9 0 0 0 255
312.74 387.601 0 0 0 255
313.49 388.9 0 0 0 255
312.74 389.101 0 0 0 255
312.74 387.601 0 0 0 255
312.74 389.101 0 0 0 255
311.99 388.9 0 0 0 255
312.74 387.601 0 0 0 255
311.99 388.9 0 0 0 255
311.441 388.351 0 0 0 255
312.74 387.601 0 0 0 255
311.441 388.351 0 0 0 255
311.24 387.601 0 0 0 255
312.74 387.601 0 0 0 255
311.24 387.601 0 0 0 255
311.441 386.851 0 0 0 255
312.74 387.601 0 0 0 255
311.441 386.851 0 0 0 255
311.99 386.302 0 0 0 255
312.74 387.601 0 0 0 255
311.99 386.302 0 0 0 255
312.74 386.101 0 0 0 255
312.74 387.601 0 0 0 255
312.74 386.101 0 0 0 255
313.49 386.302 0 0 0 255
312.74 387.601 0 0 0 255
313.49 386.302 0 0 0 255
314.039 386.851 0 0 0 255
312.74 387.601 0 0 0 255
314.039 386.851 0 0 0 255
314.24 387.601 0 0 0 255
312.526 389.085 0 0 0 255
312.955 386.116 0 0 0 255
313.146 389.175 0 0 0 255
312.955 386.116 0 0 0 255
313.575 386.206 0 0 0 255
313.146 389.175 0 0 0 255
313.361 387.69 0 0 0 255
314.861 387.69 0 0 0 255
314.66 388.44 0 0 0 255
313.361 387.69 0 0 0 255
314.66 388.44 0 0 0 255
314.111 388.989 0 0 0 255
313.361 387.69 0 0 0 255
314.111 388.989 0 0 0 255
313.361 389.19 0 0 0 255
313.361 387.69 0 0 0 255
313.361 389.19 0 0 0 255
312.611 388.989 0 0 0 255
313.361 387.69 0 0 0 255
312.611 388.989 0 0 0 255
312.062 388.44 0 0 0 255
313.361 387.69 0 0 0 255
312.062 388.44 0 0 0 255
311.861 387.69 0 0 0 255
313.361 387.69 0 0 0 255
311.861 387.69 0 0 0 255
312.062 386.94 0 0 0 255
313.361 387.69 0 0 0 255
312.062 386.94 0 0 0 255
312.611 386.391 0 0 0 255
313.361 387.69 0 0 0 255
312.611 386.391 0 0 0 255
313.361 386.19 0 0 0 255
313.361 387.69 0 0 0 255
313.361 386.19 0 0 0 255
314.111 386.391 0 0 0 255
313.361 387.69 0 0 0 255
314.111 386.391 0 0 0 255
314.66 386.94 0 0 0 255
313.361 387.69 0 0 0 255
314.66 386.94 0 0 0 255
314.861 387.69 0 0 0 255
313.13 389.173 0 0 0 255
313.591 386.208 0 0 0 255
313.703 389.261 0 0 0 255
313.591 386.208 0 0 0 255
314.163 386.297 0 0 0 255
313.703 389.261 0 0 0 255
313.933 387.779 0 0 0 255
315.433 387.779 0 0 0 255
315.232 388.529 0 0 0 255
313.933 387.779 0 0 0 255
315.232 388.529 0 0 0 255
314.683 389.078 0 0 0 255
313.933 387.779 0 0 0 255
314.683 389.078 0 0 0 255
313.933 389.279 0 0 0 255
313.933 387.779 0 0 0 255
313.933 389.279 0 0 0 255
313.183 389.078 0 0 0 255
313.933 387.779 0 0 0 255
313.183 389.078 0 0 0 255
312.634 388.529 0 0 0 255
313.933 387.779 0 0 0 255
312.634 388.529 0 0 0 255
312.433 387.779 0 0 0 255
313.933 387.779 0 0 0 255
312.433 387.779 0 0 0 255
312.634 387.029 0 0 0 255
313.933 387.779 0 0 0 255
312.634 387.029 0 0 0 255
313.183 386.48 0 0 0 255
313.933 387.779 0 0 0 255
313.183 386.48 0 0 0 255
313.933 386.279 0 0 0 255
313.933 387.779 0 0 0 255
313.933 386.279 0 0 0 255
314.683 386.48 0 0 0 255
313.933 387.779 0 0 0 255
314.683 386.48 0 0 0 255
315.232 387.029 0 0 0 255
313.933 387.779 0 0 0 255
315.232 387.029 0 0 0 255
315.433 387.779 0 0 0 255
313.684 389.258 0 0 0 255
314.182 386.3 0 0 0 255
314.209 389.347 0 0 0 255
314.182 386.3 0 0 0 255
314.707 386.388 0 0 0 255
314.209 389.347 0 0 0 255
314.458 387.868 0 0 0 255
315.958 387.868 0 0 0 255
315.757 388.618 0 0 0 255
314.458 387.868 0 0 0 255
315.757 388.618 0 0 0 255
315.208 389.167 0 0 0 255
314.458 387.868 0 0 0 255
315.208 389.167 0 0 0 255
314.458 389.368 0 0 0 255
314.458 387.868 0 0 0 255
314.458 389.368 0 0 0 255
313.708 389.167 0 0 0 255
314.458 387.868 0 0 0 255
313.708 389.167 0 0 0 255
313.159 388.618 0 0 0 255
314.458 387.868 0 0 0 255
313.159 388.618 0 0 0 255
312.958 387.868 0 0 0 255
314.458 387.868 0 0 0 255
312.958 387.868 0 0 0 255
313.159 387.118 0 0 0 255
314.458 387.868 0 0 0 255
313.159 387.118 0 0 0 255
313.708 386.569 0 0 0 255
314.458 387.868 0 0 0 255
313.708 386.569 0 0 0 255
314.458 386.368 0 0 0 255
314.458 387.868 0 0 0 255
314.458 386.368 0 0 0 255
315.208 386.569 0 0 0 255
314.458 387.868 0 0 0 255
315.208 386.569 0 0 0 255
315.757 387.118 0 0 0 255
314.458 387.868 0 0 0 255
315.757 387.118 0 0 0 255
315.958 387.868 0 0 0 255
314.186 389.343 0 0 0 255
314.729 386.392 0 0 0 255
314.663 389.431 0 0 0 255
314.729 386.392 0 0 0 255
315.206 386.48 0 0 0 255
314.663 389.431 0 0 0 255
314.934 387.955 0 0 0 255
316.434 387.955 0 0 0 255
316.233 388.705 0 0 0 255
314.934 387.955 0 0 0 255
316.233 388.705 0 0 0 255
315.684 389.254 0 0 0 255
314.934 387.955 0 0 0 255
315.684 389.254 0 0 0 255
314.934 389.455 0 0 0 255
314.934 387.955 0 0 0 255
314.934 389.455 0 0 0 255
314.184 389.254 0 0 0 255
314.934 387.955 0 0 0 255
314.184 389.254 0 0 0 255
313.635 388.705 0 0 0 255
314.934 387.955 0 0 0 255
313.635 388.705 0 0 0 255
313.434 387.955 0 0 0 255
314.934 387.955 0 0 0 255
313.434 387.955 0 0 0 255
313.635 387.205 0 0 0 255
314.934 387.955 0 0 0 255
313.635 387.205 0 0 0 255
314.184 386.656 0 0 0 255
314.934 387.955 0 0 0 255
314.184 386.656 0 0 0 255
314.934 386.455 0 0 0 255
314.934 387.955 0 0 0 255
314.934 386.455 0 0 0 255
315.684 386.656 0 0 0 255
314.934 387.955 0 0 0 255
315.684 386.656 0 0 0 255
316.233 387.205 0 0 0 255
314.934 387.955 0 0 0 255
316.233 387.205 0 0 0 255
316.434 387.955 0 0 0 255
314.65 389.428 0 0 0 255
315.218 386.482 0 0 0 255
315.086 389.512 0 0 0 255
315.218 386.482 0 0 0 255
315.655 386.567 0 0 0 255
315.086 389.512 0 0 0 255
315.37 388.039 0 0 0 255
316.87 388.039 0 0 0 255
316.669 388.789 0 0 0 255
315.37 388.039 0 0 0 255
316.669 388.789 0 0 0 255
316.12 389.339 0 0 0 255
315.37 388.039 0 0 0 255
316.12 389.339 0 0 0 255
315.37 389.539 0 0 0 255
315.37 388.039 0 0 0 255
315.37 389.539 0 0 0 255
314.62 389.339 0 0 0 255
315.37 388.039 0 0 0 255
314.62 389.339 0 0 0 255
314.071 388.789 0 0 0 255
315.37 388.039 0 0 0 255
314.071 388.789 0 0 0 255
313.87 388.039 0 0 0 255
315.37 388.039 0 0 0 255
313.87 388.039 0 0 0 255
314.071 387.289 0 0 0 255
315.37 388.039 0 0 0 255
314.071 387.289 0 0 0 255
314.62 386.74 0 0 0 255
315.37 388.039 0 0 0 255
314.62 386.74 0 0 0 255
315.37 386.539 0 0 0 255
315.37 388.039 0 0 0 255
315.37 386.539 0 0 0 255
316.12 386.74 0 0 0 255
315.37 388.039 0 0 0 255
316.12 386.74 0 0 0 255
316.669 387.289 0 0 0 255
315.37 388.039 0 0 0 255
316.669 387.289 0 0 0 255
316.87 388.039 0 0 0 255
315.087 389.512 0 0 0 255
315.654 386.566 0 0 0 255
315.49 389.59 0 0 0 255
315.654 386.566 0 0 0 255
316.057 386.644 0 0 0 255
315.49 389.59 0 0 0 255
315.773 388.117 0 0 0 255
317.273 388.117 0 0 0 255
317.073 388.867 0 0 0 255
315.773 388.117 0 0 0 255
317.073 388.867 0 0 0 255
316.523 389.416 0 0 0 255
315.773 388.117 0 0 0 255
316.523 389.416 0 0 0 255
315.773 389.617 0 0 0 255
315.773 388.117 0 0 0 255
315.773 389.617 0 0 0 255
315.023 389.416 0 0 0 255
315.773 388.117 0 0 0 255
315.023 389.416 0 0 0 255
314.474 388.867 0 0 0 255
315.773 388.117 0 0 0 255
314.474 388.867 0 0 0 255
314.273 388.117 0 0 0 255
315.773 388.117 0 0 0 255
314.273 388.117 0 0 0 255
314.474 387.367 0 0 0 255
315.773 388.117 0 0 0 255
314.474 387.367 0 0 0 255
315.023 386.818 0 0 0 255
315.773 388.117 0 0 0 255
315.023 386.818 0 0 0 255
315.773 386.617 0 0 0 255
315.773 388.117 0 0 0 255
315.773 386.617 0 0 0 255
316.523 386.818 0 0 0 255
315.773 388.117 0 0 0 255
316.523 386.818 0 0 0 255
317.073 387.367 0 0 0 255
315.773 388.117 0 0 0 255
317.073 387.367 0 0 0 255
317.273 388.117 0 0 0 255
315.491 389.59 0 0 0 255
316.056 386.644 0 0 0 255
315.861 389.661 0 0 0 255
316.056 386.644 0 0 0 255
316.426 386.715 0 0 0 255
315.861 389.661 0 0 0 255
316.143 388.188 0 0 0 255
317.643 388.188 0 0 0 255
317.443 388.938 0 0 0 255
316.143 388.188 0 0 0 255
317.443 388.938 0 0 0 255
316.893 389.487 0 0 0 255
316.143 388.188 0 0 0 255
316.893 389.487 0 0 0 255
316.143 389.688 0 0 0 255
316.143 388.188 0 0 0 255
316.143 389.688 0 0 0 255
315.393 389.487 0 0 0 255
316.143 388.188 0 0 0 255
315.393 389.487 0 0 0 255
314.844 388.938 0 0 0 255
316.143 388.188 0 0 0 255
314.844 388.938 0 0 0 255
314.643 388.188 0 0 0 255
316.143 388.188 0 0 0 255
314.643 388.188 0 0 0 255
314.844 387.438 0 0 0 255
316.143 388.188 0 0 0 255
314.844 387.438 0 0 0 255
315.393 386.889 0 0 0 255
316.143 388.188 0 0 0 255
315.393 386.889 0 0 0 255
316.143 386.688 0 0 0 255
316.143 388.188 0 0 0 255
316.143 386.688 0 0 0 255
316.893 386.889 0 0 0 255
316.143 388.188 0 0 0 255
316.893 386.889 0 0 0 255
317.443 387.438 0 0 0 255
316.143 388.188 0 0 0 255
317.443 387.438 0 0 0 255
317.643 388.188 0 0 0 255
315.862 389.661 0 0 0 255
316.425 386.715 0 0 0 255
316.199 389.726 0 0 0 255
316.425 386.715 0 0 0 255
316.762 386.779 0 0 0 255
316.199 389.726 0 0 0 255
316.48 388.252 0 0 0 255
317.98 388.252 0 0 0 255
317.779 389.002 0 0 0 255
316.48 388.252 0 0 0 255
317.779 389.002 0 0 0 255
317.23 389.551 0 0 0 255
316.48 388.252 0 0 0 255
317.23 389.551 0 0 0 255
316.48 389.752 0 0 0 255
316.48 388.252 0 0 0 255
316.48 389.752 0 0 0 255
315.73 389.551 0 0 0 255
316.48 388.252 0 0 0 255
315.73 389.551 0 0 0 255
315.181 389.002 0 0 0 255
316.48 388.252 0 0 0 255
315.181 389.002 0 0 0 255
314.98 388.252 0 0 0 255
316.48 388.252 0 0 0 255
314.98 388.252 0 0 0 255
315.181 387.502 0 0 0 255
316.48 388.252 0 0 0 255
315.181 387.502 0 0 0 255
315.73 386.953 0 0 0 255
316.48 388.252 0 0 0 255
315.73 386.953 0 0 0 255
316.48 386.752 0 0 0 255
316.48 388.252 0 0 0 255
316.48 386.752 0 0 0 255
317.23 386.953 0 0 0 255
316.48 388.252 0 0 0 255
317.23 386.953 0 0 0 255
317.779 387.502 0 0 0 255
316.48 388.252 0 0 0 255
317.779 387.502 0 0 0 255
317.98 388.252 0 0 0 255
316.2 389.726 0 0 0 255
316.761 386.779 0 0 0 255
316.504 389.784 0 0 0 255
316.761 386.779 0 0 0 255
317.065 386.837 0 0 0 255
316.504 389.784 0 0 0 255
316.784 388.31 0 0 0 255
318.284 388.31 0 0 0 255
318.083 389.06 0 0 0 255
316.784 388.31 0 0 0 255
318.083 389.06 0 0 0 255
317.534 389.609 0 0 0 255
316.784 388.31 0 0 0 255
317.534 389.609 0 0 0 255
316.784 389.81 0 0 0 255
316.784 388.31 0 0 0 255
316.784 389.81 0 0 0 255
316.034 389.609 0 0 0 255
316.784 388.31 0 0 0 255
316.034 389.609 0 0 0 255
315.485 389.06 0 0 0 255
316.784 388.31 0 0 0 255
315.485 389.06 0 0 0 255
315.284 388.31 0 0 0 255
316.784 388.31 0 0 0 255
315.284 388.31 0 0 0 255
315.485 387.56 0 0 0 255
316.784 388.31 0 0 0 255
315.485 387.56 0 0 0 255
316.034 387.011 0 0 0 255
316.784 388.31 0 0 0 255
316.034 387.011 0 0 0 255
316.784 386.81 0 0 0 255
316.784 388.31 0 0 0 255
316.784 386.81 0 0 0 255
317.534 387.011 0 0 0 255
316.784 388.31 0 0 0 255
317.534 387.011 0 0 0 255
318.083 387.56 0 0 0 255
316.784 388.31 0 0 0 255
318.083 387.56 0 0 0 255
318.284 388.31 0 0 0 255
316.505 389.784 0 0 0 255
317.063 386.836 0 0 0 255
316.776 389.835 0 0 0 255
317.063 386.836 0 0 0 255
317.334 386.888 0 0 0 255
316.776 389.835 0 0 0 255
317.055 388.361 0 0 0 255
318.555 388.361 0 0 0 255
318.354 389.111 0 0 0 255
317.055 388.361 0 0 0 255
318.354 389.111 0 0 0 255
317.805 389.66 0 0 0 255
317.055 388.361 0 0 0 255
317.805 389.66 0 0 0 255
317.055 389.861 0 0 0 255
317.055 388.361 0 0 0 255
317.055 389.861 0 0 0 255
316.305 389.66 0 0 0 255
317.055 388.361 0 0 0 255
316.305 389.66 0 0 0 255
315.756 389.111 0 0 0 255
317.055 388.361 0 0 0 255
315.756 389.111 0 0 0 255
315.555 388.361 0 0 0 255
317.055 388.361 0 0 0 255
315.555 388.361 0 0 0 255
315.756 387.611 0 0 0 255
317.055 388.361 0 0 0 255
315.756 387.611 0 0 0 255
316.305 387.062 0 0 0 255
317.055 388.361 0 0 0 255
316.305 387.062 0 0 0 255
317.055 386.861 0 0 0 255
317.055 388.361 0 0 0 255
317.055 386.861 0 0 0 255
317.805 387.062 0 0 0 255
317.055 388.361 0 0 0 255
317.805 387.062 0 0 0 255
318.354 387.611 0 0 0 255
317.055 388.361 0 0 0 255
318.354 387.611 0 0 0 255
318.555 388.361 0 0 0 255
316.872 389.85 0 0 0 255
317.238 386.873 0 0 0 255
317.117 389.88 0 0 0 255
317.238 386.873 0 0 0 255
317.482 386.903 0 0 0 255
317.117 389.88 0 0 0 255
317.3 388.391 0 0 0 255
318.8 388.391 0 0 0 255
318.599 389.141 0 0 0 255
317.3 388.391 0 0 0 255
318.599 389.141 0 0 0 255
318.05 389.69 0 0 0 255
317.3 388.391 0 0 0 255
318.05 389.69 0 0 0 255
317.3 389.891 0 0 0 255
317.3 388.391 0 0 0 255
317.3 389.891 0 0 0 255
316.55 389.69 0 0 0 255
317.3 388.391 0 0 0 255
316.55 389.69 0 0 0 255
316.001 389.141 0 0 0 255
317.3 388.391 0 0 0 255
316.001 389.141 0 0 0 255
315.8 388.391 0 0 0 255
317.3 388.391 0 0 0 255
315.8 388.391 0 0 0 255
316.001 387.641 0 0 0 255
317.3 388.391 0 0 0 255
316.001 387.641 0 0 0 255
316.55 387.092 0 0 0 255
317.3 388.391 0 0 0 255
316.55 387.092 0 0 0 255
317.3 386.891 0 0 0 255
317.3 388.391 0 0 0 255
317.3 386.891 0 0 0 255
318.05 387.092 0 0 0 255
317.3 388.391 0 0 0 255
318.05 387.092 0 0 0 255
318.599 387.641 0 0 0 255
317.3 388.391 0 0 0 255
318.599 387.641 0 0 0 255
318.8 388.391 0 0 0 255
317.339 389.891 0 0 0 255
317.261 386.892 0 0 0 255
317.564 389.885 0 0 0 255
317.261 386.892 0 0 0 255
317.487 386.886 0 0 0 255
317.564 389.885 0 0 0 255
317.526 388.386 0 0 0 255
319.026 388.386 0 0 0 255
318.825 389.136 0 0 0 255
317.526 388.386 0 0 0 255
318.825 389.136 0 0 0 255
318.276 389.685 0 0 0 255
317.526 388.386 0 0 0 255
318.276 389.685 0 0 0 255
317.526 389.886 0 0 0 255
317.526 388.386 0 0 0 255
317.526 389.886 0 0 0 255
316.776 389.685 0 0 0 255
317.526 388.386 0 0 0 255
316.776 389.685 0 0 0 255
316.227 389.136 0 0 0 255
317.526 388.386 0 0 0 255
316.227 389.136 0 0 0 255
316.026 388.386 0 0 0 255
317.526 388.386 0 0 0 255
316.026 388.386 0 0 0 255
316.227 387.636 0 0 0 255
317.526 388.386 0 0 0 255
316.227 387.636 0 0 0 255
316.776 387.087 0 0 0 255
317.526 388.386 0 0 0 255
316.776 387.087 0 0 0 255
317.526 386.886 0 0 0 255
317.526 388.386 0 0 0 255
317.526 386.886 0 0 0 255
318.276 387.087 0 0 0 255
317.526 388.386 0 0 0 255
318.276 387.087 0 0 0 255
318.825 387.636 0 0 0 255
317.526 388.386 0 0 0 255
318.825 387.636 0 0 0 255
319.026 388.386 0 0 0 255
317.821 389.856 0 0 0 255
317.23 386.915 0 0 0 255
318.028 389.815 0 0 0 255
317.23 386.915 0 0 0 255
317.437 386.873 0 0 0 255
318.028 389.815 0 0 0 255
317.733 388.344 0 0 0 255
319.233 388.344 0 0 0 255
319.032 389.094 0 0 0 255
317.733 388.344 0 0 0 255
319.032 389.094 0 0 0 255
318.483 389.643 0 0 0 255
317.733 388.344 0 0 0 255
318.483 389.643 0 0 0 255
317.733 389.844 0 0 0 255
317.733 388.344 0 0 0 255
317.733 389.844 0 0 0 255
316.983 389.643 0 0 0 255
317.733 388.344 0 0 0 255
316.983 389.643 0 0 0 255
316.434 389.094 0 0 0 255
317.733 388.344 0 0 0 255
316.434 389.094 0 0 0 255
316.233 388.344 0 0 0 255
317.733 388.344 0 0 0 255
316.233 388.344 0 0 0 255
316.434 387.594 0 0 0 255
317.733 388.344 0 0 0 255
316.434 387.594 0 0 0 255
316.983 387.045 0 0 0 255
317.733 388.344 0 0 0 255
316.983 387.045 0 0 0 255
317.733 386.844 0 0 0 255
317.733 388.344 0 0 0 255
317.733 386.844 0 0 0 255
318.483 387.045 0 0 0 255
317.733 388.344 0 0 0 255
318.483 387.045 0 0 0 255
319.032 387.594 0 0 0 255
317.733 388.344 0 0 0 255
319.032 387.594 0 0 0 255
319.233 388.344 0 0 0 255
318.304 389.731 0 0 0 255
317.162 386.957 0 0 0 255
318.492 389.654 0 0 0 255
317.162 386.957 0 0 0 255
317.35 386.879 0 0 0 255
318.492 389.654 0 0 0 255
317.921 388.266 0 0 0 255
319.421 388.266 0 0 0 255
319.22 389.016 0 0 0 255
317.921 388.266 0 0 0 255
319.22 389.016 0 0 0 255
318.671 389.566 0 0 0 255
317.921 388.266 0 0 0 255
318.671 389.566 0 0 0 255
317.921 389.766 0 0 0 255
317.921 388.266 0 0 0 255
317.921 389.766 0 0 0 255
317.171 389.566 0 0 0 255
317.921 388.266 0 0 0 255
317.171 389.566 0 0 0 255
316.622 389.016 0 0 0 255
317.921 388.266 0 0 0 255
316.622 389.016 0 0 0 255
316.421 388.266 0 0 0 255
317.921 388.266 0 0 0 255
316.421 388.266 0 0 0 255
316.622 387.516 0 0 0 255
317.921 388.266 0 0 0 255
316.622 387.516 0 0 0 255
317.171 386.967 0 0 0 255
317.921 388.266 0 0 0 255
317.171 386.967 0 0 0 255
317.921 386.766 0 0 0 255
317.921 388.266 0 0 0 255
317.921 386.766 0 0 0 255
318.671 386.967 0 0 0 255
317.921 388.266 0 0 0 255
318.671 386.967 0 0 0 255
319.22 387.516 0 0 0 255
317.921 388.266 0 0 0 255
319.22 387.516 0 0 0 255
319.421 388.266 0 0 0 255
318.755 389.513 0 0 0 255
317.087 387.02 0 0 0 255
318.924 389.4 0 0 0 255
317.087 387.02 0 0 0 255
317.256 386.906 0 0 0 255
318.924 389.4 0 0 0 255
318.09 388.153 0 0 0 255
319.59 388.153 0 0 0 255
319.389 388.903 0 0 0 255
318.09 388.153 0 0 0 255
319.389 388.903 0 0 0 255
318.84 389.452 0 0 0 255
318.09 388.153 0 0 0 255
318.84 389.452 0 0 0 255
318.09 389.653 0 0 0 255
318.09 388.153 0 0 0 255
318.09 389.653 0 0 0 255
317.34 389.452 0 0 0 255
318.09 388.153 0 0 0 255
317.34 389.452 0 0 0 255
316.791 388.903 0 0 0 255
318.09 388.153 0 0 0 255
316.791 388.903 0 0 0 255
316.59 388.153 0 0 0 255
318.09 388.153 0 0 0 255
316.59 388.153 0 0 0 255
316.791 387.403 0 0 0 255
318.09 388.153 0 0 0 255
316.791 387.403 0 0 0 255
317.34 386.854 0 0 0 255
318.09 388.153 0 0 0 255
317.34 386.854 0 0 0 255
318.09 386.653 0 0 0 255
318.09 388.153 0 0 0 255
318.09 386.653 0 0 0 255
318.84 386.854 0 0 0 255
318.09 388.153 0 0 0 255
318.84 386.854 0 0 0 255
319.389 387.403 0 0 0 255
318.09 388.153 0 0 0 255
319.389 387.403 0 0 0 255
319.59 388.153 0 0 0 255
319.146 389.219 0 0 0 255
317.034 387.088 0 0 0 255
319.297 389.07 0 0 0 255
317.034 387.088 0 0 0 255
317.185 386.939 0 0 0 255
319.297 389.07 0 0 0 255
318.241 388.004 0 0 0 255
319.741 388.004 0 0 0 255
319.54 388.754 0 0 0 255
318.241 388.004 0 0 0 255
319.54 388.754 0 0 0 255
318.991 389.303 0 0 0 255
318.241 388.004 0 0 0 255
318.991 389.303 0 0 0 255
318.241 389.504 0 0 0 255
318.241 388.004 0 0 0 255
318.241 389.504 0 0 0 255
317.491 389.303 0 0 0 255
318.241 388.004 0 0 0 255
317.491 389.303 0 0 0 255
316.942 388.754 0 0 0 255
318.241 388.004 0 0 0 255
316.942 388.754 0 0 0 255
316.741 388.004 0 0 0 255
318.241 388.004 0 0 0 255
316.741 388.004 0 0 0 255
316.942 387.254 0 0 0 255
318.241 388.004 0 0 0 255
316.942 387.254 0 0 0 255
317.491 386.705 0 0 0 255
318.241 388.004 0 0 0 255
317.491 386.705 0 0 0 255
318.241 386.504 0 0 0 255
318.241 388.004 0 0 0 255
318.241 386.504 0 0 0 255
318.991 386.705 0 0 0 255
318.241 388.004 0 0 0 255
318.991 386.705 0 0 0 255
319.54 387.254 0 0 0 255
318.241 388.004 0 0 0 255
319.54 387.254 0 0 0 255
319.741 388.004 0 0 0 255
319.435 388.911 0 0 0 255
317.046 387.097 0 0 0 255
319.565 388.741 0 0 0 255
317.046 387.097 0 0 0 255
317.176 386.926 0 0 0 255
319.565 388.741 0 0 0 255
318.37 387.833 0 0 0 255
319.87 387.833 0 0 0 255
319.669 388.583 0 0 0 255
318.37 387.833 0 0 0 255
319.669 388.583 0 0 0 255
319.12 389.132 0 0 0 255
318.37 387.833 0 0 0 255
319.12 389.132 0 0 0 255
318.37 389.333 0 0 0 255
318.37 387.833 0 0 0 255
318.37 389.333 0 0 0 255
317.62 389.132 0 0 0 255
318.37 387.833 0 0 0 255
317.62 389.132 0 0 0 255
317.071 388.583 0 0 0 255
318.37 387.833 0 0 0 255
317.071 388.583 0 0 0 255
316.87 387.833 0 0 0 255
318.37 387.833 0 0 0 255
316.87 387.833 0 0 0 255
317.071 387.083 0 0 0 255
318.37 387.833 0 0 0 255
317.071 387.083 0 0 0 255
317.62 386.534 0 0 0 255
318.37 387.833 0 0 0 255
317.62 386.534 0 0 0 255
318.37 386.333 0 0 0 255
318.37 387.833 0 0 0 255
318.37 386.333 0 0 0 255
319.12 386.534 0 0 0 255
318.37 387.833 0 0 0 255
319.12 386.534 0 0 0 255
319.669 387.083 0 0 0 255
318.37 387.833 0 0 0 255
319.669 387.083 0 0 0 255
319.87 387.833 0 0 0 255
319.657 388.604 0 0 0 255
317.083 387.063 0 0 0 255
319.764 388.426 0 0 0 255
317.083 387.063 0 0 0 255
317.19 386.885 0 0 0 255
319.764 388.426 0 0 0 255
318.477 387.655 0 0 0 255
319.977 387.655 0 0 0 255
319.776 388.405 0 0 0 255
318.477 387.655 0 0 0 255
319.776 388.405 0 0 0 255
319.227 388.954 0 0 0 255
318.477 387.655 0 0 0 255
319.227 388.954 0 0 0 255
318.477 389.155 0 0 0 255
318.477 387.655 0 0 0 255
318.477 389.155 0 0 0 255
317.727 388.954 0 0 0 255
318.477 387.655 0 0 0 255
317.727 388.954 0 0 0 255
317.178 388.405 0 0 0 255
318.477 387.655 0 0 0 255
317.178 388.405 0 0 0 255
316.977 387.655 0 0 0 255
318.477 387.655 0 0 0 255
316.977 387.655 0 0 0 255
317.178 386.905 0 0 0 255
318.477 387.655 0 0 0 255
317.178 386.905 0 0 0 255
317.727 386.356 0 0 0 255
318.477 387.655 0 0 0 255
317.727 386.356 0 0 0 255
318.477 386.155 0 0 0 255
318.477 387.655 0 0 0 255
318.477 386.155 0 0 0 255
319.227 386.356 0 0 0 255
318.477 387.655 0 0 0 255
319.227 386.356 0 0 0 255
319.776 386.905 0 0 0 255
318.477 387.655 0 0 0 255
319.776 386.905 0 0 0 255
319.977 387.655 0 0 0 255
319.844 388.273 0 0 0 255
317.11 387.038 0 0 0 255
319.928 388.088 0 0 0 255
317.11 387.038 0 0 0 255
317.193 386.853 0 0 0 255
319.928 388.088 0 0 0 255
318.56 387.47 0 0 0 255
320.06 387.47 0 0 0 255
319.859 388.22 0 0 0 255
318.56 387.47 0 0 0 255
319.859 388.22 0 0 0 255
319.31 388.769 0 0 0 255
318.56 387.47 0 0 0 255
319.31 388.769 0 0 0 255
318.56 388.97 0 0 0 255
318.56 387.47 0 0 0 255
318.56 388.97 0 0 0 255
317.81 388.769 0 0 0 255
318.56 387.47 0 0 0 255
317.81 388.769 0 0 0 255
317.261 388.22 0 0 0 255
318.56 387.47 0 0 0 255
317.261 388.22 0 0 0 255
317.06 387.47 0 0 0 255
318.56 387.47 0 0 0 255
317.06 387.47 0 0 0 255
317.261 386.72 0 0 0 255
318.56 387.47 0 0 0 255
317.261 386.72 0 0 0 255
317.81 386.171 0 0 0 255
318.56 387.47 0 0 0 255
317.81 386.171 0 0 0 255
318.56 385.97 0 0 0 255
318.56 387.47 0 0 0 255
318.56 385.97 0 0 0 255
319.31 386.171 0 0 0 255
318.56 387.47 0 0 0 255
319.31 386.171 0 0 0 255
319.859 386.72 0 0 0 255
318.56 387.47 0 0 0 255
319.859 386.72 0 0 0 255
320.06 387.47 0 0 0 255
319.991 387.92 0 0 0 255
317.129 387.021 0 0 0 255
320.052 387.728 0 0 0 255
317.129 387.021 0 0 0 255
317.19 386.828 0 0 0 255
320.052 387.728 0 0 0 255
318.621 387.278 0 0 0 255
320.121 387.278 0 0 0 255
319.92 388.028 0 0 0 255
318.621 387.278 0 0 0 255
319.92 388.028 0 0 0 255
319.371 388.577 0 0 0 255
318.621 387.278 0 0 0 255
319.371 388.577 0 0 0 255
318.621 388.778 0 0 0 255
318.621 387.278 0 0 0 255
318.621 388.778 0 0 0 255
317.871 388.577 0 0 0 255
318.621 387.278 0 0 0 255
317.871 388.577 0 0 0 255
317.322 388.028 0 0 0 255
318.621 387.278 0 0 0 255
317.322 388.028 0 0 0 255
317.121 387.278 0 0 0 255
318.621 387.278 0 0 0 255
317.121 387.278 0 0 0 255
317.322 386.528 0 0 0 255
318.621 387.278 0 0 0 255
317.322 386.528 0 0 0 255
317.871 385.979 0 0 0 255
318.621 387.278 0 0 0 255
317.871 385.979 0 0 0 255
318.621 385.778 0 0 0 255
318.621 387.278 0 0 0 255
318.621 385.778 0 0 0 255
319.371 385.979 0 0 0 255
318.621 387.278 0 0 0 255
319.371 385.979 0 0 0 255
319.92 386.528 0 0 0 255
318.621 387.278 0 0 0 255
319.92 386.528 0 0 0 255
320.121 387.278 0 0 0 255
320.095 387.555 0 0 0 255
317.147 387.001 0 0 0 255
320.133 387.355 0 0 0 255
317.147 387.001 0 0 0 255
317.184 386.802 0 0 0 255
320.133 387.355 0 0 0 255
318.658 387.078 0 0 0 255
320.158 387.078 0 0 0 255
319.957 387.828 0 0 0 255
318.658 387.078 0 0 0 255
319.957 387.828 0 0 0 255
319.408 388.377 0 0 0 255
318.658 387.078 0 0 0 255
319.408 388.377 0 0 0 255
318.658 388.578 0 0 0 255
318.658 387.078 0 0 0 255
318.658 388.578 0 0 0 255
317.908 388.377 0 0 0 255
318.658 387.078 0 0 0 255
317.908 388.377 0 0 0 255
317.359 387.828 0 0 0 255
318.658 387.078 0 0 0 255
317.359 387.828 0 0 0 255
317.158 387.078 0 0 0 255
318.658 387.078 0 0 0 255
317.158 387.078 0 0 0 255
317.359 386.328 0 0 0 255
318.658 387.078 0 0 0 255
317.359 386.328 0 0 0 255
317.908 385.779 0 0 0 255
318.658 387.078 0 0 0 255
317.908 385.779 0 0 0 255
318.658 385.578 0 0 0 255
318.658 387.078 0 0 0 255
318.658 385.578 0 0 0 255
319.408 385.779 0 0 0 255
318.658 387.078 0 0 0 255
319.408 385.779 0 0 0 255
319.957 386.328 0 0 0 255
318.658 387.078 0 0 0 255
319.957 386.328 0 0 0 255
320.158 387.078 0 0 0 255
320.155 387.183 0 0 0 255
317.162 386.974 0 0 0 255
320.169 386.976 0 0 0 255
317.162 386.974 0 0 0 255
317.176 386.767 0 0 0 255
320.169 386.976 0 0 0 255
318.673 386.871 0 0 0 255
320.173 386.871 0 0 0 255
319.972 387.621 0 0 0 255
318.673 386.871 0 0 0 255
319.972 387.621 0 0 0 255
319.423 388.171 0 0 0 255
318.673 386.871 0 0 0 255
319.423 388.171 0 0 0 255
318.673 388.371 0 0 0 255
318.673 386.871 0 0 0 255
318.673 388.371 0 0 0 255
317.923 388.171 0 0 0 255
318.673 386.871 0 0 0 255
317.923 388.171 0 0 0 255
317.374 387.621 0 0 0 255
318.673 386.871 0 0 0 255
317.374 387.621 0 0 0 255
317.173 386.871 0 0 0 255
318.673 386.871 0 0 0 255
317.173 386.871 0 0 0 255
317.374 386.121 0 0 0 255
318.673 386.871 0 0 0 255
317.374 386.121 0 0 0 255
317.923 385.572 0 0 0 255
318.673 386.871 0 0 0 255
317.923 385.572 0 0 0 255
318.673 385.371 0 0 0 255
318.673 386.871 0 0 0 255
318.673 385.371 0 0 0 255
319.423 385.572 0 0 0 255
318.673 386.871 0 0 0 255
319.423 385.572 0 0 0 255
319.972 386.121 0 0 0 255
318.673 386.871 0 0 0 255
319.972 386.121 0 0 0 255
320.173 386.871 0 0 0 255
320.173 386.853 0 0 0 255
317.173 386.89 0 0 0 255
320.17 386.633 0 0 0 255
317.173 386.89 0 0 0 255
317.17 386.671 0 0 0 255
320.17 386.633 0 0 0 255
318.67 386.652 0 0 0 255
320.17 386.652 0 0 0 255
319.969 387.402 0 0 0 255
318.67 386.652 0 0 0 255
319.969 387.402 0 0 0 255
319.42 387.951 0 0 0 255
318.67 386.652 0 0 0 255
319.42 387.951 0 0 0 255
318.67 388.152 0 0 0 255
318.67 386.652 0 0 0 255
318.67 388.152 0 0 0 255
317.92 387.951 0 0 0 255
318.67 386.652 0 0 0 255
317.92 387.951 0 0 0 255
317.371 387.402 0 0 0 255
318.67 386.652 0 0 0 255
317.371 387.402 0 0 0 255
317.17 386.652 0 0 0 255
318.67 386.652 0 0 0 255
317.17 386.652 0 0 0 255
317.371 385.902 0 0 0 255
318.67 386.652 0 0 0 255
317.371 385.902 0 0 0 255
317.92 385.353 0 0 0 255
318.67 386.652 0 0 0 255
317.92 385.353 0 0 0 255
318.67 385.152 0 0 0 255
318.67 386.652 0 0 0 255
318.67 385.152 0 0 0 255
319.42 385.353 0 0 0 255
318.67 386.652 0 0 0 255
319.42 385.353 0 0 0 255
319.969 385.902 0 0 0 255
318.67 386.652 0 0 0 255
319.969 385.902 0 0 0 255
320.17 386.652 0 0 0 255
320.167 386.563 0 0 0 255
317.173 386.74 0 0 0 255
320.153 386.325 0 0 0 255
317.173 386.74 0 0 0 255
317.158 386.502 0 0 0 255
320.153 386.325 0 0 0 255
318.656 386.413 0 0 0 255
320.156 386.413 0 0 0 255
319.955 387.163 0 0 0 255
318.656 386.413 0 0 0 255
319.955 387.163 0 0 0 255
319.406 387.713 0 0 0 255
318.656 386.413 0 0 0 255
319.406 387.713 0 0 0 255
318.656 387.913 0 0 0 255
318.656 386.413 0 0 0 255
318.656 387.913 0 0 0 255
317.906 387.713 0 0 0 255
318.656 386.413 0 0 0 255
317.906 387.713 0 0 0 255
317.357 387.163 0 0 0 255
318.656 386.413 0 0 0 255
317.357 387.163 0 0 0 255
317.156 386.413 0 0 0 255
318.656 386.413 0 0 0 255
317.156 386.413 0 0 0 255
317.357 385.663 0 0 0 255
318.656 386.413 0 0 0 255
317.357 385.663 0 0 0 255
317.906 385.114 0 0 0 255
318.656 386.413 0 0 0 255
317.906 385.114 0 0 0 255
318.656 384.913 0 0 0 255
318.656 386.413 0 0 0 255
318.656 384.913 0 0 0 255
319.406 385.114 0 0 0 255
318.656 386.413 0 0 0 255
319.406 385.114 0 0 0 255
319.955 385.663 0 0 0 255
318.656 386.413 0 0 0 255
319.955 385.663 0 0 0 255
320.156 386.413 0 0 0 255
320.149 386.266 0 0 0 255
317.163 386.561 0 0 0 255
320.123 386.009 0 0 0 255
317.163 386.561 0 0 0 255
317.138 386.305 0 0 0 255
320.123 386.009 0 0 0 255
318.63 386.157 0 0 0 255
320.13 386.157 0 0 0 255
319.93 386.907 0 0 0 255
318.63 386.157 0 0 0 255
319.93 386.907 0 0 0 255
319.38 387.456 0 0 0 255
318.63 386.157 0 0 0 255
319.38 387.456 0 0 0 255
318.63 387.657 0 0 0 255
318.63 386.157 0 0 0 255
318.63 387.657 0 0 0 255
317.88 387.456 0 0 0 255
318.63 386.157 0 0 0 255
317.88 387.456 0 0 0 255
317.331 386.907 0 0 0 255
318.63 386.157 0 0 0 255
317.331 386.907 0 0 0 255
317.13 386.157 0 0 0 255
318.63 386.157 0 0 0 255
317.13 386.157 0 0 0 255
317.331 385.407 0 0 0 255
318.63 386.157 0 0 0 255
317.331 385.407 0 0 0 255
317.88 384.858 0 0 0 255
318.63 386.157 0 0 0 255
317.88 384.858 0 0 0 255
318.63 384.657 0 0 0 255
318.63 386.157 0 0 0 255
318.63 384.657 0 0 0 255
319.38 384.858 0 0 0 255
318.63 386.157 0 0 0 255
319.38 384.858 0 0 0 255
319.93 385.407 0 0 0 255
318.63 386.157 0 0 0 255
319.93 385.407 0 0 0 255
320.13 386.157 0 0 0 255
320.117 385.959 0 0 0 255
317.144 386.355 0 0 0 255
320.081 385.683 0 0 0 255
317.144 386.355 0 0 0 255
317.107 386.08 0 0 0 255
320.081 385.683 0 0 0 255
318.594 385.882 0 0 0 255
320.094 385.882 0 0 0 255
319.893 386.632 0 0 0 255
318.594 385.882 0 0 0 255
319.893 386.632 0 0 0 255
319.344 387.181 0 0 0 255
318.594 385.882 0 0 0 255
319.344 387.181 0 0 0 255
318.594 387.382 0 0 0 255
318.594 385.882 0 0 0 255
318.594 387.382 0 0 0 255
317.844 387.181 0 0 0 255
318.594 385.882 0 0 0 255
317.844 387.181 0 0 0 255
317.295 386.632 0 0 0 255
318.594 385.882 0 0 0 255
317.295 386.632 0 0 0 255
317.094 385.882 0 0 0 255
318.594 385.882 0 0 0 255
317.094 385.882 0 0 0 255
317.295 385.132 0 0 0 255
318.594 385.882 0 0 0 255
317.295 385.132 0 0 0 255
317.844 384.583 0 0 0 255
318.594 385.882 0 0 0 255
317.844 384.583 0 0 0 255
318.594 384.382 0 0 0 255
318.594 385.882 0 0 0 255
318.594 384.382 0 0 0 255
319.344 384.583 0 0 0 255
318.594 385.882 0 0 0 255
319.344 384.583 0 0 0 255
319.893 385.132 0 0 0 255
318.594 385.882 0 0 0 255
319.893 385.132 0 0 0 255
320.094 385.882 0 0 0 255
320.074 385.639 0 0 0 255
317.113 386.124 0 0 0 255
320.026 385.346 0 0 0 255
317.113 386.124 0 0 0 255
317.065 385.83 0 0 0 255
320.026 385.346 0 0 0 255
318.546 385.588 0 0 0 255
320.046 385.588 0 0 0 255
319.845 386.338 0 0 0 255
318.546 385.588 0 0 0 255
319.845 386.338 0 0 0 255
319.296 386.887 0 0 0 255
318.546 385.588 0 0 0 255
319.296 386.887 0 0 0 255
318.546 387.088 0 0 0 255
318.546 385.588 0 0 0 255
318.546 387.088 0 0 0 255
317.796 386.887 0 0 0 255
318.546 385.588 0 0 0 255
317.796 386.887 0 0 0 255
317.247 386.338 0 0 0 255
318.546 385.588 0 0 0 255
317.247 386.338 0 0 0 255
317.046 385.588 0 0 0 255
318.546 385.588 0 0 0 255
317.046 385.588 0 0 0 255
317.247 384.838 0 0 0 255
318.546 385.588 0 0 0 255
317.247 384.838 0 0 0 255
317.796 384.289 0 0 0 255
318.546 385.588 0 0 0 255
317.796 384.289 0 0 0 255
318.546 384.088 0 0 0 255
318.546 385.588 0 0 0 255
318.546 384.088 0 0 0 255
319.296 384.289 0 0 0 255
318.546 385.588 0 0 0 255
319.296 384.289 0 0 0 255
319.845 384.838 0 0 0 255
318.546 385.588 0 0 0 255
319.845 384.838 0 0 0 255
320.046 385.588 0 0 0 255
320.019 385.308 0 0 0 255
317.072 385.868 0 0 0 255
319.96 384.996 0 0 0 255
317.072 385.868 0 0 0 255
317.013 385.556 0 0 0 255
319.96 384.996 0 0 0 255
318.486 385.276 0 0 0 255
319.986 385.276 0 0 0 255
319.785 386.026 0 0 0 255
318.486 385.276 0 0 0 255
319.785 386.026 0 0 0 255
319.236 386.575 0 0 0 255
318.486 385.276 0 0 0 255
319.236 386.575 0 0 0 255
318.486 386.776 0 0 0 255
318.486 385.276 0 0 0 255
318.486 386.776 0 0 0 255
317.736 386.575 0 0 0 255
318.486 385.276 0 0 0 255
317.736 386.575 0 0 0 255
317.187 386.026 0 0 0 255
318.486 385.276 0 0 0 255
317.187 386.026 0 0 0 255
316.986 385.276 0 0 0 255
318.486 385.276 0 0 0 255
316.986 385.276 0 0 0 255
317.187 384.526 0 0 0 255
318.486 385.276 0 0 0 255
317.187 384.526 0 0 0 255
317.736 383.977 0 0 0 255
318.486 385.276 0 0 0 255
317.736 383.977 0 0 0 255
318.486 383.776 0 0 0 255
318.486 385.276 0 0 0 255
318.486 383.776 0 0 0 255
319.236 383.977 0 0 0 255
318.486 385.276 0 0 0 255
319.236 383.977 0 0 0 255
319.785 384.526 0 0 0 255
318.486 385.276 0 0 0 255
319.785 384.526 0 0 0 255
319.986 385.276 0 0 0 255
319.941 384.909 0 0 0 255
317.032 385.643 0 0 0 255
319.856 384.571 0 0 0 255
317.032 385.643 0 0 0 255
316.947 385.305 0 0 0 255
319.856 384.571 0 0 0 255
318.401 384.938 0 0 0 255
319.901 384.938 0 0 0 255
319.7 385.688 0 0 0 255
318.401 384.938 0 0 0 255
319.7 385.688 0 0 0 255
319.151 386.237 0 0 0 255
318.401 384.938 0 0 0 255
319.151 386.237 0 0 0 255
318.401 386.438 0 0 0 255
318.401 384.938 0 0 0 255
318.401 386.438 0 0 0 255
317.651 386.237 0 0 0 255
318.401 384.938 0 0 0 255
317.651 386.237 0 0 0 255
317.102 385.688 0 0 0 255
318.401 384.938 0 0 0 255
317.102 385.688 0 0 0 255
316.901 384.938 0 0 0 255
318.401 384.938 0 0 0 255
316.901 384.938 0 0 0 255
317.102 384.188 0 0 0 255
318.401 384.938 0 0 0 255
317.102 384.188 0 0 0 255
317.651 383.639 0 0 0 255
318.401 384.938 0 0 0 255
317.651 383.639 0 0 0 255
318.401 383.438 0 0 0 255
318.401 384.938 0 0 0 255
318.401 383.438 0 0 0 255
319.151 383.639 0 0 0 255
318.401 384.938 0 0 0 255
319.151 383.639 0 0 0 255
319.7 384.188 0 0 0 255
318.401 384.938 0 0 0 255
319.7 384.188 0 0 0 255
319.901 384.938 0 0 0 255
319.822 384.456 0 0 0 255
316.981 385.42 0 0 0 255
319.696 384.087 0 0 0 255
316.981 385.42 0 0 0 255
316.855 385.05 0 0 0 255
319.696 384.087 0 0 0 255
318.276 384.568 0 0 0 255
319.776 384.568 0 0 0 255
319.575 385.318 0 0 0 255
318.276 384.568 0 0 0 255
319.575 385.318 0 0 0 255
319.026 385.868 0 0 0 255
318.276 384.568 0 0 0 255
319.026 385.868 0 0 0 255
318.276 386.068 0 0 0 255
318.276 384.568 0 0 0 255
318.276 386.068 0 0 0 255
317.526 385.868 0 0 0 255
318.276 384.568 0 0 0 255
317.526 385.868 0 0 0 255
316.977 385.318 0 0 0 255
318.276 384.568 0 0 0 255
316.977 385.318 0 0 0 255
316.776 384.568 0 0 0 255
318.276 384.568 0 0 0 255
316.776 384.568 0 0 0 255
316.977 383.818 0 0 0 255
318.276 384.568 0 0 0 255
316.977 383.818 0 0 0 255
317.526 383.269 0 0 0 255
318.276 384.568 0 0 0 255
317.526 383.269 0 0 0 255
318.276 383.068 0 0 0 255
318.276 384.568 0 0 0 255
318.276 383.068 0 0 0 255
319.026 383.269 0 0 0 255
318.276 384.568 0 0 0 255
319.026 383.269 0 0 0 255
319.575 383.818 0 0 0 255
318.276 384.568 0 0 0 255
319.575 383.818 0 0 0 255
319.776 384.568 0 0 0 255
319.663 383.997 0 0 0 255
316.889 385.14 0 0 0 255
319.497 383.595 0 0 0 255
316.889 385.14 0 0 0 255
316.723 384.738 0 0 0 255
319.497 383.595 0 0 0 255
318.11 384.166 0 0 0 255
319.61 384.166 0 0 0 255
319.409 384.916 0 0 0 255
318.11 384.166 0 0 0 255
319.409 384.916 0 0 0 255
318.86 385.465 0 0 0 255
318.11 384.166 0 0 0 255
318.86 385.465 0 0 0 255
318.11 385.666 0 0 0 255
318.11 384.166 0 0 0 255
318.11 385.666 0 0 0 255
317.36 385.465 0 0 0 255
318.11 384.166 0 0 0 255
317.36 385.465 0 0 0 255
316.811 384.916 0 0 0 255
318.11 384.166 0 0 0 255
316.811 384.916 0 0 0 255
316.61 384.166 0 0 0 255
318.11 384.166 0 0 0 255
316.61 384.166 0 0 0 255
316.811 383.416 0 0 0 255
318.11 384.166 0 0 0 255
316.811 383.416 0 0 0 255
317.36 382.867 0 0 0 255
318.11 384.166 0 0 0 255
317.36 382.867 0 0 0 255
318.11 382.666 0 0 0 255
318.11 384.166 0 0 0 255
318.11 382.666 0 0 0 255
318.86 382.867 0 0 0 255
318.11 384.166 0 0 0 255
318.86 382.867 0 0 0 255
319.409 383.416 0 0 0 255
318.11 384.166 0 0 0 255
319.409 383.416 0 0 0 255
319.61 384.166 0 0 0 255
319.465 383.523 0 0 0 255
316.755 384.809 0 0 0 255
319.259 383.089 0 0 0 255
316.755 384.809 0 0 0 255
316.549 384.375 0 0 0 255
319.259 383.089 0 0 0 255
317.904 383.732 0 0 0 255
319.404 383.732 0 0 0 255
319.203 384.482 0 0 0 255
317.904 383.732 0 0 0 255
319.203 384.482 0 0 0 255
318.654 385.031 0 0 0 255
317.904 383.732 0 0 0 255
318.654 385.031 0 0 0 255
317.904 385.232 0 0 0 255
317.904 383.732 0 0 0 255
317.904 385.232 0 0 0 255
317.154 385.031 0 0 0 255
317.904 383.732 0 0 0 255
317.154 385.031 0 0 0 255
316.605 384.482 0 0 0 255
317.904 383.732 0 0 0 255
316.605 384.482 0 0 0 255
316.404 383.732 0 0 0 255
317.904 383.732 0 0 0 255
316.404 383.732 0 0 0 255
316.605 382.982 0 0 0 255
317.904 383.732 0 0 0 255
316.605 382.982 0 0 0 255
317.154 382.433 0 0 0 255
317.904 383.732 0 0 0 255
317.154 382.433 0 0 0 255
317.904 382.232 0 0 0 255
317.904 383.732 0 0 0 255
317.904 382.232 0 0 0 255
318.654 382.433 0 0 0 255
317.904 383.732 0 0 0 255
318.654 382.433 0 0 0 255
319.203 382.982 0 0 0 255
317.904 383.732 0 0 0 255
319.203 382.982 0 0 0 255
319.404 383.732 0 0 0 255
319.231 383.032 0 0 0 255
316.577 384.432 0 0 0 255
318.984 382.565 0 0 0 255
316.577 384.432 0 0 0 255
316.331 383.965 0 0 0 255
318.984 382.565 0 0 0 255
317.658 383.265 0 0 0 255
319.158 383.265 0 0 0 255
318.957 384.015 0 0 0 255
317.658 383.265 0 0 0 255
318.957 384.015 0 0 0 255
318.408 384.564 0 0 0 255
317.658 383.265 0 0 0 255
318.408 384.564 0 0 0 255
317.658 384.765 0 0 0 255
317.658 383.265 0 0 0 255
317.658 384.765 0 0 0 255
316.908 384.564 0 0 0 255
317.658 383.265 0 0 0 255
316.908 384.564 0 0 0 255
316.359 384.015 0 0 0 255
317.658 383.265 0 0 0 255
316.359 384.015 0 0 0 255
316.158 383.265 0 0 0 255
317.658 383.265 0 0 0 255
316.158 383.265 0 0 0 255
316.359 382.515 0 0 0 255
317.658 383.265 0 0 0 255
316.359 382.515 0 0 0 255
316.908 381.966 0 0 0 255
317.658 383.265 0 0 0 255
316.908 381.966 0 0 0 255
317.658 381.765 0 0 0 255
317.658 383.265 0 0 0 255
317.658 381.765 0 0 0 255
318.408 381.966 0 0 0 255
317.658 383.265 0 0 0 255
318.408 381.966 0 0 0 255
318.957 382.515 0 0 0 255
317.658 383.265 0 0 0 255
318.957 382.515 0 0 0 255
319.158 383.265 0 0 0 255
318.958 382.518 0 0 0 255
316.357 384.012 0 0 0 255
318.672 382.019 0 0 0 255
316.357 384.012 0 0 0 255
316.07 383.513 0 0 0 255
318.672 382.019 0 0 0 255
317.371 382.766 0 0 0 255
318.871 382.766 0 0 0 255
318.67 383.516 0 0 0 255
317.371 382.766 0 0 0 255
318.67 383.516 0 0 0 255
318.121 384.065 0 0 0 255
317.371 382.766 0 0 0 255
318.121 384.065 0 0 0 255
317.371 384.266 0 0 0 255
317.371 382.766 0 0 0 255
317.371 384.266 0 0 0 255
316.621 384.065 0 0 0 255
317.371 382.766 0 0 0 255
316.621 384.065 0 0 0 255
316.072 383.516 0 0 0 255
317.371 382.766 0 0 0 255
316.072 383.516 0 0 0 255
315.871 382.766 0 0 0 255
317.371 382.766 0 0 0 255
315.871 382.766 0 0 0 255
316.072 382.016 0 0 0 255
317.371 382.766 0 0 0 255
316.072 382.016 0 0 0 255
316.621 381.467 0 0 0 255
317.371 382.766 0 0 0 255
316.621 381.467 0 0 0 255
317.371 381.266 0 0 0 255
317.371 382.766 0 0 0 255
317.371 381.266 0 0 0 255
318.121 381.467 0 0 0 255
317.371 382.766 0 0 0 255
318.121 381.467 0 0 0 255
318.67 382.016 0 0 0 255
317.371 382.766 0 0 0 255
318.67 382.016 0 0 0 255
318.871 382.766 0 0 0 255
318.649 381.98 0 0 0 255
316.093 383.552 0 0 0 255
318.342 381.482 0 0 0 255
316.093 383.552 0 0 0 255
315.787 383.054 0 0 0 255
318.342 381.482 0 0 0 255
317.064 382.268 0 0 0 255
318.564 382.268 0 0 0 255
318.363 383.018 0 0 0 255
317.064 382.268 0 0 0 255
318.363 383.018 0 0 0 255
317.814 383.567 0 0 0 255
317.064 382.268 0 0 0 255
317.814 383.567 0 0 0 255
317.064 383.768 0 0 0 255
317.064 382.268 0 0 0 255
317.064 383.768 0 0 0 255
316.314 383.567 0 0 0 255
317.064 382.268 0 0 0 255
316.314 383.567 0 0 0 255
315.765 383.018 0 0 0 255
317.064 382.268 0 0 0 255
315.765 383.018 0 0 0 255
315.564 382.268 0 0 0 255
317.064 382.268 0 0 0 255
315.564 382.268 0 0 0 255
315.765 381.518 0 0 0 255
317.064 382.268 0 0 0 255
315.765 381.518 0 0 0 255
316.314 380.969 0 0 0 255
317.064 382.268 0 0 0 255
316.314 380.969 0 0 0 255
317.064 380.768 0 0 0 255
317.064 382.268 0 0 0 255
317.064 380.768 0 0 0 255
317.814 380.969 0 0 0 255
317.064 382.268 0 0 0 255
317.814 380.969 0 0 0 255
318.363 381.518 0 0 0 255
317.064 382.268 0 0 0 255
318.363 381.518 0 0 0 255
318.564 382.268 0 0 0 255
318.317 381.442 0 0 0 255
315.812 383.093 0 0 0 255
318.01 380.977 0 0 0 255
315.812 383.093 0 0 0 255
315.506 382.629 0 0 0 255
318.01 380.977 0 0 0 255
316.758 381.803 0 0 0 255
318.258 381.803 0 0 0 255
318.057 382.553 0 0 0 255
316.758 381.803 0 0 0 255
318.057 382.553 0 0 0 255
317.508 383.102 0 0 0 255
316.758 381.803 0 0 0 255
317.508 383.102 0 0 0 255
316.758 383.303 0 0 0 255
316.758 381.803 0 0 0 255
316.758 383.303 0 0 0 255
316.008 383.102 0 0 0 255
316.758 381.803 0 0 0 255
316.008 383.102 0 0 0 255
315.459 382.553 0 0 0 255
316.758 381.803 0 0 0 255
315.459 382.553 0 0 0 255
315.258 381.803 0 0 0 255
316.758 381.803 0 0 0 255
315.258 381.803 0 0 0 255
315.459 381.053 0 0 0 255
316.758 381.803 0 0 0 255
315.459 381.053 0 0 0 255
316.008 380.504 0 0 0 255
316.758 381.803 0 0 0 255
316.008 380.504 0 0 0 255
316.758 380.303 0 0 0 255
316.758 381.803 0 0 0 255
316.758 380.303 0 0 0 255
317.508 380.504 0 0 0 255
316.758 381.803 0 0 0 255
317.508 380.504 0 0 0 255
318.057 381.053 0 0 0 255
316.758 381.803 0 0 0 255
318.057 381.053 0 0 0 255
318.258 381.803 0 0 0 255
317.981 380.934 0 0 0 255
315.535 382.671 0 0 0 255
317.675 380.504 0 0 0 255
315.535 382.671 0 0 0 255
315.229 382.241 0 0 0 255
317.675 380.504 0 0 0 255
316.452 381.372 0 0 0 255
317.952 381.372 0 0 0 255
317.751 382.122 0 0 0 255
316.452 381.372 0 0 0 255
317.751 382.122 0 0 0 255
317.202 382.671 0 0 0 255
316.452 381.372 0 0 0 255
317.202 382.671 0 0 0 255
316.452 382.872 0 0 0 255
316.452 381.372 0 0 0 255
316.452 382.872 0 0 0 255
315.702 382.671 0 0 0 255
316.452 381.372 0 0 0 255
315.702 382.671 0 0 0 255
315.153 382.122 0 0 0 255
316.452 381.372 0 0 0 255
315.153 382.122 0 0 0 255
314.952 381.372 0 0 0 255
316.452 381.372 0 0 0 255
314.952 381.372 0 0 0 255
315.153 380.622 0 0 0 255
316.452 381.372 0 0 0 255
315.153 380.622 0 0 0 255
315.702 380.073 0 0 0 255
316.452 381.372 0 0 0 255
315.702 380.073 0 0 0 255
316.452 379.872 0 0 0 255
316.452 381.372 0 0 0 255
316.452 379.872 0 0 0 255
317.202 380.073 0 0 0 255
316.452 381.372 0 0 0 255
317.202 380.073 0 0 0 255
317.751 380.622 0 0 0 255
316.452 381.372 0 0 0 255
317.751 380.622 0 0 0 255
317.952 381.372 0 0 0 255
317.641 380.457 0 0 0 255
315.263 382.287 0 0 0 255
317.335 380.06 0 0 0 255
315.263 382.287 0 0 0 255
314.958 381.89 0 0 0 255
317.335 380.06 0 0 0 255
316.146 380.975 0 0 0 255
317.646 380.975 0 0 0 255
317.445 381.725 0 0 0 255
316.146 380.975 0 0 0 255
317.445 381.725 0 0 0 255
316.896 382.274 0 0 0 255
316.146 380.975 0 0 0 255
316.896 382.274 0 0 0 255
316.146 382.475 0 0 0 255
316.146 380.975 0 0 0 255
316.146 382.475 0 0 0 255
315.396 382.274 0 0 0 255
316.146 380.975 0 0 0 255
315.396 382.274 0 0 0 255
314.847 381.725 0 0 0 255
316.146 380.975 0 0 0 255
314.847 381.725 0 0 0 255
314.646 380.975 0 0 0 255
316.146 380.975 0 0 0 255
314.646 380.975 0 0 0 255
314.847 380.225 0 0 0 255
316.146 380.975 0 0 0 255
314.847 380.225 0 0 0 255
315.396 379.676 0 0 0 255
316.146 380.975 0 0 0 255
315.396 379.676 0 0 0 255
316.146 379.475 0 0 0 255
316.146 380.975 0 0 0 255
316.146 379.475 0 0 0 255
316.896 379.676 0 0 0 255
316.146 380.975 0 0 0 255
316.896 379.676 0 0 0 255
317.445 380.225 0 0 0 255
316.146 380.975 0 0 0 255
317.445 380.225 0 0 0 255
317.646 380.975 0 0 0 255
317.295 380.01 0 0 0 255
314.998 381.94 0 0 0 255
316.989 379.647 0 0 0 255
314.998 381.94 0 0 0 255
314.693 381.577 0 0 0 255
316.989 379.647 0 0 0 255
315.841 380.612 0 0 0 255
317.341 380.612 0 0 0 255
317.14 381.362 0 0 0 255
315.841 380.612 0 0 0 255
317.14 381.362 0 0 0 255
316.591 381.911 0 0 0 255
315.841 380.612 0 0 0 255
316.591 381.911 0 0 0 255
315.841 382.112 0 0 0 255
315.841 380.612 0 0 0 255
315.841 382.112 0 0 0 255
315.091 381.911 0 0 0 255
315.841 380.612 0 0 0 255
315.091 381.911 0 0 0 255
314.542 381.362 0 0 0 255
315.841 380.612 0 0 0 255
314.542 381.362 0 0 0 255
314.341 380.612 0 0 0 255
315.841 380.612 0 0 0 255
314.341 380.612 0 0 0 255
314.542 379.862 0 0 0 255
315.841 380.612 0 0 0 255
314.542 379.862 0 0 0 255
315.091 379.313 0 0 0 255
315.841 380.612 0 0 0 255
315.091 379.313 0 0 0 255
315.841 379.112 0 0 0 255
315.841 380.612 0 0 0 255
315.841 379.112 0 0 0 255
316.591 379.313 0 0 0 255
315.841 380.612 0 0 0 255
316.591 379.313 0 0 0 255
317.14 379.862 0 0 0 255
315.841 380.612 0 0 0 255
317.14 379.862 0 0 0 255
317.341 380.612 0 0 0 255
316.942 379.593 0 0 0 255
314.74 381.631 0 0 0 255
316.637 379.263 0 0 0 255
314.74 381.631 0 0 0 255
314.435 381.301 0 0 0 255
316.637 379.263 0 0 0 255
315.536 380.282 0 0 0 255
317.036 380.282 0 0 0 255
316.835 381.032 0 0 0 255
315.536 380.282 0 0 0 255
316.835 381.032 0 0 0 255
316.286 381.581 0 0 0 255
315.536 380.282 0 0 0 255
316.286 381.581 0 0 0 255
315.536 381.782 0 0 0 255
315.536 380.282 0 0 0 255
315.536 381.782 0 0 0 255
314.786 381.581 0 0 0 255
315.536 380.282 0 0 0 255
314.786 381.581 0 0 0 255
314.237 381.032 0 0 0 255
315.536 380.282 0 0 0 255
314.237 381.032 0 0 0 255
314.036 380.282 0 0 0 255
315.536 380.282 0 0 0 255
314.036 380.282 0 0 0 255
314.237 379.532 0 0 0 255
315.536 380.282 0 0 0 255
314.237 379.532 0 0 0 255
314.786 378.983 0 0 0 255
315.536 380.282 0 0 0 255
314.786 378.983 0 0 0 255
315.536 378.782 0 0 0 255
315.536 380.282 0 0 0 255
315.536 378.782 0 0 0 255
316.286 378.983 0 0 0 255
315.536 380.282 0 0 0 255
316.286 378.983 0 0 0 255
316.835 379.532 0 0 0 255
315.536 380.282 0 0 0 255
316.835 379.532 0 0 0 255
317.036 380.282 0 0 0 255
316.598 379.223 0 0 0 255
314.474 381.342 0 0 0 255
316.294 378.918 0 0 0 255
314.474 381.342 0 0 0 255
314.17 381.037 0 0 0 255
316.294 378.918 0 0 0 255
315.232 379.978 0 0 0 255
316.732 379.978 0 0 0 255
316.531 380.728 0 0 0 255
315.232 379.978 0 0 0 255
316.531 380.728 0 0 0 255
315.982 381.277 0 0 0 255
315.232 379.978 0 0 0 255
315.982 381.277 0 0 0 255
315.232 381.478 0 0 0 255
315.232 379.978 0 0 0 255
315.232 381.478 0 0 0 255
314.482 381.277 0 0 0 255
315.232 379.978 0 0 0 255
314.482 381.277 0 0 0 255
313.933 380.728 0 0 0 255
315.232 379.978 0 0 0 255
313.933 380.728 0 0 0 255
313.732 379.978 0 0 0 255
315.232 379.978 0 0 0 255
313.732 379.978 0 0 0 255
313.933 379.228 0 0 0 255
315.232 379.978 0 0 0 255
313.933 379.228 0 0 0 255
314.482 378.679 0 0 0 255
315.232 379.978 0 0 0 255
314.482 378.679 0 0 0 255
315.232 378.478 0 0 0 255
315.232 379.978 0 0 0 255
315.232 378.478 0 0 0 255
315.982 378.679 0 0 0 255
315.232 379.978 0 0 0 255
315.982 378.679 0 0 0 255
316.531 379.228 0 0 0 255
315.232 379.978 0 0 0 255
316.531 379.228 0 0 0 255
316.732 379.978 0 0 0 255
316.268 378.893 0 0 0 255
314.196 381.062 0 0 0 255
315.966 378.605 0 0 0 255
314.196 381.062 0 0 0 255
313.894 380.774 0 0 0 255
315.966 378.605 0 0 0 255
314.93 379.69 0 0 0 255
316.43 379.69 0 0 0 255
316.229 380.44 0 0 0 255
314.93 379.69 0 0 0 255
316.229 380.44 0 0 0 255
315.68 380.989 0 0 0 255
314.93 379.69 0 0 0 255
315.68 380.989 0 0 0 255
314.93 381.19 0 0 0 255
314.93 379.69 0 0 0 255
314.93 381.19 0 0 0 255
314.18 380.989 0 0 0 255
314.93 379.69 0 0 0 255
314.18 380.989 0 0 0 255
313.631 380.44 0 0 0 255
314.93 379.69 0 0 0 255
313.631 380.44 0 0 0 255
313.43 379.69 0 0 0 255
314.93 379.69 0 0 0 255
313.43 379.69 0 0 0 255
313.631 378.94 0 0 0 255
314.93 379.69 0 0 0 255
313.631 378.94 0 0 0 255
314.18 378.391 0 0 0 255
314.93 379.69 0 0 0 255
314.18 378.391 0 0 0 255
314.93 378.19 0 0 0 255
314.93 379.69 0 0 0 255
314.93 378.19 0 0 0 255
315.68 378.391 0 0 0 255
314.93 379.69 0 0 0 255
315.68 378.391 0 0 0 255
316.229 378.94 0 0 0 255
314.93 379.69 0 0 0 255
316.229 378.94 0 0 0 255
316.43 379.69 0 0 0 255
315.938 378.579 0 0 0 255
313.923 380.801 0 0 0 255
315.639 378.307 0 0 0 255
313.923 380.801 0 0 0 255
313.623 380.529 0 0 0 255
315.639 378.307 0 0 0 255
314.631 379.418 0 0 0 255
316.131 379.418 0 0 0 255
315.93 380.168 0 0 0 255
314.631 379.418 0 0 0 255
315.93 380.168 0 0 0 255
315.381 380.717 0 0 0 255
314.631 379.418 0 0 0 255
315.381 380.717 0 0 0 255
314.631 380.918 0 0 0 255
314.631 379.418 0 0 0 255
314.631 380.918 0 0 0 255
313.881 380.717 0 0 0 255
314.631 379.418 0 0 0 255
313.881 380.717 0 0 0 255
313.332 380.168 0 0 0 255
314.631 379.418 0 0 0 255
313.332 380.168 0 0 0 255
313.131 379.418 0 0 0 255
314.631 379.418 0 0 0 255
313.131 379.418 0 0 0 255
313.332 378.668 0 0 0 255
314.631 379.418 0 0 0 255
313.332 378.668 0 0 0 255
313.881 378.119 0 0 0 255
314.631 379.418 0 0 0 255
313.881 378.119 0 0 0 255
314.631 377.918 0 0 0 255
314.631 379.418 0 0 0 255
314.631 377.918 0 0 0 255
315.381 378.119 0 0 0 255
314.631 379.418 0 0 0 255
315.381 378.119 0 0 0 255
315.93 378.668 0 0 0 255
314.631 379.418 0 0 0 255
315.93 378.668 0 0 0 255
316.131 379.418 0 0 0 255
315.608 378.28 0 0 0 255
313.654 380.556 0 0 0 255
315.311 378.025 0 0 0 255
313.654 380.556 0 0 0 255
313.357 380.301 0 0 0 255
315.311 378.025 0 0 0 255
314.334 379.163 0 0 0 255
315.834 379.163 0 0 0 255
315.633 379.913 0 0 0 255
314.334 379.163 0 0 0 255
315.633 379.913 0 0 0 255
315.084 380.462 0 0 0 255
314.334 379.163 0 0 0 255
315.084 380.462 0 0 0 255
314.334 380.663 0 0 0 255
314.334 379.163 0 0 0 255
314.334 380.663 0 0 0 255
313.584 380.462 0 0 0 255
314.334 379.163 0 0 0 255
313.584 380.462 0 0 0 255
313.035 379.913 0 0 0 255
314.334 379.163 0 0 0 255
313.035 379.913 0 0 0 255
312.834 379.163 0 0 0 255
314.334 379.163 0 0 0 255
312.834 379.163 0 0 0 255
313.035 378.413 0 0 0 255
314.334 379.163 0 0 0 255
313.035 378.413 0 0 0 255
313.584 377.864 0 0 0 255
314.334 379.163 0 0 0 255
313.584 377.864 0 0 0 255
314.334 377.663 0 0 0 255
314.334 379.163 0 0 0 255
314.334 377.663 0 0 0 255
315.084 377.864 0 0 0 255
314.334 379.163 0 0 0 255
315.084 377.864 0 0 0 255
315.633 378.413 0 0 0 255
314.334 379.163 0 0 0 255
315.633 378.413 0 0 0 255
315.834 379.163 0 0 0 255
315.278 377.997 0 0 0 255
313.39 380.329 0 0 0 255
314.983 377.758 0 0 0 255
313.39 380.329 0 0 0 255
313.095 380.09 0 0 0 255
314.983 377.758 0 0 0 255
314.039 378.924 0 0 0 255
315.539 378.924 0 0 0 255
315.338 379.674 0 0 0 255
314.039 378.924 0 0 0 255
315.338 379.674 0 0 0 255
314.789 380.223 0 0 0 255
314.039 378.924 0 0 0 255
314.789 380.223 0 0 0 255
314.039 380.424 0 0 0 255
314.039 378.924 0 0 0 255
314.039 380.424 0 0 0 255
313.289 380.223 0 0 0 255
314.039 378.924 0 0 0 255
313.289 380.223 0 0 0 255
312.74 379.674 0 0 0 255
314.039 378.924 0 0 0 255
312.74 379.674 0 0 0 255
312.539 378.924 0 0 0 255
314.039 378.924 0 0 0 255
312.539 378.924 0 0 0 255
312.74 378.174 0 0 0 255
314.039 378.924 0 0 0 255
312.74 378.174 0 0 0 255
313.289 377.625 0 0 0 255
314.039 378.924 0 0 0 255
313.289 377.625 0 0 0 255
314.039 377.424 0 0 0 255
314.039 378.924 0 0 0 255
314.039 377.424 0 0 0 255
314.789 377.625 0 0 0 255
314.039 378.924 0 0 0 255
314.789 377.625 0 0 0 255
315.338 378.174 0 0 0 255
314.039 378.924 0 0 0 255
315.338 378.174 0 0 0 255
315.539 378.924 0 0 0 255
314.946 377.73 0 0 0 255
313.132 380.119 0 0 0 255
314.653 377.507 0 0 0 255
313.132 380.119 0 0 0 255
312.839 379.897 0 0 0 255
314.653 377.507 0 0 0 255
313.746 378.702 0 0 0 255
315.246 378.702 0 0 0 255
315.045 379.452 0 0 0 255
313.746 378.702 0 0 0 255
315.045 379.452 0 0 0 255
314.496 380.001 0 0 0 255
313.746 378.702 0 0 0 255
314.496 380.001 0 0 0 255
313.746 380.202 0 0 0 255
313.746 378.702 0 0 0 255
313.746 380.202 0 0 0 255
312.996 380.001 0 0 0 255
313.746 378.702 0 0 0 255
312.996 380.001 0 0 0 255
312.447 379.452 0 0 0 255
313.746 378.702 0 0 0 255
312.447 379.452 0 0 0 255
312.246 378.702 0 0 0 255
313.746 378.702 0 0 0 255
312.246 378.702 0 0 0 255
312.447 377.952 0 0 0 255
313.746 378.702 0 0 0 255
312.447 377.952 0 0 0 255
312.996 377.403 0 0 0 255
313.746 378.702 0 0 0 255
312.996 377.403 0 0 0 255
313.746 377.202 0 0 0 255
313.746 378.702 0 0 0 255
313.746 377.202 0 0 0 255
314.496 377.403 0 0 0 255
313.746 378.702 0 0 0 255
314.496 377.403 0 0 0 255
315.045 377.952 0 0 0 255
313.746 378.702 0 0 0 255
315.045 377.952 0 0 0 255
315.246 378.702 0 0 0 255
314.633 377.492 0 0 0 255
312.86 379.912 0 0 0 255
314.352 377.286 0 0 0 255
312.86 379.912 0 0 0 255
312.579 379.706 0 0 0 255
314.352 377.286 0 0 0 255
313.466 378.496 0 0 0 255
314.966 378.496 0 0 0 255
314.765 379.246 0 0 0 255
313.466 378.496 0 0 0 255
314.765 379.246 0 0 0 255
314.216 379.795 0 0 0 255
313.466 378.496 0 0 0 255
314.216 379.795 0 0 0 255
313.466 379.996 0 0 0 255
313.466 378.496 0 0 0 255
313.466 379.996 0 0 0 255
312.716 379.795 0 0 0 255
313.466 378.496 0 0 0 255
312.716 379.795 0 0 0 255
312.167 379.246 0 0 0 255
313.466 378.496 0 0 0 255
312.167 379.246 0 0 0 255
311.966 378.496 0 0 0 255
313.466 378.496 0 0 0 255
311.966 378.496 0 0 0 255
312.167 377.746 0 0 0 255
313.466 378.496 0 0 0 255
312.167 377.746 0 0 0 255
312.716 377.197 0 0 0 255
313.466 378.496 0 0 0 255
312.716 377.197 0 0 0 255
313.466 376.996 0 0 0 255
313.466 378.496 0 0 0 255
313.466 376.996 0 0 0 255
314.216 377.197 0 0 0 255
313.466 378.496 0 0 0 255
314.216 377.197 0 0 0 255
314.765 377.746 0 0 0 255
313.466 378.496 0 0 0 255
314.765 377.746 0 0 0 255
314.966 378.496 0 0 0 255
314.35 377.285 0 0 0 255
312.581 379.708 0 0 0 255
314.091 377.096 0 0 0 255
312.581 379.708 0 0 0 255
312.323 379.519 0 0 0 255
314.091 377.096 0 0 0 255
313.207 378.307 0 0 0 255
314.707 378.307 0 0 0 255
314.506 379.057 0 0 0 255
313.207 378.307 0 0 0 255
314.506 379.057 0 0 0 255
313.957 379.607 0 0 0 255
313.207 378.307 0 0 0 255
313.957 379.607 0 0 0 255
313.207 379.807 0 0 0 255
313.207 378.307 0 0 0 255
313.207 379.807 0 0 0 255
312.457 379.607 0 0 0 255
313.207 378.307 0 0 0 255
312.457 379.607 0 0 0 255
311.908 379.057 0 0 0 255
313.207 378.307 0 0 0 255
311.908 379.057 0 0 0 255
311.707 378.307 0 0 0 255
313.207 378.307 0 0 0 255
311.707 378.307 0 0 0 255
311.908 377.557 0 0 0 255
313.207 378.307 0 0 0 255
311.908 377.557 0 0 0 255
312.457 377.008 0 0 0 255
313.207 378.307 0 0 0 255
312.457 377.008 0 0 0 255
313.207 376.807 0 0 0 255
313.207 378.307 0 0 0 255
313.207 376.807 0 0 0 255
313.957 377.008 0 0 0 255
313.207 378.307 0 0 0 255
313.957 377.008 0 0 0 255
314.506 377.557 0 0 0 255
313.207 378.307 0 0 0 255
314.506 377.557 0 0 0 255
314.707 378.307 0 0 0 255
314.088 377.094 0 0 0 255
312.326 379.521 0 0 0 255
313.852 376.922 0 0 0 255
312.326 379.521 0 0 0 255
312.089 379.349 0 0 0 255
313.852 376.922 0 0 0 255
312.97 378.136 0 0 0 255
314.47 378.136 0 0 0 255
314.269 378.886 0 0 0 255
312.97 378.136 0 0 0 255
314.269 378.886 0 0 0 255
313.72 379.435 0 0 0 255
312.97 378.136 0 0 0 255
313.72 379.435 0 0 0 255
312.97 379.636 0 0 0 255
312.97 378.136 0 0 0 255
312.97 379.636 0 0 0 255
312.22 379.435 0 0 0 255
312.97 378.136 0 0 0 255
312.22 379.435 0 0 0 255
311.671 378.886 0 0 0 255
312.97 378.136 0 0 0 255
311.671 378.886 0 0 0 255
311.47 378.136 0 0 0 255
312.97 378.136 0 0 0 255
311.47 378.136 0 0 0 255
311.671 377.386 0 0 0 255
312.97 378.136 0 0 0 255
311.671 377.386 0 0 0 255
312.22 376.837 0 0 0 255
312.97 378.136 0 0 0 255
312.22 376.837 0 0 0 255
312.97 376.636 0 0 0 255
312.97 378.136 0 0 0 255
312.97 376.636 0 0 0 255
313.72 376.837 0 0 0 255
312.97 378.136 0 0 0 255
313.72 376.837 0 0 0 255
314.269 377.386 0 0 0 255
312.97 378.136 0 0 0 255
314.269 377.386 0 0 0 255
314.47 378.136 0 0 0 255
313.848 376.919 0 0 0 255
312.092 379.352 0 0 0 255
313.633 376.764 0 0 0 255
312.092 379.352 0 0 0 255
311.878 379.197 0 0 0 255
313.633 376.764 0 0 0 255
312.756 377.981 0 0 0 255
314.256 377.981 0 0 0 255
314.055 378.731 0 0 0 255
312.756 377.981 0 0 0 255
314.055 378.731 0 0 0 255
313.506 379.28 0 0 0 255
312.756 377.981 0 0 0 255
313.506 379.28 0 0 0 255
312.756 379.481 0 0 0 255
312.756 377.981 0 0 0 255
312.756 379.481 0 0 0 255
312.006 379.28 0 0 0 255
312.756 377.981 0 0 0 255
312.006 379.28 0 0 0 255
311.457 378.731 0 0 0 255
312.756 377.981 0 0 0 255
311.457 378.731 0 0 0 255
311.256 377.981 0 0 0 255
312.756 377.981 0 0 0 255
311.256 377.981 0 0 0 255
311.457 377.231 0 0 0 255
312.756 377.981 0 0 0 255
311.457 377.231 0 0 0 255
312.006 376.682 0 0 0 255
312.756 377.981 0 0 0 255
312.006 376.682 0 0 0 255
312.756 376.481 0 0 0 255
312.756 377.981 0 0 0 255
312.756 376.481 0 0 0 255
313.506 376.682 0 0 0 255
312.756 377.981 0 0 0 255
313.506 376.682 0 0 0 255
314.055 377.231 0 0 0 255
312.756 377.981 0 0 0 255
314.055 377.231 0 0 0 255
314.256 377.981 0 0 0 255
313.629 376.762 0 0 0 255
311.882 379.2 0 0 0 255
313.437 376.623 0 0 0 255
311.882 379.2 0 0 0 255
311.689 379.062 0 0 0 255
313.437 376.623 0 0 0 255
312.563 377.843 0 0 0 255
314.063 377.843 0 0 0 255
313.862 378.593 0 0 0 255
312.563 377.843 0 0 0 255
313.862 378.593 0 0 0 255
313.313 379.142 0 0 0 255
312.563 377.843 0 0 0 255
313.313 379.142 0 0 0 255
312.563 379.343 0 0 0 255
312.563 377.843 0 0 0 255
312.563 379.343 0 0 0 255
311.813 379.142 0 0 0 255
312.563 377.843 0 0 0 255
311.813 379.142 0 0 0 255
311.264 378.593 0 0 0 255
312.563 377.843 0 0 0 255
311.264 378.593 0 0 0 255
311.063 377.843 0 0 0 255
312.563 377.843 0 0 0 255
311.063 377.843 0 0 0 255
311.264 377.093 0 0 0 255
312.563 377.843 0 0 0 255
311.264 377.093 0 0 0 255
311.813 376.543 0 0 0 255
312.563 377.843 0 0 0 255
311.813 376.543 0 0 0 255
312.563 376.343 0 0 0 255
312.563 377.843 0 0 0 255
312.563 376.343 0 0 0 255
313.313 376.543 0 0 0 255
312.563 377.843 0 0 0 255
313.313 376.543 0 0 0 255
313.862 377.093 0 0 0 255
312.563 377.843 0 0 0 255
313.862 377.093 0 0 0 255
314.063 377.843 0 0 0 255
313.431 376.62 0 0 0 255
311.694 379.065 0 0 0 255
313.261 376.498 0 0 0 255
311.694 379.065 0 0 0 255
311.523 378.944 0 0 0 255
313.261 376.498 0 0 0 255
312.392 377.721 0 0 0 255
313.892 377.721 0 0 0 255
313.691 378.471 0 0 0 255
312.392 377.721 0 0 0 255
313.691 378.471 0 0 0 255
313.142 379.02 0 0 0 255
312.392 377.721 0 0 0 255
313.142 379.02 0 0 0 255
312.392 379.221 0 0 0 255
312.392 377.721 0 0 0 255
312.392 379.221 0 0 0 255
311.642 379.02 0 0 0 255
312.392 377.721 0 0 0 255
311.642 379.02 0 0 0 255
311.093 378.471 0 0 0 255
312.392 377.721 0 0 0 255
311.093 378.471 0 0 0 255
310.892 377.721 0 0 0 255
312.392 377.721 0 0 0 255
310.892 377.721 0 0 0 255
311.093 376.971 0 0 0 255
312.392 377.721 0 0 0 255
311.093 376.971 0 0 0 255
311.642 376.422 0 0 0 255
312.392 377.721 0 0 0 255
311.642 376.422 0 0 0 255
312.392 376.221 0 0 0 255
312.392 377.721 0 0 0 255
312.392 376.221 0 0 0 255
313.142 376.422 0 0 0 255
312.392 377.721 0 0 0 255
313.142 376.422 0 0 0 255
313.691 376.971 0 0 0 255
312.392 377.721 0 0 0 255
313.691 376.971 0 0 0 255
313.892 377.721 0 0 0 255
313.257 376.496 0 0 0 255
311.527 378.947 0 0 0 255
312.778 376.158 0 0 0 255
311.527 378.947 0 0 0 255
311.048 378.608 0 0 0 255
312.778 376.158 0 0 0 255
311.913 377.383 0 0 0 255
313.413 377.383 0 0 0 255
313.212 378.133 0 0 0 255
311.913 377.383 0 0 0 255
313.212 378.133 0 0 0 255
312.663 378.682 0 0 0 255
311.913 377.383 0 0 0 255
312.663 378.682 0 0 0 255
311.913 378.883 0 0 0 255
311.913 377.383 0 0 0 255
311.913 378.883 0 0 0 255
311.163 378.682 0 0 0 255
311.913 377.383 0 0 0 255
311.163 378.682 0 0 0 255
310.614 378.133 0 0 0 255
311.913 377.383 0 0 0 255
310.614 378.133 0 0 0 255
310.413 377.383 0 0 0 255
311.913 377.383 0 0 0 255
310.413 377.383 0 0 0 255
310.614 376.633 0 0 0 255
311.913 377.383 0 0 0 255
310.614 376.633 0 0 0 255
311.163 376.084 0 0 0 255
311.913 377.383 0 0 0 255
311.163 376.084 0 0 0 255
311.913 375.883 0 0 0 255
311.913 377.383 0 0 0 255
311.913 375.883 0 0 0 255
312.663 376.084 0 0 0 255
311.913 377.383 0 0 0 255
312.663 376.084 0 0 0 255
313.212 376.633 0 0 0 255
311.913 377.383 0 0 0 255
313.212 376.633 0 0 0 255
313.413 377.383 0 0 0 255
311.913 377.383 0 0 0 255
313.413 377.383 0 0 0 255
313.299 377.957 0 0 0 255
311.913 377.383 0 0 0 255
313.299 377.957 0 0 0 255
312.974 378.443 0 0 0 255
311.913 377.383 0 0 0 255
312.974 378.443 0 0 0 255
312.487 378.769 0 0 0 255
311.913 377.383 0 0 0 255
312.487 378.769 0 0 0 255
311.913 378.883 0 0 0 255
311.913 377.383 0 0 0 255
311.913 378.883 0 0 0 255
311.339 378.769 0 0 0 255
311.913 377.383 0 0 0 255
311.339 378.769 0 0 0 255
310.852 378.443 0 0 0 255
311.913 377.383 0 0 0 255
310.852 378.443 0 0 0 255
310.527 377.957 0 0 0 255
311.913 377.383 0 0 0 255
310.527 377.957 0 0 0 255
310.413 377.383 0 0 0 255
311.913 377.383 0 0 0 255
310.413 377.383 0 0 0 255
310.527 376.809 0 0 0 255
311.913 377.383 0 0 0 255
310.527 376.809 0 0 0 255
310.852 376.322 0 0 0 255
311.913 377.383 0 0 0 255
310.852 376.322 0 0 0 255
311.339 375.997 0 0 0 255
311.913 377.383 0 0 0 255
311.339 375.997 0 0 0 255
311.913 375.883 0 0 0 255
311.913 377.383 0 0 0 255
311.913 375.883 0 0 0 255
312.487 375.997 0 0 0 255
311.913 377.383 0 0 0 255
312.487 375.997 0 0 0 255
312.974 376.322 0 0 0 255
311.913 377.383 0 0 0 255
312.974 376.322 0 0 0 255
313.299 376.809 0 0 0 255
311.913 377.383 0 0 0 255
313.299 376.809 0 0 0 255
313.413 377.383 0 0 0 255
0 2 0 6732
259.712 234.832 0 0 0 255
261.212 234.832 0 0 0 255
261.098 235.406 0 0 0 255
259.712 234.832 0 0 0 255
261.098 235.406 0 0 0 255
260.772 235.892 0 0 0 255
259.712 234.832 0 0 0 255
260.772 235.892 0 0 0 255
260.286 236.217 0 0 0 255
259.712 234.832 0 0 0 255
260.286 236.217 0 0 0 255
259.712 236.332 0 0 0 255
259.712 234.832 0 0 0 255
259.712 236.332 0 0 0 255
259.138 236.217 0 0 0 255
259.712 234.832 0 0 0 255
259.138 236.217 0 0 0 255
258.651 235.892 0 0 0 255
259.712 234.832 0 0 0 255
258.651 235.892 0 0 0 255
258.326 235.406 0 0 0 255
259.712 234.832 0 0 0 255
258.326 235.406 0 0 0 255
258.212 234.832 0 0 0 255
259.712 234.832 0 0 0 255
258.212 234.832 0 0 0 255
258.326 234.258 0 0 0 255
259.712 234.832 0 0 0 255
258.326 234.258 0 0 0 255
258.651 233.771 0 0 0 255
259.712 234.832 0 0 0 255
258.651 233.771 0 0 0 255
259.138 233.446 0 0 0 255
259.712 234.832 0 0 0 255
259.138 233.446 0 0 0 255
259.712 233.332 0 0 0 255
259.712 234.832 0 0 0 255
259.712 233.332 0 0 0 255
260.286 233.446 0 0 0 255
259.712 234.832 0 0 0 255
260.286 233.446 0 0 0 255
260.772 233.771 0 0 0 255
259.712 234.832 0 0 0 255
260.772 233.771 0 0 0 255
261.098 234.258 0 0 0 255
259.712 234.832 0 0 0 255
261.098 234.258 0 0 0 255
261.212 234.832 0 0 0 255
260.622 236.024 0 0 0 255
258.802 233.639 0 0 0 255
260.641 236.009 0 0 0 255
258.802 233.639 0 0 0 255
258.821 233.624 0 0 0 255
260.641 236.009 0 0 0 255
259.731 234.817 0 0 0 255
261.231 234.817 0 0 0 255
261.03 235.567 0 0 0 255
259.731 234.817 0 0 0 255
261.03 235.567 0 0 0 255
260.481 236.116 0 0 0 255
259.731 234.817 0 0 0 255
260.481 236.116 0 0 0 255
259.731 236.317 0 0 0 255
259.731 234.817 0 0 0 255
259.731 236.317 0 0 0 255
258.981 236.116 0 0 0 255
259.731 234.817 0 0 0 255
258.981 236.116 0 0 0 255
258.432 235.567 0 0 0 255
259.731 234.817 0 0 0 255
258.432 235.567 0 0 0 255
258.231 234.817 0 0 0 255
259.731 234.817 0 0 0 255
258.231 234.817 0 0 0 255
258.432 234.067 0 0 0 255
259.731 234.817 0 0 0 255
258.432 234.067 0 0 0 255
258.981 233.518 0 0 0 255
259.731 234.817 0 0 0 255
258.981 233.518 0 0 0 255
259.731 233.317 0 0 0 255
259.731 234.817 0 0 0 255
259.731 233.317 0 0 0 255
260.481 233.518 0 0 0 255
259.731 234.817 0 0 0 255
260.481 233.518 0 0 0 255
261.03 234.067 0 0 0 255
259.731 234.817 0 0 0 255
261.03 234.067 0 0 0 255
261.231 234.817 0 0 0 255
260.643 236.007 0 0 0 255
258.819 233.626 0 0 0 255
260.701 235.963 0 0 0 255
258.819 233.626 0 0 0 255
258.877 233.582 0 0 0 255
260.701 235.963 0 0 0 255
259.789 234.772 0 0 0 255
261.289 234.772 0 0 0 255
261.088 235.522 0 0 0 255
259.789 234.772 0 0 0 255
261.088 235.522 0 0 0 255
260.539 236.071 0 0 0 255
259.789 234.772 0 0 0 255
260.539 236.071 0 0 0 255
259.789 236.272 0 0 0 255
259.789 234.772 0 0 0 255
259.789 236.272 0 0 0 255
259.039 236.071 0 0 0 255
259.789 234.772 0 0 0 255
259.039 236.071 0 0 0 255
258.49 235.522 0 0 0 255
259.789 234.772 0 0 0 255
258.49 235.522 0 0 0 255
258.289 234.772 0 0 0 255
259.789 234.772 0 0 0 255
258.289 234.772 0 0 0 255
258.49 234.022 0 0 0 255
259.789 234.772 0 0 0 255
258.49 234.022 0 0 0 255
259.039 233.473 0 0 0 255
259.789 234.772 0 0 0 255
259.039 233.473 0 0 0 255
259.789 233.272 0 0 0 255
259.789 234.772 0 0 0 255
259.789 233.272 0 0 0 255
260.539 233.473 0 0 0 255
259.789 234.772 0 0 0 255
260.539 233.473 0 0 0 255
261.088 234.022 0 0 0 255
259.789 234.772 0 0 0 255
261.088 234.022 0 0 0 255
261.289 234.772 0 0 0 255
260.7 235.964 0 0 0 255
258.878 233.58 0 0 0 255
260.797 235.89 0 0 0 255
258.878 233.58 0 0 0 255
258.975 233.507 0 0 0 255
260.797 235.89 0 0 0 255
259.886 234.698 0 0 0 255
261.386 234.698 0 0 0 255
261.185 235.448 0 0 0 255
259.886 234.698 0 0 0 255
261.185 235.448 0 0 0 255
260.636 235.997 0 0 0 255
259.886 234.698 0 0 0 255
260.636 235.997 0 0 0 255
259.886 236.198 0 0 0 255
259.886 234.698 0 0 0 255
259.886 236.198 0 0 0 255
259.136 235.997 0 0 0 255
259.886 234.698 0 0 0 255
259.136 235.997 0 0 0 255
258.587 235.448 0 0 0 255
259.886 234.698 0 0 0 255
258.587 235.448 0 0 0 255
258.386 234.698 0 0 0 255
259.886 234.698 0 0 0 255
258.386 234.698 0 0 0 255
258.587 233.948 0 0 0 255
259.886 234.698 0 0 0 255
258.587 233.948 0 0 0 255
259.136 233.399 0 0 0 255
259.886 234.698 0 0 0 255
259.136 233.399 0 0 0 255
259.886 233.198 0 0 0 255
259.886 234.698 0 0 0 255
259.886 233.198 0 0 0 255
260.636 233.399 0 0 0 255
259.886 234.698 0 0 0 255
260.636 233.399 0 0 0 255
261.185 233.948 0 0 0 255
259.886 234.698 0 0 0 255
261.185 233.948 0 0 0 255
261.386 234.698 0 0 0 255
260.797 235.89 0 0 0 255
258.975 233.507 0 0 0 255
260.933 235.786 0 0 0 255
258.975 233.507 0 0 0 255
259.11 233.403 0 0 0 255
260.933 235.786 0 0 0 255
260.021 234.595 0 0 0 255
261.521 234.595 0 0 0 255
261.32 235.345 0 0 0 255
260.021 234.595 0 0 0 255
261.32 235.345 0 0 0 255
260.771 235.894 0 0 0 255
260.021 234.595 0 0 0 255
260.771 235.894 0 0 0 255
260.021 236.095 0 0 0 255
260.021 234.595 0 0 0 255
260.021 236.095 0 0 0 255
259.271 235.894 0 0 0 255
260.021 234.595 0 0 0 255
259.271 235.894 0 0 0 255
258.722 235.345 0 0 0 255
260.021 234.595 0 0 0 255
258.722 235.345 0 0 0 255
258.521 234.595 0 0 0 255
260.021 234.595 0 0 0 255
258.521 234.595 0 0 0 255
258.722 233.845 0 0 0 255
260.021 234.595 0 0 0 255
258.722 233.845 0 0 0 255
259.271 233.296 0 0 0 255
260.021 234.595 0 0 0 255
259.271 233.296 0 0 0 255
260.021 233.095 0 0 0 255
260.021 234.595 0 0 0 255
260.021 233.095 0 0 0 255
260.771 233.296 0 0 0 255
260.021 234.595 0 0 0 255
260.771 233.296 0 0 0 255
261.32 233.845 0 0 0 255
260.021 234.595 0 0 0 255
261.32 233.845 0 0 0 255
261.521 234.595 0 0 0 255
260.933 235.786 0 0 0 255
259.11 233.403 0 0 0 255
261.107 235.653 0 0 0 255
259.11 233.403 0 0 0 255
259.284 233.27 0 0 0 255
261.107 235.653 0 0 0 255
260.196 234.462 0 0 0 255
261.696 234.462 0 0 0 255
261.495 235.212 0 0 0 255
260.196 234.462 0 0 0 255
261.495 235.212 0 0 0 255
260.946 235.761 0 0 0 255
260.196 234.462 0 0 0 255
260.946 235.761 0 0 0 255
260.196 235.962 0 0 0 255
260.196 234.462 0 0 0 255
260.196 235.962 0 0 0 255
259.446 235.761 0 0 0 255
260.196 234.462 0 0 0 255
259.446 235.761 0 0 0 255
258.896 235.212 0 0 0 255
260.196 234.462 0 0 0 255
258.896 235.212 0 0 0 255
258.696 234.462 0 0 0 255
260.196 234.462 0 0 0 255
258.696 234.462 0 0 0 255
258.896 233.712 0 0 0 255
260.196 234.462 0 0 0 255
258.896 233.712 0 0 0 255
259.446 233.163 0 0 0 255
260.196 234.462 0 0 0 255
259.446 233.163 0 0 0 255
260.196 232.962 0 0 0 255
260.196 234.462 0 0 0 255
260.196 232.962 0 0 0 255
260.946 233.163 0 0 0 255
260.196 234.462 0 0 0 255
260.946 233.163 0 0 0 255
261.495 233.712 0 0 0 255
260.196 234.462 0 0 0 255
261.495 233.712 0 0 0 255
261.696 234.462 0 0 0 255
261.107 235.653 0 0 0 255
259.284 233.27 0 0 0 255
261.32 235.49 0 0 0 255
259.284 233.27 0 0 0 255
259.497 233.107 0 0 0 255
261.32 235.49 0 0 0 255
260.408 234.299 0 0 0 255
261.908 234.299 0 0 0 255
261.707 235.049 0 0 0 255
260.408 234.299 0 0 0 255
261.707 235.049 0 0 0 255
261.158 235.598 0 0 0 255
260.408 234.299 0 0 0 255
261.158 235.598 0 0 0 255
260.408 235.799 0 0 0 255
260.408 234.299 0 0 0 255
260.408 235.799 0 0 0 255
259.658 235.598 0 0 0 255
260.408 234.299 0 0 0 255
259.658 235.598 0 0 0 255
259.109 235.049 0 0 0 255
260.408 234.299 0 0 0 255
259.109 235.049 0 0 0 255
258.908 234.299 0 0 0 255
260.408 234.299 0 0 0 255
258.908 234.299 0 0 0 255
259.109 233.549 0 0 0 255
260.408 234.299 0 0 0 255
259.109 233.549 0 0 0 255
259.658 233 0 0 0 255
260.408 234.299 0 0 0 255
259.658 233 0 0 0 255
260.408 232.799 0 0 0 255
260.408 234.299 0 0 0 255
260.408 232.799 0 0 0 255
261.158 233 0 0 0 255
260.408 234.299 0 0 0 255
261.158 233 0 0 0 255
261.707 233.549 0 0 0 255
260.408 234.299 0 0 0 255
261.707 233.549 0 0 0 255
261.908 234.299 0 0 0 255
261.236 235.55 0 0 0 255
259.581 233.048 0 0 0 255
261.552 235.341 0 0 0 255
259.581 233.048 0 0 0 255
259.897 232.839 0 0 0 255
261.552 235.341 0 0 0 255
260.724 234.09 0 0 0 255
262.224 234.09 0 0 0 255
262.023 234.84 0 0 0 255
260.724 234.09 0 0 0 255
262.023 234.84 0 0 0 255
261.474 235.389 0 0 0 255
260.724 234.09 0 0 0 255
261.474 235.389 0 0 0 255
260.724 235.59 0 0 0 255
260.724 234.09 0 0 0 255
260.724 235.59 0 0 0 255
259.974 235.389 0 0 0 255
260.724 234.09 0 0 0 255
259.974 235.389 0 0 0 255
259.425 234.84 0 0 0 255
260.724 234.09 0 0 0 255
259.425 234.84 0 0 0 255
259.224 234.09 0 0 0 255
260.724 234.09 0 0 0 255
259.224 234.09 0 0 0 255
259.425 233.34 0 0 0 255
260.724 234.09 0 0 0 255
259.425 233.34 0 0 0 255
259.974 232.791 0 0 0 255
260.724 234.09 0 0 0 255
259.974 232.791 0 0 0 255
260.724 232.59 0 0 0 255
260.724 234.09 0 0 0 255
260.724 232.59 0 0 0 255
261.474 232.791 0 0 0 255
260.724 234.09 0 0 0 255
261.474 232.791 0 0 0 255
262.023 233.34 0 0 0 255
260.724 234.09 0 0 0 255
262.023 233.34 0 0 0 255
262.224 234.09 0 0 0 255
261.46 235.397 0 0 0 255
259.989 232.782 0 0 0 255
261.943 235.125 0 0 0 255
259.989 232.782 0 0 0 255
260.472 232.511 0 0 0 255
261.943 235.125 0 0 0 255
261.207 233.818 0 0 0 255
262.707 233.818 0 0 0 255
262.507 234.568 0 0 0 255
261.207 233.818 0 0 0 255
262.507 234.568 0 0 0 255
261.957 235.117 0 0 0 255
261.207 233.818 0 0 0 255
261.957 235.117 0 0 0 255
261.207 235.318 0 0 0 255
261.207 233.818 0 0 0 255
261.207 235.318 0 0 0 255
260.457 235.117 0 0 0 255
261.207 233.818 0 0 0 255
260.457 235.117 0 0 0 255
259.908 234.568 0 0 0 255
261.207 233.818 0 0 0 255
259.908 234.568 0 0 0 255
259.707 233.818 0 0 0 255
261.207 233.818 0 0 0 255
259.707 233.818 0 0 0 255
259.908 233.068 0 0 0 255
261.207 233.818 0 0 0 255
259.908 233.068 0 0 0 255
260.457 232.519 0 0 0 255
261.207 233.818 0 0 0 255
260.457 232.519 0 0 0 255
261.207 232.318 0 0 0 255
261.207 233.818 0 0 0 255
261.207 232.318 0 0 0 255
261.957 232.519 0 0 0 255
261.207 233.818 0 0 0 255
261.957 232.519 0 0 0 255
262.507 233.068 0 0 0 255
261.207 233.818 0 0 0 255
262.507 233.068 0 0 0 255
262.707 233.818 0 0 0 255
261.893 235.152 0 0 0 255
260.522 232.484 0 0 0 255
262.544 234.817 0 0 0 255
260.522 232.484 0 0 0 255
261.172 232.149 0 0 0 255
262.544 234.817 0 0 0 255
261.858 233.483 0 0 0 255
263.358 233.483 0 0 0 255
263.157 234.233 0 0 0 255
261.858 233.483 0 0 0 255
263.157 234.233 0 0 0 255
262.608 234.783 0 0 0 255
261.858 233.483 0 0 0 255
262.608 234.783 0 0 0 255
261.858 234.983 0 0 0 255
261.858 233.483 0 0 0 255
261.858 234.983 0 0 0 255
261.108 234.783 0 0 0 255
261.858 233.483 0 0 0 255
261.108 234.783 0 0 0 255
260.559 234.233 0 0 0 255
261.858 233.483 0 0 0 255
260.559 234.233 0 0 0 255
260.358 233.483 0 0 0 255
261.858 233.483 0 0 0 255
260.358 233.483 0 0 0 255
260.559 232.733 0 0 0 255
261.858 233.483 0 0 0 255
260.559 232.733 0 0 0 255
261.108 232.184 0 0 0 255
261.858 233.483 0 0 0 255
261.108 232.184 0 0 0 255
261.858 231.983 0 0 0 255
261.858 233.483 0 0 0 255
261.858 231.983 0 0 0 255
262.608 232.184 0 0 0 255
261.858 233.483 0 0 0 255
262.608 232.184 0 0 0 255
263.157 232.733 0 0 0 255
261.858 233.483 0 0 0 255
263.157 232.733 0 0 0 255
263.358 233.483 0 0 0 255
262.513 234.833 0 0 0 255
261.203 232.134 0 0 0 255
263.331 234.435 0 0 0 255
261.203 232.134 0 0 0 255
262.02 231.737 0 0 0 255
263.331 234.435 0 0 0 255
262.676 233.086 0 0 0 255
264.176 233.086 0 0 0 255
263.975 233.836 0 0 0 255
262.676 233.086 0 0 0 255
263.975 233.836 0 0 0 255
263.426 234.385 0 0 0 255
262.676 233.086 0 0 0 255
263.426 234.385 0 0 0 255
262.676 234.586 0 0 0 255
262.676 233.086 0 0 0 255
262.676 234.586 0 0 0 255
261.926 234.385 0 0 0 255
262.676 233.086 0 0 0 255
261.926 234.385 0 0 0 255
261.377 233.836 0 0 0 255
262.676 233.086 0 0 0 255
261.377 233.836 0 0 0 255
261.176 233.086 0 0 0 255
262.676 233.086 0 0 0 255
261.176 233.086 0 0 0 255
261.377 232.336 0 0 0 255
262.676 233.086 0 0 0 255
261.377 232.336 0 0 0 255
261.926 231.787 0 0 0 255
262.676 233.086 0 0 0 255
261.926 231.787 0 0 0 255
262.676 231.586 0 0 0 255
262.676 233.086 0 0 0 255
262.676 231.586 0 0 0 255
263.426 231.787 0 0 0 255
262.676 233.086 0 0 0 255
263.426 231.787 0 0 0 255
263.975 232.336 0 0 0 255
262.676 233.086 0 0 0 255
263.975 232.336 0 0 0 255
264.176 233.086 0 0 0 255
263.31 234.445 0 0 0 255
262.041 231.727 0 0 0 255
264.296 233.985 0 0 0 255
262.041 231.727 0 0 0 255
263.026 231.267 0 0 0 255
264.296 233.985 0 0 0 255
263.661 232.626 0 0 0 255
265.161 232.626 0 0 0 255
264.96 233.376 0 0 0 255
263.661 232.626 0 0 0 255
264.96 233.376 0 0 0 255
264.411 233.925 0 0 0 255
263.661 232.626 0 0 0 255
264.411 233.925 0 0 0 255
263.661 234.126 0 0 0 255
263.661 232.626 0 0 0 255
263.661 234.126 0 0 0 255
262.911 233.925 0 0 0 255
263.661 232.626 0 0 0 255
262.911 233.925 0 0 0 255
262.362 233.376 0 0 0 255
263.661 232.626 0 0 0 255
262.362 233.376 0 0 0 255
262.161 232.626 0 0 0 255
263.661 232.626 0 0 0 255
262.161 232.626 0 0 0 255
262.362 231.876 0 0 0 255
263.661 232.626 0 0 0 255
262.362 231.876 0 0 0 255
262.911 231.327 0 0 0 255
263.661 232.626 0 0 0 255
262.911 231.327 0 0 0 255
263.661 231.126 0 0 0 255
263.661 232.626 0 0 0 255
263.661 231.126 0 0 0 255
264.411 231.327 0 0 0 255
263.661 232.626 0 0 0 255
264.411 231.327 0 0 0 255
264.96 231.876 0 0 0 255
263.661 232.626 0 0 0 255
264.96 231.876 0 0 0 255
265.161 232.626 0 0 0 255
264.281 233.992 0 0 0 255
263.041 231.26 0 0 0 255
265.433 233.469 0 0 0 255
263.041 231.26 0 0 0 255
264.194 230.737 0 0 0 255
265.433 233.469 0 0 0 255
264.813 232.103 0 0 0 255
266.313 232.103 0 0 0 255
266.112 232.853 0 0 0 255
264.813 232.103 0 0 0 255
266.112 232.853 0 0 0 255
265.563 233.402 0 0 0 255
264.813 232.103 0 0 0 255
265.563 233.402 0 0 0 255
264.813 233.603 0 0 0 255
264.813 232.103 0 0 0 255
264.813 233.603 0 0 0 255
264.063 233.402 0 0 0 255
264.813 232.103 0 0 0 255
264.063 233.402 0 0 0 255
263.514 232.853 0 0 0 255
264.813 232.103 0 0 0 255
263.514 232.853 0 0 0 255
263.313 232.103 0 0 0 255
264.813 232.103 0 0 0 255
263.313 232.103 0 0 0 255
263.514 231.353 0 0 0 255
264.813 232.103 0 0 0 255
263.514 231.353 0 0 0 255
264.063 230.804 0 0 0 255
264.813 232.103 0 0 0 255
264.063 230.804 0 0 0 255
264.813 230.603 0 0 0 255
264.813 232.103 0 0 0 255
264.813 230.603 0 0 0 255
265.563 230.804 0 0 0 255
264.813 232.103 0 0 0 255
265.563 230.804 0 0 0 255
266.112 231.353 0 0 0 255
264.813 232.103 0 0 0 255
266.112 231.353 0 0 0 255
266.313 232.103 0 0 0 255
265.409 233.48 0 0 0 255
264.217 230.727 0 0 0 255
266.782 232.886 0 0 0 255
264.217 230.727 0 0 0 255
265.59 230.133 0 0 0 255
266.782 232.886 0 0 0 255
266.186 231.509 0 0 0 255
267.686 231.509 0 0 0 255
267.485 232.259 0 0 0 255
266.186 231.509 0 0 0 255
267.485 232.259 0 0 0 255
266.936 232.808 0 0 0 255
266.186 231.509 0 0 0 255
266.936 232.808 0 0 0 255
266.186 233.009 0 0 0 255
266.186 231.509 0 0 0 255
266.186 233.009 0 0 0 255
265.436 232.808 0 0 0 255
266.186 231.509 0 0 0 255
265.436 232.808 0 0 0 255
264.887 232.259 0 0 0 255
266.186 231.509 0 0 0 255
264.887 232.259 0 0 0 255
264.686 231.509 0 0 0 255
266.186 231.509 0 0 0 255
264.686 231.509 0 0 0 255
264.887 230.759 0 0 0 255
266.186 231.509 0 0 0 255
264.887 230.759 0 0 0 255
265.436 230.21 0 0 0 255
266.186 231.509 0 0 0 255
265.436 230.21 0 0 0 255
266.186 230.009 0 0 0 255
266.186 231.509 0 0 0 255
266.186 230.009 0 0 0 255
266.936 230.21 0 0 0 255
266.186 231.509 0 0 0 255
266.936 230.21 0 0 0 255
267.485 230.759 0 0 0 255
266.186 231.509 0 0 0 255
267.485 230.759 0 0 0 255
267.686 231.509 0 0 0 255
266.755 232.897 0 0 0 255
265.617 230.121 0 0 0 255
268.4 232.223 0 0 0 255
265.617 230.121 0 0 0 255
267.262 229.447 0 0 0 255
268.4 232.223 0 0 0 255
267.831 230.835 0 0 0 255
269.331 230.835 0 0 0 255
269.13 231.585 0 0 0 255
267.831 230.835 0 0 0 255
269.13 231.585 0 0 0 255
268.581 232.134 0 0 0 255
267.831 230.835 0 0 0 255
268.581 232.134 0 0 0 255
267.831 232.335 0 0 0 255
267.831 230.835 0 0 0 255
267.831 232.335 0 0 0 255
267.081 232.134 0 0 0 255
267.831 230.835 0 0 0 255
267.081 232.134 0 0 0 255
266.532 231.585 0 0 0 255
267.831 230.835 0 0 0 255
266.532 231.585 0 0 0 255
266.331 230.835 0 0 0 255
267.831 230.835 0 0 0 255
266.331 230.835 0 0 0 255
266.532 230.085 0 0 0 255
267.831 230.835 0 0 0 255
266.532 230.085 0 0 0 255
267.081 229.536 0 0 0 255
267.831 230.835 0 0 0 255
267.081 229.536 0 0 0 255
267.831 229.335 0 0 0 255
267.831 230.835 0 0 0 255
267.831 229.335 0 0 0 255
268.581 229.536 0 0 0 255
267.831 230.835 0 0 0 255
268.581 229.536 0 0 0 255
269.13 230.085 0 0 0 255
267.831 230.835 0 0 0 255
269.13 230.085 0 0 0 255
269.331 230.835 0 0 0 255
268.38 232.231 0 0 0 255
267.282 229.439 0 0 0 255
270.298 231.477 0 0 0 255
267.282 229.439 0 0 0 255
269.2 228.685 0 0 0 255
270.298 231.477 0 0 0 255
269.749 230.081 0 0 0 255
271.249 230.081 0 0 0 255
271.048 230.831 0 0 0 255
269.749 230.081 0 0 0 255
271.048 230.831 0 0 0 255
270.499 231.38 0 0 0 255
269.749 230.081 0 0 0 255
270.499 231.38 0 0 0 255
269.749 231.581 0 0 0 255
269.749 230.081 0 0 0 255
269.749 231.581 0 0 0 255
268.999 231.38 0 0 0 255
269.749 230.081 0 0 0 255
268.999 231.38 0 0 0 255
268.45 230.831 0 0 0 255
269.749 230.081 0 0 0 255
268.45 230.831 0 0 0 255
268.249 230.081 0 0 0 255
269.749 230.081 0 0 0 255
268.249 230.081 0 0 0 255
268.45 229.331 0 0 0 255
269.749 230.081 0 0 0 255
268.45 229.331 0 0 0 255
268.999 228.782 0 0 0 255
269.749 230.081 0 0 0 255
268.999 228.782 0 0 0 255
269.749 228.581 0 0 0 255
269.749 230.081 0 0 0 255
269.749 228.581 0 0 0 255
270.499 228.782 0 0 0 255
269.749 230.081 0 0 0 255
270.499 228.782 0 0 0 255
271.048 229.331 0 0 0 255
269.749 230.081 0 0 0 255
271.048 229.331 0 0 0 255
271.249 230.081 0 0 0 255
270.283 231.482 0 0 0 255
269.215 228.679 0 0 0 255
272.474 230.648 0 0 0 255
269.215 228.679 0 0 0 255
271.406 227.845 0 0 0 255
272.474 230.648 0 0 0 255
271.94 229.246 0 0 0 255
273.44 229.246 0 0 0 255
273.239 229.996 0 0 0 255
271.94 229.246 0 0 0 255
273.239 229.996 0 0 0 255
272.69 230.545 0 0 0 255
271.94 229.246 0 0 0 255
272.69 230.545 0 0 0 255
271.94 230.746 0 0 0 255
271.94 229.246 0 0 0 255
271.94 230.746 0 0 0 255
271.19 230.545 0 0 0 255
271.94 229.246 0 0 0 255
271.19 230.545 0 0 0 255
270.641 229.996 0 0 0 255
271.94 229.246 0 0 0 255
270.641 229.996 0 0 0 255
270.44 229.246 0 0 0 255
271.94 229.246 0 0 0 255
270.44 229.246 0 0 0 255
270.641 228.496 0 0 0 255
271.94 229.246 0 0 0 255
270.641 228.496 0 0 0 255
271.19 227.947 0 0 0 255
271.94 229.246 0 0 0 255
271.19 227.947 0 0 0 255
271.94 227.746 0 0 0 255
271.94 229.246 0 0 0 255
271.94 227.746 0 0 0 255
272.69 227.947 0 0 0 255
271.94 229.246 0 0 0 255
272.69 227.947 0 0 0 255
273.239 228.496 0 0 0 255
271.94 229.246 0 0 0 255
273.239 228.496 0 0 0 255
273.44 229.246 0 0 0 255
272.462 230.653 0 0 0 255
271.418 227.84 0 0 0 255
274.926 229.738 0 0 0 255
271.418 227.84 0 0 0 255
273.882 226.926 0 0 0 255
274.926 229.738 0 0 0 255
274.404 228.332 0 0 0 255
275.904 228.332 0 0 0 255
275.703 229.082 0 0 0 255
274.404 228.332 0 0 0 255
275.703 229.082 0 0 0 255
275.154 229.631 0 0 0 255
274.404 228.332 0 0 0 255
275.154 229.631 0 0 0 255
274.404 229.832 0 0 0 255
274.404 228.332 0 0 0 255
274.404 229.832 0 0 0 255
273.654 229.631 0 0 0 255
274.404 228.332 0 0 0 255
273.654 229.631 0 0 0 255
273.105 229.082 0 0 0 255
274.404 228.332 0 0 0 255
273.105 229.082 0 0 0 255
272.904 228.332 0 0 0 255
274.404 228.332 0 0 0 255
272.904 228.332 0 0 0 255
273.105 227.582 0 0 0 255
274.404 228.332 0 0 0 255
273.105 227.582 0 0 0 255
273.654 227.033 0 0 0 255
274.404 228.332 0 0 0 255
273.654 227.033 0 0 0 255
274.404 226.832 0 0 0 255
274.404 228.332 0 0 0 255
274.404 226.832 0 0 0 255
275.154 227.033 0 0 0 255
274.404 228.332 0 0 0 255
275.154 227.033 0 0 0 255
275.703 227.582 0 0 0 255
274.404 228.332 0 0 0 255
275.703 227.582 0 0 0 255
275.904 228.332 0 0 0 255
274.916 229.742 0 0 0 255
273.892 226.922 0 0 0 255
277.653 228.748 0 0 0 255
273.892 226.922 0 0 0 255
276.628 225.928 0 0 0 255
277.653 228.748 0 0 0 255
277.14 227.338 0 0 0 255
278.64 227.338 0 0 0 255
278.439 228.088 0 0 0 255
277.14 227.338 0 0 0 255
278.439 228.088 0 0 0 255
277.89 228.637 0 0 0 255
277.14 227.338 0 0 0 255
277.89 228.637 0 0 0 255
277.14 228.838 0 0 0 255
277.14 227.338 0 0 0 255
277.14 228.838 0 0 0 255
276.39 228.637 0 0 0 255
277.14 227.338 0 0 0 255
276.39 228.637 0 0 0 255
275.841 228.088 0 0 0 255
277.14 227.338 0 0 0 255
275.841 228.088 0 0 0 255
275.64 227.338 0 0 0 255
277.14 227.338 0 0 0 255
275.64 227.338 0 0 0 255
275.841 226.588 0 0 0 255
277.14 227.338 0 0 0 255
275.841 226.588 0 0 0 255
276.39 226.039 0 0 0 255
277.14 227.338 0 0 0 255
276.39 226.039 0 0 0 255
277.14 225.838 0 0 0 255
277.14 227.338 0 0 0 255
277.14 225.838 0 0 0 255
277.89 226.039 0 0 0 255
277.14 227.338 0 0 0 255
277.89 226.039 0 0 0 255
278.439 226.588 0 0 0 255
277.14 227.338 0 0 0 255
278.439 226.588 0 0 0 255
278.64 227.338 0 0 0 255
277.637 228.753 0 0 0 255
276.644 225.922 0 0 0 255
280.596 227.715 0 0 0 255
276.644 225.922 0 0 0 255
279.603 224.884 0 0 0 255
280.596 227.715 0 0 0 255
280.1 226.299 0 0 0 255
281.6 226.299 0 0 0 255
281.399 227.049 0 0 0 255
280.1 226.299 0 0 0 255
281.399 227.049 0 0 0 255
280.85 227.598 0 0 0 255
280.1 226.299 0 0 0 255
280.85 227.598 0 0 0 255
280.1 227.799 0 0 0 255
280.1 226.299 0 0 0 255
280.1 227.799 0 0 0 255
279.35 227.598 0 0 0 255
280.1 226.299 0 0 0 255
279.35 227.598 0 0 0 255
278.801 227.049 0 0 0 255
280.1 226.299 0 0 0 255
278.801 227.049 0 0 0 255
278.6 226.299 0 0 0 255
280.1 226.299 0 0 0 255
278.6 226.299 0 0 0 255
278.801 225.549 0 0 0 255
280.1 226.299 0 0 0 255
278.801 225.549 0 0 0 255
279.35 225 0 0 0 255
280.1 226.299 0 0 0 255
279.35 225 0 0 0 255
280.1 224.799 0 0 0 255
280.1 226.299 0 0 0 255
280.1 224.799 0 0 0 255
280.85 225 0 0 0 255
280.1 226.299 0 0 0 255
280.85 225 0 0 0 255
281.399 225.549 0 0 0 255
280.1 226.299 0 0 0 255
281.399 225.549 0 0 0 255
281.6 226.299 0 0 0 255
280.575 227.722 0 0 0 255
279.625 224.877 0 0 0 255
283.708 226.675 0 0 0 255
279.625 224.877 0 0 0 255
282.757 223.83 0 0 0 255
283.708 226.675 0 0 0 255
283.233 225.253 0 0 0 255
284.733 225.253 0 0 0 255
284.532 226.003 0 0 0 255
283.233 225.253 0 0 0 255
284.532 226.003 0 0 0 255
283.983 226.552 0 0 0 255
283.233 225.253 0 0 0 255
283.983 226.552 0 0 0 255
283.233 226.753 0 0 0 255
283.233 225.253 0 0 0 255
283.233 226.753 0 0 0 255
282.483 226.552 0 0 0 255
283.233 225.253 0 0 0 255
282.483 226.552 0 0 0 255
281.934 226.003 0 0 0 255
283.233 225.253 0 0 0 255
281.934 226.003 0 0 0 255
281.733 225.253 0 0 0 255
283.233 225.253 0 0 0 255
281.733 225.253 0 0 0 255
281.934 224.503 0 0 0 255
283.233 225.253 0 0 0 255
281.934 224.503 0 0 0 255
282.483 223.954 0 0 0 255
283.233 225.253 0 0 0 255
282.483 223.954 0 0 0 255
283.233 223.753 0 0 0 255
283.233 225.253 0 0 0 255
283.233 223.753 0 0 0 255
283.983 223.954 0 0 0 255
283.233 225.253 0 0 0 255
283.983 223.954 0 0 0 255
284.532 224.503 0 0 0 255
283.233 225.253 0 0 0 255
284.532 224.503 0 0 0 255
284.733 225.253 0 0 0 255
283.689 226.682 0 0 0 255
282.777 223.824 0 0 0 255
286.995 225.627 0 0 0 255
282.777 223.824 0 0 0 255
286.083 222.769 0 0 0 255
286.995 225.627 0 0 0 255
286.539 224.198 0 0 0 255
288.039 224.198 0 0 0 255
287.838 224.948 0 0 0 255
286.539 224.198 0 0 0 255
287.838 224.948 0 0 0 255
287.289 225.497 0 0 0 255
286.539 224.198 0 0 0 255
287.289 225.497 0 0 0 255
286.539 225.698 0 0 0 255
286.539 224.198 0 0 0 255
286.539 225.698 0 0 0 255
285.789 225.497 0 0 0 255
286.539 224.198 0 0 0 255
285.789 225.497 0 0 0 255
285.24 224.948 0 0 0 255
286.539 224.198 0 0 0 255
285.24 224.948 0 0 0 255
285.039 224.198 0 0 0 255
286.539 224.198 0 0 0 255
285.039 224.198 0 0 0 255
285.24 223.448 0 0 0 255
286.539 224.198 0 0 0 255
285.24 223.448 0 0 0 255
285.789 222.899 0 0 0 255
286.539 224.198 0 0 0 255
285.789 222.899 0 0 0 255
286.539 222.698 0 0 0 255
286.539 224.198 0 0 0 255
286.539 222.698 0 0 0 255
287.289 222.899 0 0 0 255
286.539 224.198 0 0 0 255
287.289 222.899 0 0 0 255
287.838 223.448 0 0 0 255
286.539 224.198 0 0 0 255
287.838 223.448 0 0 0 255
288.039 224.198 0 0 0 255
286.977 225.632 0 0 0 255
286.101 222.763 0 0 0 255
290.457 224.569 0 0 0 255
286.101 222.763 0 0 0 255
289.581 221.7 0 0 0 255
290.457 224.569 0 0 0 255
290.019 223.135 0 0 0 255
291.519 223.135 0 0 0 255
291.318 223.885 0 0 0 255
290.019 223.135 0 0 0 255
291.318 223.885 0 0 0 255
290.769 224.434 0 0 0 255
290.019 223.135 0 0 0 255
290.769 224.434 0 0 0 255
290.019 224.635 0 0 0 255
290.019 223.135 0 0 0 255
290.019 224.635 0 0 0 255
289.269 224.434 0 0 0 255
290.019 223.135 0 0 0 255
289.269 224.434 0 0 0 255
288.72 223.885 0 0 0 255
290.019 223.135 0 0 0 255
288.72 223.885 0 0 0 255
288.519 223.135 0 0 0 255
290.019 223.135 0 0 0 255
288.519 223.135 0 0 0 255
288.72 222.385 0 0 0 255
290.019 223.135 0 0 0 255
288.72 222.385 0 0 0 255
289.269 221.836 0 0 0 255
290.019 223.135 0 0 0 255
289.269 221.836 0 0 0 255
290.019 221.635 0 0 0 255
290.019 223.135 0 0 0 255
290.019 221.635 0 0 0 255
290.769 221.836 0 0 0 255
290.019 223.135 0 0 0 255
290.769 221.836 0 0 0 255
291.318 222.385 0 0 0 255
290.019 223.135 0 0 0 255
291.318 222.385 0 0 0 255
291.519 223.135 0 0 0 255
290.441 224.574 0 0 0 255
289.597 221.695 0 0 0 255
294.094 223.503 0 0 0 255
289.597 221.695 0 0 0 255
293.25 220.624 0 0 0 255
294.094 223.503 0 0 0 255
293.672 222.064 0 0 0 255
295.172 222.064 0 0 0 255
294.971 222.814 0 0 0 255
293.672 222.064 0 0 0 255
294.971 222.814 0 0 0 255
294.422 223.363 0 0 0 255
293.672 222.064 0 0 0 255
294.422 223.363 0 0 0 255
293.672 223.564 0 0 0 255
293.672 222.064 0 0 0 255
293.672 223.564 0 0 0 255
292.922 223.363 0 0 0 255
293.672 222.064 0 0 0 255
292.922 223.363 0 0 0 255
292.373 222.814 0 0 0 255
293.672 222.064 0 0 0 255
292.373 222.814 0 0 0 255
292.172 222.064 0 0 0 255
293.672 222.064 0 0 0 255
292.172 222.064 0 0 0 255
292.373 221.314 0 0 0 255
293.672 222.064 0 0 0 255
292.373 221.314 0 0 0 255
292.922 220.765 0 0 0 255
293.672 222.064 0 0 0 255
292.922 220.765 0 0 0 255
293.672 220.564 0 0 0 255
293.672 222.064 0 0 0 255
293.672 220.564 0 0 0 255
294.422 220.765 0 0 0 255
293.672 222.064 0 0 0 255
294.422 220.765 0 0 0 255
294.971 221.314 0 0 0 255
293.672 222.064 0 0 0 255
294.971 221.314 0 0 0 255
295.172 222.064 0 0 0 255
294.079 223.507 0 0 0 255
293.265 220.62 0 0 0 255
297.906 222.428 0 0 0 255
293.265 220.62 0 0 0 255
297.091 219.54 0 0 0 255
297.906 222.428 0 0 0 255
297.498 220.984 0 0 0 255
298.998 220.984 0 0 0 255
298.797 221.734 0 0 0 255
297.498 220.984 0 0 0 255
298.797 221.734 0 0 0 255
298.248 222.283 0 0 0 255
297.498 220.984 0 0 0 255
298.248 222.283 0 0 0 255
297.498 222.484 0 0 0 255
297.498 220.984 0 0 0 255
297.498 222.484 0 0 0 255
296.748 222.283 0 0 0 255
297.498 220.984 0 0 0 255
296.748 222.283 0 0 0 255
296.199 221.734 0 0 0 255
297.498 220.984 0 0 0 255
296.199 221.734 0 0 0 255
295.998 220.984 0 0 0 255
297.498 220.984 0 0 0 255
295.998 220.984 0 0 0 255
296.199 220.234 0 0 0 255
297.498 220.984 0 0 0 255
296.199 220.234 0 0 0 255
296.748 219.685 0 0 0 255
297.498 220.984 0 0 0 255
296.748 219.685 0 0 0 255
297.498 219.484 0 0 0 255
297.498 220.984 0 0 0 255
297.498 219.484 0 0 0 255
298.248 219.685 0 0 0 255
297.498 220.984 0 0 0 255
298.248 219.685 0 0 0 255
298.797 220.234 0 0 0 255
297.498 220.984 0 0 0 255
298.797 220.234 0 0 0 255
298.998 220.984 0 0 0 255
297.885 222.433 0 0 0 255
297.112 219.535 0 0 0 255
301.779 221.395 0 0 0 255
297.112 219.535 0 0 0 255
301.006 218.496 0 0 0 255
301.779 221.395 0 0 0 255
301.392 219.946 0 0 0 255
302.892 219.946 0 0 0 255
302.691 220.696 0 0 0 255
301.392 219.946 0 0 0 255
302.691 220.696 0 0 0 255
302.142 221.245 0 0 0 255
301.392 219.946 0 0 0 255
302.142 221.245 0 0 0 255
301.392 221.446 0 0 0 255
301.392 219.946 0 0 0 255
301.392 221.446 0 0 0 255
300.642 221.245 0 0 0 255
301.392 219.946 0 0 0 255
300.642 221.245 0 0 0 255
300.093 220.696 0 0 0 255
301.392 219.946 0 0 0 255
300.093 220.696 0 0 0 255
299.892 219.946 0 0 0 255
301.392 219.946 0 0 0 255
299.892 219.946 0 0 0 255
300.093 219.196 0 0 0 255
301.392 219.946 0 0 0 255
300.093 219.196 0 0 0 255
300.642 218.647 0 0 0 255
301.392 219.946 0 0 0 255
300.642 218.647 0 0 0 255
301.392 218.446 0 0 0 255
301.392 219.946 0 0 0 255
301.392 218.446 0 0 0 255
302.142 218.647 0 0 0 255
301.392 219.946 0 0 0 255
302.142 218.647 0 0 0 255
302.691 219.196 0 0 0 255
301.392 219.946 0 0 0 255
302.691 219.196 0 0 0 255
302.892 219.946 0 0 0 255
301.75 221.402 0 0 0 255
301.034 218.489 0 0 0 255
305.607 220.455 0 0 0 255
301.034 218.489 0 0 0 255
304.891 217.541 0 0 0 255
305.607 220.455 0 0 0 255
305.249 218.998 0 0 0 255
306.749 218.998 0 0 0 255
306.548 219.748 0 0 0 255
305.249 218.998 0 0 0 255
306.548 219.748 0 0 0 255
305.999 220.297 0 0 0 255
305.249 218.998 0 0 0 255
305.999 220.297 0 0 0 255
305.249 220.498 0 0 0 255
305.249 218.998 0 0 0 255
305.249 220.498 0 0 0 255
304.499 220.297 0 0 0 255
305.249 218.998 0 0 0 255
304.499 220.297 0 0 0 255
303.95 219.748 0 0 0 255
305.249 218.998 0 0 0 255
303.95 219.748 0 0 0 255
303.749 218.998 0 0 0 255
305.249 218.998 0 0 0 255
303.749 218.998 0 0 0 255
303.95 218.248 0 0 0 255
305.249 218.998 0 0 0 255
303.95 218.248 0 0 0 255
304.499 217.699 0 0 0 255
305.249 218.998 0 0 0 255
304.499 217.699 0 0 0 255
305.249 217.498 0 0 0 255
305.249 218.998 0 0 0 255
305.249 217.498 0 0 0 255
305.999 217.699 0 0 0 255
305.249 218.998 0 0 0 255
305.999 217.699 0 0 0 255
306.548 218.248 0 0 0 255
305.249 218.998 0 0 0 255
306.548 218.248 0 0 0 255
306.749 218.998 0 0 0 255
305.577 220.462 0 0 0 255
304.92 217.534 0 0 0 255
309.396 219.604 0 0 0 255
304.92 217.534 0 0 0 255
308.738 216.677 0 0 0 255
309.396 219.604 0 0 0 255
309.067 218.141 0 0 0 255
310.567 218.141 0 0 0 255
310.366 218.891 0 0 0 255
309.067 218.141 0 0 0 255
310.366 218.891 0 0 0 255
309.817 219.44 0 0 0 255
309.067 218.141 0 0 0 255
309.817 219.44 0 0 0 255
309.067 219.641 0 0 0 255
309.067 218.141 0 0 0 255
309.067 219.641 0 0 0 255
308.317 219.44 0 0 0 255
309.067 218.141 0 0 0 255
308.317 219.44 0 0 0 255
307.768 218.891 0 0 0 255
309.067 218.141 0 0 0 255
307.768 218.891 0 0 0 255
307.567 218.141 0 0 0 255
309.067 218.141 0 0 0 255
307.567 218.141 0 0 0 255
307.768 217.391 0 0 0 255
309.067 218.141 0 0 0 255
307.768 217.391 0 0 0 255
308.317 216.842 0 0 0 255
309.067 218.141 0 0 0 255
308.317 216.842 0 0 0 255
309.067 216.641 0 0 0 255
309.067 218.141 0 0 0 255
309.067 216.641 0 0 0 255
309.817 216.842 0 0 0 255
309.067 218.141 0 0 0 255
309.817 216.842 0 0 0 255
310.366 217.391 0 0 0 255
309.067 218.141 0 0 0 255
310.366 217.391 0 0 0 255
310.567 218.141 0 0 0 255
309.365 219.611 0 0 0 255
308.769 216.671 0 0 0 255
313.146 218.844 0 0 0 255
308.769 216.671 0 0 0 255
312.549 215.904 0 0 0 255
313.146 218.844 0 0 0 255
312.847 217.374 0 0 0 255
314.347 217.374 0 0 0 255
314.146 218.124 0 0 0 255
312.847 217.374 0 0 0 255
314.146 218.124 0 0 0 255
313.597 218.673 0 0 0 255
312.847 217.374 0 0 0 255
313.597 218.673 0 0 0 255
312.847 218.874 0 0 0 255
312.847 217.374 0 0 0 255
312.847 218.874 0 0 0 255
312.097 218.673 0 0 0 255
312.847 217.374 0 0 0 255
312.097 218.673 0 0 0 255
311.548 218.124 0 0 0 255
312.847 217.374 0 0 0 255
311.548 218.124 0 0 0 255
311.347 217.374 0 0 0 255
312.847 217.374 0 0 0 255
311.347 217.374 0 0 0 255
311.548 216.624 0 0 0 255
312.847 217.374 0 0 0 255
311.548 216.624 0 0 0 255
312.097 216.075 0 0 0 255
312.847 217.374 0 0 0 255
312.097 216.075 0 0 0 255
312.847 215.874 0 0 0 255
312.847 217.374 0 0 0 255
312.847 215.874 0 0 0 255
313.597 216.075 0 0 0 255
312.847 217.374 0 0 0 255
313.597 216.075 0 0 0 255
314.146 216.624 0 0 0 255
312.847 217.374 0 0 0 255
314.146 216.624 0 0 0 255
314.347 217.374 0 0 0 255
313.114 218.85 0 0 0 255
312.581 215.898 0 0 0 255
316.857 218.174 0 0 0 255
312.581 215.898 0 0 0 255
316.323 215.221 0 0 0 255
316.857 218.174 0 0 0 255
316.59 216.698 0 0 0 255
318.09 216.698 0 0 0 255
317.889 217.448 0 0 0 255
316.59 216.698 0 0 0 255
317.889 217.448 0 0 0 255
317.34 217.997 0 0 0 255
316.59 216.698 0 0 0 255
317.34 217.997 0 0 0 255
316.59 218.198 0 0 0 255
316.59 216.698 0 0 0 255
316.59 218.198 0 0 0 255
315.84 217.997 0 0 0 255
316.59 216.698 0 0 0 255
315.84 217.997 0 0 0 255
315.291 217.448 0 0 0 255
316.59 216.698 0 0 0 255
315.291 217.448 0 0 0 255
315.09 216.698 0 0 0 255
316.59 216.698 0 0 0 255
315.09 216.698 0 0 0 255
315.291 215.948 0 0 0 255
316.59 216.698 0 0 0 255
315.291 215.948 0 0 0 255
315.84 215.398 0 0 0 255
316.59 216.698 0 0 0 255
315.84 215.398 0 0 0 255
316.59 215.198 0 0 0 255
316.59 216.698 0 0 0 255
316.59 215.198 0 0 0 255
317.34 215.398 0 0 0 255
316.59 216.698 0 0 0 255
317.34 215.398 0 0 0 255
317.889 215.948 0 0 0 255
316.59 216.698 0 0 0 255
317.889 215.948 0 0 0 255
318.09 216.698 0 0 0 255
316.824 218.179 0 0 0 255
316.356 215.216 0 0 0 255
320.529 217.593 0 0 0 255
316.356 215.216 0 0 0 255
320.06 214.63 0 0 0 255
320.529 217.593 0 0 0 255
320.294 216.112 0 0 0 255
321.794 216.112 0 0 0 255
321.594 216.862 0 0 0 255
320.294 216.112 0 0 0 255
321.594 216.862 0 0 0 255
321.044 217.411 0 0 0 255
320.294 216.112 0 0 0 255
321.044 217.411 0 0 0 255
320.294 217.612 0 0 0 255
320.294 216.112 0 0 0 255
320.294 217.612 0 0 0 255
319.544 217.411 0 0 0 255
320.294 216.112 0 0 0 255
319.544 217.411 0 0 0 255
318.995 216.862 0 0 0 255
320.294 216.112 0 0 0 255
318.995 216.862 0 0 0 255
318.794 216.112 0 0 0 255
320.294 216.112 0 0 0 255
318.794 216.112 0 0 0 255
318.995 215.362 0 0 0 255
320.294 216.112 0 0 0 255
318.995 215.362 0 0 0 255
319.544 214.813 0 0 0 255
320.294 216.112 0 0 0 255
319.544 214.813 0 0 0 255
320.294 214.612 0 0 0 255
320.294 216.112 0 0 0 255
320.294 214.612 0 0 0 255
321.044 214.813 0 0 0 255
320.294 216.112 0 0 0 255
321.044 214.813 0 0 0 255
321.594 215.362 0 0 0 255
320.294 216.112 0 0 0 255
321.594 215.362 0 0 0 255
321.794 216.112 0 0 0 255
320.499 217.598 0 0 0 255
320.09 214.626 0 0 0 255
324.128 217.098 0 0 0 255
320.09 214.626 0 0 0 255
323.719 214.126 0 0 0 255
324.128 217.098 0 0 0 255
323.923 215.612 0 0 0 255
325.423 215.612 0 0 0 255
325.222 216.362 0 0 0 255
323.923 215.612 0 0 0 255
325.222 216.362 0 0 0 255
324.673 216.911 0 0 0 255
323.923 215.612 0 0 0 255
324.673 216.911 0 0 0 255
323.923 217.112 0 0 0 255
323.923 215.612 0 0 0 255
323.923 217.112 0 0 0 255
323.173 216.911 0 0 0 255
323.923 215.612 0 0 0 255
323.173 216.911 0 0 0 255
322.624 216.362 0 0 0 255
323.923 215.612 0 0 0 255
322.624 216.362 0 0 0 255
322.423 215.612 0 0 0 255
323.923 215.612 0 0 0 255
322.423 215.612 0 0 0 255
322.624 214.862 0 0 0 255
323.923 215.612 0 0 0 255
322.624 214.862 0 0 0 255
323.173 214.313 0 0 0 255
323.923 215.612 0 0 0 255
323.173 214.313 0 0 0 255
323.923 214.112 0 0 0 255
323.923 215.612 0 0 0 255
323.923 214.112 0 0 0 255
324.673 214.313 0 0 0 255
323.923 215.612 0 0 0 255
324.673 214.313 0 0 0 255
325.222 214.862 0 0 0 255
323.923 215.612 0 0 0 255
325.222 214.862 0 0 0 255
325.423 215.612 0 0 0 255
324.1 217.102 0 0 0 255
323.746 214.123 0 0 0 255
327.615 216.684 0 0 0 255
323.746 214.123 0 0 0 255
327.261 213.705 0 0 0 255
327.615 216.684 0 0 0 255
327.438 215.195 0 0 0 255
328.938 215.195 0 0 0 255
328.737 215.945 0 0 0 255
327.438 215.195 0 0 0 255
328.737 215.945 0 0 0 255
328.188 216.494 0 0 0 255
327.438 215.195 0 0 0 255
328.188 216.494 0 0 0 255
327.438 216.695 0 0 0 255
327.438 215.195 0 0 0 255
327.438 216.695 0 0 0 255
326.688 216.494 0 0 0 255
327.438 215.195 0 0 0 255
326.688 216.494 0 0 0 255
326.139 215.945 0 0 0 255
327.438 215.195 0 0 0 255
326.139 215.945 0 0 0 255
325.938 215.195 0 0 0 255
327.438 215.195 0 0 0 255
325.938 215.195 0 0 0 255
326.139 214.445 0 0 0 255
327.438 215.195 0 0 0 255
326.139 214.445 0 0 0 255
326.688 213.896 0 0 0 255
327.438 215.195 0 0 0 255
326.688 213.896 0 0 0 255
327.438 213.695 0 0 0 255
327.438 215.195 0 0 0 255
327.438 213.695 0 0 0 255
328.188 213.896 0 0 0 255
327.438 215.195 0 0 0 255
328.188 213.896 0 0 0 255
328.737 214.445 0 0 0 255
327.438 215.195 0 0 0 255
328.737 214.445 0 0 0 255
328.938 215.195 0 0 0 255
327.585 216.687 0 0 0 255
327.291 213.702 0 0 0 255
330.986 216.352 0 0 0 255
327.291 213.702 0 0 0 255
330.692 213.366 0 0 0 255
330.986 216.352 0 0 0 255
330.839 214.859 0 0 0 255
332.339 214.859 0 0 0 255
332.138 215.609 0 0 0 255
330.839 214.859 0 0 0 255
332.138 215.609 0 0 0 255
331.589 216.158 0 0 0 255
330.839 214.859 0 0 0 255
331.589 216.158 0 0 0 255
330.839 216.359 0 0 0 255
330.839 214.859 0 0 0 255
330.839 216.359 0 0 0 255
330.089 216.158 0 0 0 255
330.839 214.859 0 0 0 255
330.089 216.158 0 0 0 255
329.54 215.609 0 0 0 255
330.839 214.859 0 0 0 255
329.54 215.609 0 0 0 255
329.339 214.859 0 0 0 255
330.839 214.859 0 0 0 255
329.339 214.859 0 0 0 255
329.54 214.109 0 0 0 255
330.839 214.859 0 0 0 255
329.54 214.109 0 0 0 255
330.089 213.56 0 0 0 255
330.839 214.859 0 0 0 255
330.089 213.56 0 0 0 255
330.839 213.359 0 0 0 255
330.839 214.859 0 0 0 255
330.839 213.359 0 0 0 255
331.589 213.56 0 0 0 255
330.839 214.859 0 0 0 255
331.589 213.56 0 0 0 255
332.138 214.109 0 0 0 255
330.839 214.859 0 0 0 255
332.138 214.109 0 0 0 255
332.339 214.859 0 0 0 255
330.954 216.355 0 0 0 255
330.724 213.364 0 0 0 255
334.242 216.101 0 0 0 255
330.724 213.364 0 0 0 255
334.011 213.11 0 0 0 255
334.242 216.101 0 0 0 255
334.126 214.606 0 0 0 255
335.626 214.606 0 0 0 255
335.426 215.356 0 0 0 255
334.126 214.606 0 0 0 255
335.426 215.356 0 0 0 255
334.876 215.905 0 0 0 255
334.126 214.606 0 0 0 255
334.876 215.905 0 0 0 255
334.126 216.106 0 0 0 255
334.126 214.606 0 0 0 255
334.126 216.106 0 0 0 255
333.376 215.905 0 0 0 255
334.126 214.606 0 0 0 255
333.376 215.905 0 0 0 255
332.827 215.356 0 0 0 255
334.126 214.606 0 0 0 255
332.827 215.356 0 0 0 255
332.626 214.606 0 0 0 255
334.126 214.606 0 0 0 255
332.626 214.606 0 0 0 255
332.827 213.856 0 0 0 255
334.126 214.606 0 0 0 255
332.827 213.856 0 0 0 255
333.376 213.307 0 0 0 255
334.126 214.606 0 0 0 255
333.376 213.307 0 0 0 255
334.126 213.106 0 0 0 255
334.126 214.606 0 0 0 255
334.126 213.106 0 0 0 255
334.876 213.307 0 0 0 255
334.126 214.606 0 0 0 255
334.876 213.307 0 0 0 255
335.426 213.856 0 0 0 255
334.126 214.606 0 0 0 255
335.426 213.856 0 0 0 255
335.626 214.606 0 0 0 255
334.207 216.104 0 0 0 255
334.046 213.108 0 0 0 255
337.381 215.932 0 0 0 255
334.046 213.108 0 0 0 255
337.219 212.937 0 0 0 255
337.381 215.932 0 0 0 255
337.3 214.434 0 0 0 255
338.8 214.434 0 0 0 255
338.599 215.184 0 0 0 255
337.3 214.434 0 0 0 255
338.599 215.184 0 0 0 255
338.05 215.733 0 0 0 255
337.3 214.434 0 0 0 255
338.05 215.733 0 0 0 255
337.3 215.934 0 0 0 255
337.3 214.434 0 0 0 255
337.3 215.934 0 0 0 255
336.55 215.733 0 0 0 255
337.3 214.434 0 0 0 255
336.55 215.733 0 0 0 255
336.001 215.184 0 0 0 255
337.3 214.434 0 0 0 255
336.001 215.184 0 0 0 255
335.8 214.434 0 0 0 255
337.3 214.434 0 0 0 255
335.8 214.434 0 0 0 255
336.001 213.684 0 0 0 255
337.3 214.434 0 0 0 255
336.001 213.684 0 0 0 255
336.55 213.135 0 0 0 255
337.3 214.434 0 0 0 255
336.55 213.135 0 0 0 255
337.3 212.934 0 0 0 255
337.3 214.434 0 0 0 255
337.3 212.934 0 0 0 255
338.05 213.135 0 0 0 255
337.3 214.434 0 0 0 255
338.05 213.135 0 0 0 255
338.599 213.684 0 0 0 255
337.3 214.434 0 0 0 255
338.599 213.684 0 0 0 255
338.8 214.434 0 0 0 255
337.344 215.934 0 0 0 255
337.256 212.935 0 0 0 255
340.403 215.844 0 0 0 255
337.256 212.935 0 0 0 255
340.316 212.846 0 0 0 255
340.403 215.844 0 0 0 255
340.36 214.345 0 0 0 255
341.86 214.345 0 0 0 255
341.659 215.095 0 0 0 255
340.36 214.345 0 0 0 255
341.659 215.095 0 0 0 255
341.11 215.644 0 0 0 255
340.36 214.345 0 0 0 255
341.11 215.644 0 0 0 255
340.36 215.845 0 0 0 255
340.36 214.345 0 0 0 255
340.36 215.845 0 0 0 255
339.61 215.644 0 0 0 255
340.36 214.345 0 0 0 255
339.61 215.644 0 0 0 255
339.061 215.095 0 0 0 255
340.36 214.345 0 0 0 255
339.061 215.095 0 0 0 255
338.86 214.345 0 0 0 255
340.36 214.345 0 0 0 255
338.86 214.345 0 0 0 255
339.061 213.595 0 0 0 255
340.36 214.345 0 0 0 255
339.061 213.595 0 0 0 255
339.61 213.046 0 0 0 255
340.36 214.345 0 0 0 255
339.61 213.046 0 0 0 255
340.36 212.845 0 0 0 255
340.36 214.345 0 0 0 255
340.36 212.845 0 0 0 255
341.11 213.046 0 0 0 255
340.36 214.345 0 0 0 255
341.11 213.046 0 0 0 255
341.659 213.595 0 0 0 255
340.36 214.345 0 0 0 255
341.659 213.595 0 0 0 255
341.86 214.345 0 0 0 255
340.373 215.845 0 0 0 255
340.346 212.845 0 0 0 255
343.288 215.819 0 0 0 255
340.346 212.845 0 0 0 255
343.261 212.819 0 0 0 255
343.288 215.819 0 0 0 255
343.274 214.319 0 0 0 255
344.774 214.319 0 0 0 255
344.573 215.069 0 0 0 255
343.274 214.319 0 0 0 255
344.573 215.069 0 0 0 255
344.024 215.618 0 0 0 255
343.274 214.319 0 0 0 255
344.024 215.618 0 0 0 255
343.274 215.819 0 0 0 255
343.274 214.319 0 0 0 255
343.274 215.819 0 0 0 255
342.524 215.618 0 0 0 255
343.274 214.319 0 0 0 255
342.524 215.618 0 0 0 255
341.975 215.069 0 0 0 255
343.274 214.319 0 0 0 255
341.975 215.069 0 0 0 255
341.774 214.319 0 0 0 255
343.274 214.319 0 0 0 255
341.774 214.319 0 0 0 255
341.975 213.569 0 0 0 255
343.274 214.319 0 0 0 255
341.975 213.569 0 0 0 255
342.524 213.02 0 0 0 255
343.274 214.319 0 0 0 255
342.524 213.02 0 0 0 255
343.274 212.819 0 0 0 255
343.274 214.319 0 0 0 255
343.274 212.819 0 0 0 255
344.024 213.02 0 0 0 255
343.274 214.319 0 0 0 255
344.024 213.02 0 0 0 255
344.573 213.569 0 0 0 255
343.274 214.319 0 0 0 255
344.573 213.569 0 0 0 255
344.774 214.319 0 0 0 255
343.264 215.819 0 0 0 255
343.284 212.819 0 0 0 255
346.003 215.838 0 0 0 255
343.284 212.819 0 0 0 255
346.023 212.838 0 0 0 255
346.003 215.838 0 0 0 255
346.013 214.338 0 0 0 255
347.513 214.338 0 0 0 255
347.312 215.088 0 0 0 255
346.013 214.338 0 0 0 255
347.312 215.088 0 0 0 255
346.763 215.637 0 0 0 255
346.013 214.338 0 0 0 255
346.763 215.637 0 0 0 255
346.013 215.838 0 0 0 255
346.013 214.338 0 0 0 255
346.013 215.838 0 0 0 255
345.263 215.637 0 0 0 255
346.013 214.338 0 0 0 255
345.263 215.637 0 0 0 255
344.714 215.088 0 0 0 255
346.013 214.338 0 0 0 255
344.714 215.088 0 0 0 255
344.513 214.338 0 0 0 255
346.013 214.338 0 0 0 255
344.513 214.338 0 0 0 255
344.714 213.588 0 0 0 255
346.013 214.338 0 0 0 255
344.714 213.588 0 0 0 255
345.263 213.039 0 0 0 255
346.013 214.338 0 0 0 255
345.263 213.039 0 0 0 255
346.013 212.838 0 0 0 255
346.013 214.338 0 0 0 255
346.013 212.838 0 0 0 255
346.763 213.039 0 0 0 255
346.013 214.338 0 0 0 255
346.763 213.039 0 0 0 255
347.312 213.588 0 0 0 255
346.013 214.338 0 0 0 255
347.312 213.588 0 0 0 255
347.513 214.338 0 0 0 255
345.976 215.837 0 0 0 255
346.05 212.838 0 0 0 255
348.538 215.9 0 0 0 255
346.05 212.838 0 0 0 255
348.612 212.901 0 0 0 255
348.538 215.9 0 0 0 255
348.575 214.401 0 0 0 255
350.075 214.401 0 0 0 255
349.874 215.151 0 0 0 255
348.575 214.401 0 0 0 255
349.874 215.151 0 0 0 255
349.325 215.7 0 0 0 255
348.575 214.401 0 0 0 255
349.325 215.7 0 0 0 255
348.575 215.901 0 0 0 255
348.575 214.401 0 0 0 255
348.575 215.901 0 0 0 255
347.825 215.7 0 0 0 255
348.575 214.401 0 0 0 255
347.825 215.7 0 0 0 255
347.276 215.151 0 0 0 255
348.575 214.401 0 0 0 255
347.276 215.151 0 0 0 255
347.075 214.401 0 0 0 255
348.575 214.401 0 0 0 255
347.075 214.401 0 0 0 255
347.276 213.651 0 0 0 255
348.575 214.401 0 0 0 255
347.276 213.651 0 0 0 255
347.825 213.102 0 0 0 255
348.575 214.401 0 0 0 255
347.825 213.102 0 0 0 255
348.575 212.901 0 0 0 255
348.575 214.401 0 0 0 255
348.575 212.901 0 0 0 255
349.325 213.102 0 0 0 255
348.575 214.401 0 0 0 255
349.325 213.102 0 0 0 255
349.874 213.651 0 0 0 255
348.575 214.401 0 0 0 255
349.874 213.651 0 0 0 255
350.075 214.401 0 0 0 255
348.508 215.899 0 0 0 255
348.643 212.902 0 0 0 255
350.894 216.007 0 0 0 255
348.643 212.902 0 0 0 255
351.029 213.01 0 0 0 255
350.894 216.007 0 0 0 255
350.961 214.509 0 0 0 255
352.461 214.509 0 0 0 255
352.26 215.259 0 0 0 255
350.961 214.509 0 0 0 255
352.26 215.259 0 0 0 255
351.711 215.808 0 0 0 255
350.961 214.509 0 0 0 255
351.711 215.808 0 0 0 255
350.961 216.009 0 0 0 255
350.961 214.509 0 0 0 255
350.961 216.009 0 0 0 255
350.211 215.808 0 0 0 255
350.961 214.509 0 0 0 255
350.211 215.808 0 0 0 255
349.662 215.259 0 0 0 255
350.961 214.509 0 0 0 255
349.662 215.259 0 0 0 255
349.461 214.509 0 0 0 255
350.961 214.509 0 0 0 255
349.461 214.509 0 0 0 255
349.662 213.759 0 0 0 255
350.961 214.509 0 0 0 255
349.662 213.759 0 0 0 255
350.211 213.21 0 0 0 255
350.961 214.509 0 0 0 255
350.211 213.21 0 0 0 255
350.961 213.009 0 0 0 255
350.961 214.509 0 0 0 255
350.961 213.009 0 0 0 255
351.711 213.21 0 0 0 255
350.961 214.509 0 0 0 255
351.711 213.21 0 0 0 255
352.26 213.759 0 0 0 255
350.961 214.509 0 0 0 255
352.26 213.759 0 0 0 255
352.461 214.509 0 0 0 255
350.858 216.005 0 0 0 255
351.065 213.012 0 0 0 255
353.068 216.157 0 0 0 255
351.065 213.012 0 0 0 255
353.275 213.165 0 0 0 255
353.068 216.157 0 0 0 255
353.171 214.661 0 0 0 255
354.671 214.661 0 0 0 255
354.47 215.411 0 0 0 255
353.171 214.661 0 0 0 255
354.47 215.411 0 0 0 255
353.921 215.96 0 0 0 255
353.171 214.661 0 0 0 255
353.921 215.96 0 0 0 255
353.171 216.161 0 0 0 255
353.171 214.661 0 0 0 255
353.171 216.161 0 0 0 255
352.421 215.96 0 0 0 255
353.171 214.661 0 0 0 255
352.421 215.96 0 0 0 255
351.872 215.411 0 0 0 255
353.171 214.661 0 0 0 255
351.872 215.411 0 0 0 255
351.671 214.661 0 0 0 255
353.171 214.661 0 0 0 255
351.671 214.661 0 0 0 255
351.872 213.911 0 0 0 255
353.171 214.661 0 0 0 255
351.872 213.911 0 0 0 255
352.421 213.362 0 0 0 255
353.171 214.661 0 0 0 255
352.421 213.362 0 0 0 255
353.171 213.161 0 0 0 255
353.171 214.661 0 0 0 255
353.171 213.161 0 0 0 255
353.921 213.362 0 0 0 255
353.171 214.661 0 0 0 255
353.921 213.362 0 0 0 255
354.47 213.911 0 0 0 255
353.171 214.661 0 0 0 255
354.47 213.911 0 0 0 255
354.671 214.661 0 0 0 255
353.027 216.154 0 0 0 255
353.316 213.168 0 0 0 255
355.061 216.351 0 0 0 255
353.316 213.168 0 0 0 255
355.35 213.365 0 0 0 255
355.061 216.351 0 0 0 255
355.205 214.858 0 0 0 255
356.705 214.858 0 0 0 255
356.504 215.608 0 0 0 255
355.205 214.858 0 0 0 255
356.504 215.608 0 0 0 255
355.955 216.157 0 0 0 255
355.205 214.858 0 0 0 255
355.955 216.157 0 0 0 255
355.205 216.358 0 0 0 255
355.205 214.858 0 0 0 255
355.205 216.358 0 0 0 255
354.455 216.157 0 0 0 255
355.205 214.858 0 0 0 255
354.455 216.157 0 0 0 255
353.906 215.608 0 0 0 255
355.205 214.858 0 0 0 255
353.906 215.608 0 0 0 255
353.705 214.858 0 0 0 255
355.205 214.858 0 0 0 255
353.705 214.858 0 0 0 255
353.906 214.108 0 0 0 255
355.205 214.858 0 0 0 255
353.906 214.108 0 0 0 255
354.455 213.559 0 0 0 255
355.205 214.858 0 0 0 255
354.455 213.559 0 0 0 255
355.205 213.358 0 0 0 255
355.205 214.858 0 0 0 255
355.205 213.358 0 0 0 255
355.955 213.559 0 0 0 255
355.205 214.858 0 0 0 255
355.955 213.559 0 0 0 255
356.504 214.108 0 0 0 255
355.205 214.858 0 0 0 255
356.504 214.108 0 0 0 255
356.705 214.858 0 0 0 255
355.014 216.346 0 0 0 255
355.397 213.37 0 0 0 255
356.878 216.585 0 0 0 255
355.397 213.37 0 0 0 255
357.26 213.61 0 0 0 255
356.878 216.585 0 0 0 255
357.069 215.098 0 0 0 255
358.569 215.098 0 0 0 255
358.368 215.848 0 0 0 255
357.069 215.098 0 0 0 255
358.368 215.848 0 0 0 255
357.819 216.397 0 0 0 255
357.069 215.098 0 0 0 255
357.819 216.397 0 0 0 255
357.069 216.598 0 0 0 255
357.069 215.098 0 0 0 255
357.069 216.598 0 0 0 255
356.319 216.397 0 0 0 255
357.069 215.098 0 0 0 255
356.319 216.397 0 0 0 255
355.77 215.848 0 0 0 255
357.069 215.098 0 0 0 255
355.77 215.848 0 0 0 255
355.569 215.098 0 0 0 255
357.069 215.098 0 0 0 255
355.569 215.098 0 0 0 255
355.77 214.348 0 0 0 255
357.069 215.098 0 0 0 255
355.77 214.348 0 0 0 255
356.319 213.799 0 0 0 255
357.069 215.098 0 0 0 255
356.319 213.799 0 0 0 255
357.069 213.598 0 0 0 255
357.069 215.098 0 0 0 255
357.069 213.598 0 0 0 255
357.819 213.799 0 0 0 255
357.069 215.098 0 0 0 255
357.819 213.799 0 0 0 255
358.368 214.348 0 0 0 255
357.069 215.098 0 0 0 255
358.368 214.348 0 0 0 255
358.569 215.098 0 0 0 255
356.825 216.578 0 0 0 255
357.313 213.618 0 0 0 255
358.524 216.858 0 0 0 255
357.313 213.618 0 0 0 255
359.013 213.898 0 0 0 255
358.524 216.858 0 0 0 255
358.769 215.378 0 0 0 255
360.269 215.378 0 0 0 255
360.068 216.128 0 0 0 255
358.769 215.378 0 0 0 255
360.068 216.128 0 0 0 255
359.519 216.677 0 0 0 255
358.769 215.378 0 0 0 255
359.519 216.677 0 0 0 255
358.769 216.878 0 0 0 255
358.769 215.378 0 0 0 255
358.769 216.878 0 0 0 255
358.019 216.677 0 0 0 255
358.769 215.378 0 0 0 255
358.019 216.677 0 0 0 255
357.47 216.128 0 0 0 255
358.769 215.378 0 0 0 255
357.47 216.128 0 0 0 255
357.269 215.378 0 0 0 255
358.769 215.378 0 0 0 255
357.269 215.378 0 0 0 255
357.47 214.628 0 0 0 255
358.769 215.378 0 0 0 255
357.47 214.628 0 0 0 255
358.019 214.079 0 0 0 255
358.769 215.378 0 0 0 255
358.019 214.079 0 0 0 255
358.769 213.878 0 0 0 255
358.769 215.378 0 0 0 255
358.769 213.878 0 0 0 255
359.519 214.079 0 0 0 255
358.769 215.378 0 0 0 255
359.519 214.079 0 0 0 255
360.068 214.628 0 0 0 255
358.769 215.378 0 0 0 255
360.068 214.628 0 0 0 255
360.269 215.378 0 0 0 255
358.461 216.846 0 0 0 255
359.076 213.91 0 0 0 255
359.997 217.168 0 0 0 255
359.076 213.91 0 0 0 255
360.612 214.232 0 0 0 255
359.997 217.168 0 0 0 255
360.305 215.7 0 0 0 255
361.805 215.7 0 0 0 255
361.604 216.45 0 0 0 255
360.305 215.7 0 0 0 255
361.604 216.45 0 0 0 255
361.055 216.999 0 0 0 255
360.305 215.7 0 0 0 255
361.055 216.999 0 0 0 255
360.305 217.2 0 0 0 255
360.305 215.7 0 0 0 255
360.305 217.2 0 0 0 255
359.555 216.999 0 0 0 255
360.305 215.7 0 0 0 255
359.555 216.999 0 0 0 255
359.006 216.45 0 0 0 255
360.305 215.7 0 0 0 255
359.006 216.45 0 0 0 255
358.805 215.7 0 0 0 255
360.305 215.7 0 0 0 255
358.805 215.7 0 0 0 255
359.006 214.95 0 0 0 255
360.305 215.7 0 0 0 255
359.006 214.95 0 0 0 255
359.555 214.401 0 0 0 255
360.305 215.7 0 0 0 255
359.555 214.401 0 0 0 255
360.305 214.2 0 0 0 255
360.305 215.7 0 0 0 255
360.305 214.2 0 0 0 255
361.055 214.401 0 0 0 255
360.305 215.7 0 0 0 255
361.055 214.401 0 0 0 255
361.604 214.95 0 0 0 255
360.305 215.7 0 0 0 255
361.604 214.95 0 0 0 255
361.805 215.7 0 0 0 255
359.921 217.15 0 0 0 255
360.688 214.25 0 0 0 255
361.293 217.513 0 0 0 255
360.688 214.25 0 0 0 255
362.06 214.612 0 0 0 255
361.293 217.513 0 0 0 255
361.676 216.062 0 0 0 255
363.176 216.062 0 0 0 255
362.975 216.812 0 0 0 255
361.676 216.062 0 0 0 255
362.975 216.812 0 0 0 255
362.426 217.361 0 0 0 255
361.676 216.062 0 0 0 255
362.426 217.361 0 0 0 255
361.676 217.562 0 0 0 255
361.676 216.062 0 0 0 255
361.676 217.562 0 0 0 255
360.926 217.361 0 0 0 255
361.676 216.062 0 0 0 255
360.926 217.361 0 0 0 255
360.377 216.812 0 0 0 255
361.676 216.062 0 0 0 255
360.377 216.812 0 0 0 255
360.176 216.062 0 0 0 255
361.676 216.062 0 0 0 255
360.176 216.062 0 0 0 255
360.377 215.312 0 0 0 255
361.676 216.062 0 0 0 255
360.377 215.312 0 0 0 255
360.926 214.763 0 0 0 255
361.676 216.062 0 0 0 255
360.926 214.763 0 0 0 255
361.676 214.562 0 0 0 255
361.676 216.062 0 0 0 255
361.676 214.562 0 0 0 255
362.426 214.763 0 0 0 255
361.676 216.062 0 0 0 255
362.426 214.763 0 0 0 255
362.975 215.312 0 0 0 255
361.676 216.062 0 0 0 255
362.975 215.312 0 0 0 255
363.176 216.062 0 0 0 255
361.201 217.485 0 0 0 255
362.151 214.64 0 0 0 255
362.409 217.888 0 0 0 255
362.151 214.64 0 0 0 255
363.359 215.043 0 0 0 255
362.409 217.888 0 0 0 255
362.884 216.466 0 0 0 255
364.384 216.466 0 0 0 255
364.183 217.216 0 0 0 255
362.884 216.466 0 0 0 255
364.183 217.216 0 0 0 255
363.634 217.765 0 0 0 255
362.884 216.466 0 0 0 255
363.634 217.765 0 0 0 255
362.884 217.966 0 0 0 255
362.884 216.466 0 0 0 255
362.884 217.966 0 0 0 255
362.134 217.765 0 0 0 255
362.884 216.466 0 0 0 255
362.134 217.765 0 0 0 255
361.585 217.216 0 0 0 255
362.884 216.466 0 0 0 255
361.585 217.216 0 0 0 255
361.384 216.466 0 0 0 255
362.884 216.466 0 0 0 255
361.384 216.466 0 0 0 255
361.585 215.716 0 0 0 255
362.884 216.466 0 0 0 255
361.585 215.716 0 0 0 255
362.134 215.167 0 0 0 255
362.884 216.466 0 0 0 255
362.134 215.167 0 0 0 255
362.884 214.966 0 0 0 255
362.884 216.466 0 0 0 255
362.884 214.966 0 0 0 255
363.634 215.167 0 0 0 255
362.884 216.466 0 0 0 255
363.634 215.167 0 0 0 255
364.183 215.716 0 0 0 255
362.884 216.466 0 0 0 255
364.183 215.716 0 0 0 255
364.384 216.466 0 0 0 255
362.297 217.846 0 0 0 255
363.472 215.085 0 0 0 255
363.341 218.29 0 0 0 255
363.472 215.085 0 0 0 255
364.515 215.53 0 0 0 255
363.341 218.29 0 0 0 255
363.928 216.91 0 0 0 255
365.428 216.91 0 0 0 255
365.227 217.66 0 0 0 255
363.928 216.91 0 0 0 255
365.227 217.66 0 0 0 255
364.678 218.209 0 0 0 255
363.928 216.91 0 0 0 255
364.678 218.209 0 0 0 255
363.928 218.41 0 0 0 255
363.928 216.91 0 0 0 255
363.928 218.41 0 0 0 255
363.178 218.209 0 0 0 255
363.928 216.91 0 0 0 255
363.178 218.209 0 0 0 255
362.629 217.66 0 0 0 255
363.928 216.91 0 0 0 255
362.629 217.66 0 0 0 255
362.428 216.91 0 0 0 255
363.928 216.91 0 0 0 255
362.428 216.91 0 0 0 255
362.629 216.16 0 0 0 255
363.928 216.91 0 0 0 255
362.629 216.16 0 0 0 255
363.178 215.611 0 0 0 255
363.928 216.91 0 0 0 255
363.178 215.611 0 0 0 255
363.928 215.41 0 0 0 255
363.928 216.91 0 0 0 255
363.928 215.41 0 0 0 255
364.678 215.611 0 0 0 255
363.928 216.91 0 0 0 255
364.678 215.611 0 0 0 255
365.227 216.16 0 0 0 255
363.928 216.91 0 0 0 255
365.227 216.16 0 0 0 255
365.428 216.91 0 0 0 255
363.269 218.257 0 0 0 255
364.587 215.562 0 0 0 255
364.204 218.715 0 0 0 255
364.587 215.562 0 0 0 255
365.522 216.02 0 0 0 255
364.204 218.715 0 0 0 255
364.863 217.367 0 0 0 255
366.363 217.367 0 0 0 255
366.162 218.117 0 0 0 255
364.863 217.367 0 0 0 255
366.162 218.117 0 0 0 255
365.613 218.666 0 0 0 255
364.863 217.367 0 0 0 255
365.613 218.666 0 0 0 255
364.863 218.867 0 0 0 255
364.863 217.367 0 0 0 255
364.863 218.867 0 0 0 255
364.113 218.666 0 0 0 255
364.863 217.367 0 0 0 255
364.113 218.666 0 0 0 255
363.564 218.117 0 0 0 255
364.863 217.367 0 0 0 255
363.564 218.117 0 0 0 255
363.363 217.367 0 0 0 255
364.863 217.367 0 0 0 255
363.363 217.367 0 0 0 255
363.564 216.617 0 0 0 255
364.863 217.367 0 0 0 255
363.564 216.617 0 0 0 255
364.113 216.068 0 0 0 255
364.863 217.367 0 0 0 255
364.113 216.068 0 0 0 255
364.863 215.867 0 0 0 255
364.863 217.367 0 0 0 255
364.863 215.867 0 0 0 255
365.613 216.068 0 0 0 255
364.863 217.367 0 0 0 255
365.613 216.068 0 0 0 255
366.162 216.617 0 0 0 255
364.863 217.367 0 0 0 255
366.162 216.617 0 0 0 255
366.363 217.367 0 0 0 255
364.19 218.708 0 0 0 255
365.537 216.027 0 0 0 255
365.072 219.151 0 0 0 255
365.537 216.027 0 0 0 255
366.419 216.47 0 0 0 255
365.072 219.151 0 0 0 255
365.746 217.81 0 0 0 255
367.246 217.81 0 0 0 255
367.045 218.56 0 0 0 255
365.746 217.81 0 0 0 255
367.045 218.56 0 0 0 255
366.496 219.109 0 0 0 255
365.746 217.81 0 0 0 255
366.496 219.109 0 0 0 255
365.746 219.31 0 0 0 255
365.746 217.81 0 0 0 255
365.746 219.31 0 0 0 255
364.996 219.109 0 0 0 255
365.746 217.81 0 0 0 255
364.996 219.109 0 0 0 255
364.447 218.56 0 0 0 255
365.746 217.81 0 0 0 255
364.447 218.56 0 0 0 255
364.246 217.81 0 0 0 255
365.746 217.81 0 0 0 255
364.246 217.81 0 0 0 255
364.447 217.06 0 0 0 255
365.746 217.81 0 0 0 255
364.447 217.06 0 0 0 255
364.996 216.511 0 0 0 255
365.746 217.81 0 0 0 255
364.996 216.511 0 0 0 255
365.746 216.31 0 0 0 255
365.746 217.81 0 0 0 255
365.746 216.31 0 0 0 255
366.496 216.511 0 0 0 255
365.746 217.81 0 0 0 255
366.496 216.511 0 0 0 255
367.045 217.06 0 0 0 255
365.746 217.81 0 0 0 255
367.045 217.06 0 0 0 255
367.246 217.81 0 0 0 255
365.057 219.143 0 0 0 255
366.434 216.478 0 0 0 255
365.886 219.572 0 0 0 255
366.434 216.478 0 0 0 255
367.264 216.907 0 0 0 255
365.886 219.572 0 0 0 255
366.575 218.239 0 0 0 255
368.075 218.239 0 0 0 255
367.874 218.989 0 0 0 255
366.575 218.239 0 0 0 255
367.874 218.989 0 0 0 255
367.325 219.538 0 0 0 255
366.575 218.239 0 0 0 255
367.325 219.538 0 0 0 255
366.575 219.739 0 0 0 255
366.575 218.239 0 0 0 255
366.575 219.739 0 0 0 255
365.825 219.538 0 0 0 255
366.575 218.239 0 0 0 255
365.825 219.538 0 0 0 255
365.276 218.989 0 0 0 255
366.575 218.239 0 0 0 255
365.276 218.989 0 0 0 255
365.075 218.239 0 0 0 255
366.575 218.239 0 0 0 255
365.075 218.239 0 0 0 255
365.276 217.489 0 0 0 255
366.575 218.239 0 0 0 255
365.276 217.489 0 0 0 255
365.825 216.94 0 0 0 255
366.575 218.239 0 0 0 255
365.825 216.94 0 0 0 255
366.575 216.739 0 0 0 255
366.575 218.239 0 0 0 255
366.575 216.739 0 0 0 255
367.325 216.94 0 0 0 255
366.575 218.239 0 0 0 255
367.325 216.94 0 0 0 255
367.874 217.489 0 0 0 255
366.575 218.239 0 0 0 255
367.874 217.489 0 0 0 255
368.075 218.239 0 0 0 255
365.869 219.562 0 0 0 255
367.281 216.916 0 0 0 255
366.645 219.977 0 0 0 255
367.281 216.916 0 0 0 255
368.058 217.33 0 0 0 255
366.645 219.977 0 0 0 255
367.351 218.654 0 0 0 255
368.851 218.654 0 0 0 255
368.65 219.404 0 0 0 255
367.351 218.654 0 0 0 255
368.65 219.404 0 0 0 255
368.101 219.953 0 0 0 255
367.351 218.654 0 0 0 255
368.101 219.953 0 0 0 255
367.351 220.154 0 0 0 255
367.351 218.654 0 0 0 255
367.351 220.154 0 0 0 255
366.601 219.953 0 0 0 255
367.351 218.654 0 0 0 255
366.601 219.953 0 0 0 255
366.052 219.404 0 0 0 255
367.351 218.654 0 0 0 255
366.052 219.404 0 0 0 255
365.851 218.654 0 0 0 255
367.351 218.654 0 0 0 255
365.851 218.654 0 0 0 255
366.052 217.904 0 0 0 255
367.351 218.654 0 0 0 255
366.052 217.904 0 0 0 255
366.601 217.355 0 0 0 255
367.351 218.654 0 0 0 255
366.601 217.355 0 0 0 255
367.351 217.154 0 0 0 255
367.351 218.654 0 0 0 255
367.351 217.154 0 0 0 255
368.101 217.355 0 0 0 255
367.351 218.654 0 0 0 255
368.101 217.355 0 0 0 255
368.65 217.904 0 0 0 255
367.351 218.654 0 0 0 255
368.65 217.904 0 0 0 255
368.851 218.654 0 0 0 255
366.625 219.966 0 0 0 255
368.077 217.341 0 0 0 255
367.349 220.366 0 0 0 255
368.077 217.341 0 0 0 255
368.801 217.741 0 0 0 255
367.349 220.366 0 0 0 255
368.075 219.054 0 0 0 255
369.575 219.054 0 0 0 255
369.374 219.804 0 0 0 255
368.075 219.054 0 0 0 255
369.374 219.804 0 0 0 255
368.825 220.353 0 0 0 255
368.075 219.054 0 0 0 255
368.825 220.353 0 0 0 255
368.075 220.554 0 0 0 255
368.075 219.054 0 0 0 255
368.075 220.554 0 0 0 255
367.325 220.353 0 0 0 255
368.075 219.054 0 0 0 255
367.325 220.353 0 0 0 255
366.776 219.804 0 0 0 255
368.075 219.054 0 0 0 255
366.776 219.804 0 0 0 255
366.575 219.054 0 0 0 255
368.075 219.054 0 0 0 255
366.575 219.054 0 0 0 255
366.776 218.304 0 0 0 255
368.075 219.054 0 0 0 255
366.776 218.304 0 0 0 255
367.325 217.755 0 0 0 255
368.075 219.054 0 0 0 255
367.325 217.755 0 0 0 255
368.075 217.554 0 0 0 255
368.075 219.054 0 0 0 255
368.075 217.554 0 0 0 255
368.825 217.755 0 0 0 255
368.075 219.054 0 0 0 255
368.825 217.755 0 0 0 255
369.374 218.304 0 0 0 255
368.075 219.054 0 0 0 255
369.374 218.304 0 0 0 255
369.575 219.054 0 0 0 255
367.327 220.354 0 0 0 255
368.823 217.754 0 0 0 255
367.997 220.74 0 0 0 255
368.823 217.754 0 0 0 255
369.493 218.139 0 0 0 255
367.997 220.74 0 0 0 255
368.745 219.439 0 0 0 255
370.245 219.439 0 0 0 255
370.044 220.189 0 0 0 255
368.745 219.439 0 0 0 255
370.044 220.189 0 0 0 255
369.495 220.739 0 0 0 255
368.745 219.439 0 0 0 255
369.495 220.739 0 0 0 255
368.745 220.939 0 0 0 255
368.745 219.439 0 0 0 255
368.745 220.939 0 0 0 255
367.995 220.739 0 0 0 255
368.745 219.439 0 0 0 255
367.995 220.739 0 0 0 255
367.446 220.189 0 0 0 255
368.745 219.439 0 0 0 255
367.446 220.189 0 0 0 255
367.245 219.439 0 0 0 255
368.745 219.439 0 0 0 255
367.245 219.439 0 0 0 255
367.446 218.689 0 0 0 255
368.745 219.439 0 0 0 255
367.446 218.689 0 0 0 255
367.995 218.14 0 0 0 255
368.745 219.439 0 0 0 255
367.995 218.14 0 0 0 255
368.745 217.939 0 0 0 255
368.745 219.439 0 0 0 255
368.745 217.939 0 0 0 255
369.495 218.14 0 0 0 255
368.745 219.439 0 0 0 255
369.495 218.14 0 0 0 255
370.044 218.689 0 0 0 255
368.745 219.439 0 0 0 255
370.044 218.689 0 0 0 255
370.245 219.439 0 0 0 255
367.914 220.688 0 0 0 255
369.576 218.191 0 0 0 255
368.565 221.121 0 0 0 255
369.576 218.191 0 0 0 255
370.226 218.623 0 0 0 255
368.565 221.121 0 0 0 255
369.396 219.872 0 0 0 255
370.896 219.872 0 0 0 255
370.695 220.622 0 0 0 255
369.396 219.872 0 0 0 255
370.695 220.622 0 0 0 255
370.146 221.171 0 0 0 255
369.396 219.872 0 0 0 255
370.146 221.171 0 0 0 255
369.396 221.372 0 0 0 255
369.396 219.872 0 0 0 255
369.396 221.372 0 0 0 255
368.646 221.171 0 0 0 255
369.396 219.872 0 0 0 255
368.646 221.171 0 0 0 255
368.097 220.622 0 0 0 255
369.396 219.872 0 0 0 255
368.097 220.622 0 0 0 255
367.896 219.872 0 0 0 255
369.396 219.872 0 0 0 255
367.896 219.872 0 0 0 255
368.097 219.122 0 0 0 255
369.396 219.872 0 0 0 255
368.097 219.122 0 0 0 255
368.646 218.573 0 0 0 255
369.396 219.872 0 0 0 255
368.646 218.573 0 0 0 255
369.396 218.372 0 0 0 255
369.396 219.872 0 0 0 255
369.396 218.372 0 0 0 255
370.146 218.573 0 0 0 255
369.396 219.872 0 0 0 255
370.146 218.573 0 0 0 255
370.695 219.122 0 0 0 255
369.396 219.872 0 0 0 255
370.695 219.122 0 0 0 255
370.896 219.872 0 0 0 255
368.448 221.035 0 0 0 255
370.343 218.71 0 0 0 255
369.111 221.576 0 0 0 255
370.343 218.71 0 0 0 255
371.007 219.25 0 0 0 255
369.111 221.576 0 0 0 255
370.059 220.413 0 0 0 255
371.559 220.413 0 0 0 255
371.358 221.163 0 0 0 255
370.059 220.413 0 0 0 255
371.358 221.163 0 0 0 255
370.809 221.712 0 0 0 255
370.059 220.413 0 0 0 255
370.809 221.712 0 0 0 255
370.059 221.913 0 0 0 255
370.059 220.413 0 0 0 255
370.059 221.913 0 0 0 255
369.309 221.712 0 0 0 255
370.059 220.413 0 0 0 255
369.309 221.712 0 0 0 255
368.76 221.163 0 0 0 255
370.059 220.413 0 0 0 255
368.76 221.163 0 0 0 255
368.559 220.413 0 0 0 255
370.059 220.413 0 0 0 255
368.559 220.413 0 0 0 255
368.76 219.663 0 0 0 255
370.059 220.413 0 0 0 255
368.76 219.663 0 0 0 255
369.309 219.114 0 0 0 255
370.059 220.413 0 0 0 255
369.309 219.114 0 0 0 255
370.059 218.913 0 0 0 255
370.059 220.413 0 0 0 255
370.059 218.913 0 0 0 255
370.809 219.114 0 0 0 255
370.059 220.413 0 0 0 255
370.809 219.114 0 0 0 255
371.358 219.663 0 0 0 255
370.059 220.413 0 0 0 255
371.358 219.663 0 0 0 255
371.559 220.413 0 0 0 255
369.021 221.495 0 0 0 255
371.098 219.331 0 0 0 255
369.697 222.145 0 0 0 255
371.098 219.331 0 0 0 255
371.774 219.98 0 0 0 255
369.697 222.145 0 0 0 255
370.736 221.062 0 0 0 255
372.236 221.062 0 0 0 255
372.035 221.812 0 0 0 255
370.736 221.062 0 0 0 255
372.035 221.812 0 0 0 255
371.486 222.361 0 0 0 255
370.736 221.062 0 0 0 255
371.486 222.361 0 0 0 255
370.736 222.562 0 0 0 255
370.736 221.062 0 0 0 255
370.736 222.562 0 0 0 255
369.986 222.361 0 0 0 255
370.736 221.062 0 0 0 255
369.986 222.361 0 0 0 255
369.436 221.812 0 0 0 255
370.736 221.062 0 0 0 255
369.436 221.812 0 0 0 255
369.236 221.062 0 0 0 255
370.736 221.062 0 0 0 255
369.236 221.062 0 0 0 255
369.436 220.312 0 0 0 255
370.736 221.062 0 0 0 255
369.436 220.312 0 0 0 255
369.986 219.763 0 0 0 255
370.736 221.062 0 0 0 255
369.986 219.763 0 0 0 255
370.736 219.562 0 0 0 255
370.736 221.062 0 0 0 255
370.736 219.562 0 0 0 255
371.486 219.763 0 0 0 255
370.736 221.062 0 0 0 255
371.486 219.763 0 0 0 255
372.035 220.312 0 0 0 255
370.736 221.062 0 0 0 255
372.035 220.312 0 0 0 255
372.236 221.062 0 0 0 255
369.626 222.072 0 0 0 255
371.845 220.052 0 0 0 255
370.316 222.829 0 0 0 255
371.845 220.052 0 0 0 255
372.534 220.81 0 0 0 255
370.316 222.829 0 0 0 255
371.425 221.819 0 0 0 255
372.925 221.819 0 0 0 255
372.724 222.569 0 0 0 255
371.425 221.819 0 0 0 255
372.724 222.569 0 0 0 255
372.175 223.118 0 0 0 255
371.425 221.819 0 0 0 255
372.175 223.118 0 0 0 255
371.425 223.319 0 0 0 255
371.425 221.819 0 0 0 255
371.425 223.319 0 0 0 255
370.675 223.118 0 0 0 255
371.425 221.819 0 0 0 255
370.675 223.118 0 0 0 255
370.126 222.569 0 0 0 255
371.425 221.819 0 0 0 255
370.126 222.569 0 0 0 255
369.925 221.819 0 0 0 255
371.425 221.819 0 0 0 255
369.925 221.819 0 0 0 255
370.126 221.069 0 0 0 255
371.425 221.819 0 0 0 255
370.126 221.069 0 0 0 255
370.675 220.52 0 0 0 255
371.425 221.819 0 0 0 255
370.675 220.52 0 0 0 255
371.425 220.319 0 0 0 255
371.425 221.819 0 0 0 255
371.425 220.319 0 0 0 255
372.175 220.52 0 0 0 255
371.425 221.819 0 0 0 255
372.175 220.52 0 0 0 255
372.724 221.069 0 0 0 255
371.425 221.819 0 0 0 255
372.724 221.069 0 0 0 255
372.925 221.819 0 0 0 255
370.26 222.765 0 0 0 255
372.59 220.874 0 0 0 255
370.963 223.63 0 0 0 255
372.59 220.874 0 0 0 255
373.292 221.74 0 0 0 255
370.963 223.63 0 0 0 255
372.128 222.685 0 0 0 255
373.628 222.685 0 0 0 255
373.427 223.435 0 0 0 255
372.128 222.685 0 0 0 255
373.427 223.435 0 0 0 255
372.878 223.984 0 0 0 255
372.128 222.685 0 0 0 255
372.878 223.984 0 0 0 255
372.128 224.185 0 0 0 255
372.128 222.685 0 0 0 255
372.128 224.185 0 0 0 255
371.378 223.984 0 0 0 255
372.128 222.685 0 0 0 255
371.378 223.984 0 0 0 255
370.828 223.435 0 0 0 255
372.128 222.685 0 0 0 255
370.828 223.435 0 0 0 255
370.628 222.685 0 0 0 255
372.128 222.685 0 0 0 255
370.628 222.685 0 0 0 255
370.828 221.935 0 0 0 255
372.128 222.685 0 0 0 255
370.828 221.935 0 0 0 255
371.378 221.386 0 0 0 255
372.128 222.685 0 0 0 255
371.378 221.386 0 0 0 255
372.128 221.185 0 0 0 255
372.128 222.685 0 0 0 255
372.128 221.185 0 0 0 255
372.878 221.386 0 0 0 255
372.128 222.685 0 0 0 255
372.878 221.386 0 0 0 255
373.427 221.935 0 0 0 255
372.128 222.685 0 0 0 255
373.427 221.935 0 0 0 255
373.628 222.685 0 0 0 255
370.919 223.573 0 0 0 255
373.336 221.797 0 0 0 255
371.634 224.547 0 0 0 255
373.336 221.797 0 0 0 255
374.052 222.77 0 0 0 255
371.634 224.547 0 0 0 255
372.843 223.659 0 0 0 255
374.343 223.659 0 0 0 255
374.142 224.409 0 0 0 255
372.843 223.659 0 0 0 255
374.142 224.409 0 0 0 255
373.593 224.958 0 0 0 255
372.843 223.659 0 0 0 255
373.593 224.958 0 0 0 255
372.843 225.159 0 0 0 255
372.843 223.659 0 0 0 255
372.843 225.159 0 0 0 255
372.093 224.958 0 0 0 255
372.843 223.659 0 0 0 255
372.093 224.958 0 0 0 255
371.544 224.409 0 0 0 255
372.843 223.659 0 0 0 255
371.544 224.409 0 0 0 255
371.343 223.659 0 0 0 255
372.843 223.659 0 0 0 255
371.343 223.659 0 0 0 255
371.544 222.909 0 0 0 255
372.843 223.659 0 0 0 255
371.544 222.909 0 0 0 255
372.093 222.36 0 0 0 255
372.843 223.659 0 0 0 255
372.093 222.36 0 0 0 255
372.843 222.159 0 0 0 255
372.843 223.659 0 0 0 255
372.843 222.159 0 0 0 255
373.593 222.36 0 0 0 255
372.843 223.659 0 0 0 255
373.593 222.36 0 0 0 255
374.142 222.909 0 0 0 255
372.843 223.659 0 0 0 255
374.142 222.909 0 0 0 255
374.343 223.659 0 0 0 255
371.617 224.523 0 0 0 255
374.069 222.794 0 0 0 255
372.358 225.575 0 0 0 255
374.069 222.794 0 0 0 255
374.811 223.847 0 0 0 255
372.358 225.575 0 0 0 255
373.585 224.711 0 0 0 255
375.085 224.711 0 0 0 255
374.884 225.461 0 0 0 255
373.585 224.711 0 0 0 255
374.884 225.461 0 0 0 255
374.335 226.01 0 0 0 255
373.585 224.711 0 0 0 255
374.335 226.01 0 0 0 255
373.585 226.211 0 0 0 255
373.585 224.711 0 0 0 255
373.585 226.211 0 0 0 255
372.835 226.01 0 0 0 255
373.585 224.711 0 0 0 255
372.835 226.01 0 0 0 255
372.286 225.461 0 0 0 255
373.585 224.711 0 0 0 255
372.286 225.461 0 0 0 255
372.085 224.711 0 0 0 255
373.585 224.711 0 0 0 255
372.085 224.711 0 0 0 255
372.286 223.961 0 0 0 255
373.585 224.711 0 0 0 255
372.286 223.961 0 0 0 255
372.835 223.412 0 0 0 255
373.585 224.711 0 0 0 255
372.835 223.412 0 0 0 255
373.585 223.211 0 0 0 255
373.585 224.711 0 0 0 255
373.585 223.211 0 0 0 255
374.335 223.412 0 0 0 255
373.585 224.711 0 0 0 255
374.335 223.412 0 0 0 255
374.884 223.961 0 0 0 255
373.585 224.711 0 0 0 255
374.884 223.961 0 0 0 255
375.085 224.711 0 0 0 255
372.361 225.578 0 0 0 255
374.808 223.843 0 0 0 255
373.141 226.68 0 0 0 255
374.808 223.843 0 0 0 255
375.589 224.945 0 0 0 255
373.141 226.68 0 0 0 255
374.365 225.812 0 0 0 255
375.865 225.812 0 0 0 255
375.664 226.562 0 0 0 255
374.365 225.812 0 0 0 255
375.664 226.562 0 0 0 255
375.115 227.111 0 0 0 255
374.365 225.812 0 0 0 255
375.115 227.111 0 0 0 255
374.365 227.312 0 0 0 255
374.365 225.812 0 0 0 255
374.365 227.312 0 0 0 255
373.615 227.111 0 0 0 255
374.365 225.812 0 0 0 255
373.615 227.111 0 0 0 255
373.066 226.562 0 0 0 255
374.365 225.812 0 0 0 255
373.066 226.562 0 0 0 255
372.865 225.812 0 0 0 255
374.365 225.812 0 0 0 255
372.865 225.812 0 0 0 255
373.066 225.062 0 0 0 255
374.365 225.812 0 0 0 255
373.066 225.062 0 0 0 255
373.615 224.513 0 0 0 255
374.365 225.812 0 0 0 255
373.615 224.513 0 0 0 255
374.365 224.312 0 0 0 255
374.365 225.812 0 0 0 255
374.365 224.312 0 0 0 255
375.115 224.513 0 0 0 255
374.365 225.812 0 0 0 255
375.115 224.513 0 0 0 255
375.664 225.062 0 0 0 255
374.365 225.812 0 0 0 255
375.664 225.062 0 0 0 255
375.865 225.812 0 0 0 255
373.144 226.683 0 0 0 255
375.587 224.942 0 0 0 255
373.963 227.833 0 0 0 255
375.587 224.942 0 0 0 255
376.406 226.092 0 0 0 255
373.963 227.833 0 0 0 255
375.185 226.962 0 0 0 255
376.685 226.962 0 0 0 255
376.484 227.712 0 0 0 255
375.185 226.962 0 0 0 255
376.484 227.712 0 0 0 255
375.935 228.262 0 0 0 255
375.185 226.962 0 0 0 255
375.935 228.262 0 0 0 255
375.185 228.462 0 0 0 255
375.185 226.962 0 0 0 255
375.185 228.462 0 0 0 255
374.435 228.262 0 0 0 255
375.185 226.962 0 0 0 255
374.435 228.262 0 0 0 255
373.886 227.712 0 0 0 255
375.185 226.962 0 0 0 255
373.886 227.712 0 0 0 255
373.685 226.962 0 0 0 255
375.185 226.962 0 0 0 255
373.685 226.962 0 0 0 255
373.886 226.212 0 0 0 255
375.185 226.962 0 0 0 255
373.886 226.212 0 0 0 255
374.435 225.663 0 0 0 255
375.185 226.962 0 0 0 255
374.435 225.663 0 0 0 255
375.185 225.462 0 0 0 255
375.185 226.962 0 0 0 255
375.185 225.462 0 0 0 255
375.935 225.663 0 0 0 255
375.185 226.962 0 0 0 255
375.935 225.663 0 0 0 255
376.484 226.212 0 0 0 255
375.185 226.962 0 0 0 255
376.484 226.212 0 0 0 255
376.685 226.962 0 0 0 255
373.965 227.836 0 0 0 255
376.405 226.089 0 0 0 255
374.824 229.035 0 0 0 255
376.405 226.089 0 0 0 255
377.263 227.288 0 0 0 255
374.824 229.035 0 0 0 255
376.044 228.162 0 0 0 255
377.544 228.162 0 0 0 255
377.343 228.912 0 0 0 255
376.044 228.162 0 0 0 255
377.343 228.912 0 0 0 255
376.794 229.461 0 0 0 255
376.044 228.162 0 0 0 255
376.794 229.461 0 0 0 255
376.044 229.662 0 0 0 255
376.044 228.162 0 0 0 255
376.044 229.662 0 0 0 255
375.294 229.461 0 0 0 255
376.044 228.162 0 0 0 255
375.294 229.461 0 0 0 255
374.745 228.912 0 0 0 255
376.044 228.162 0 0 0 255
374.745 228.912 0 0 0 255
374.544 228.162 0 0 0 255
376.044 228.162 0 0 0 255
374.544 228.162 0 0 0 255
374.745 227.412 0 0 0 255
376.044 228.162 0 0 0 255
374.745 227.412 0 0 0 255
375.294 226.863 0 0 0 255
376.044 228.162 0 0 0 255
375.294 226.863 0 0 0 255
376.044 226.662 0 0 0 255
376.044 228.162 0 0 0 255
376.044 226.662 0 0 0 255
376.794 226.863 0 0 0 255
376.044 228.162 0 0 0 255
376.794 226.863 0 0 0 255
377.343 227.412 0 0 0 255
376.044 228.162 0 0 0 255
377.343 227.412 0 0 0 255
377.544 228.162 0 0 0 255
374.826 229.038 0 0 0 255
377.261 227.286 0 0 0 255
375.724 230.286 0 0 0 255
377.261 227.286 0 0 0 255
378.159 228.534 0 0 0 255
375.724 230.286 0 0 0 255
376.942 229.41 0 0 0 255
378.442 229.41 0 0 0 255
378.241 230.16 0 0 0 255
376.942 229.41 0 0 0 255
378.241 230.16 0 0 0 255
377.692 230.709 0 0 0 255
376.942 229.41 0 0 0 255
377.692 230.709 0 0 0 255
376.942 230.91 0 0 0 255
376.942 229.41 0 0 0 255
376.942 230.91 0 0 0 255
376.192 230.709 0 0 0 255
376.942 229.41 0 0 0 255
376.192 230.709 0 0 0 255
375.643 230.16 0 0 0 255
376.942 229.41 0 0 0 255
375.643 230.16 0 0 0 255
375.442 229.41 0 0 0 255
376.942 229.41 0 0 0 255
375.442 229.41 0 0 0 255
375.643 228.66 0 0 0 255
376.942 229.41 0 0 0 255
375.643 228.66 0 0 0 255
376.192 228.111 0 0 0 255
376.942 229.41 0 0 0 255
376.192 228.111 0 0 0 255
376.942 227.91 0 0 0 255
376.942 229.41 0 0 0 255
376.942 227.91 0 0 0 255
377.692 228.111 0 0 0 255
376.942 229.41 0 0 0 255
377.692 228.111 0 0 0 255
378.241 228.66 0 0 0 255
376.942 229.41 0 0 0 255
378.241 228.66 0 0 0 255
378.442 229.41 0 0 0 255
375.726 230.288 0 0 0 255
378.158 228.532 0 0 0 255
376.663 231.586 0 0 0 255
378.158 228.532 0 0 0 255
379.095 229.829 0 0 0 255
376.663 231.586 0 0 0 255
377.879 230.708 0 0 0 255
379.379 230.708 0 0 0 255
379.178 231.458 0 0 0 255
377.879 230.708 0 0 0 255
379.178 231.458 0 0 0 255
378.629 232.007 0 0 0 255
377.879 230.708 0 0 0 255
378.629 232.007 0 0 0 255
377.879 232.208 0 0 0 255
377.879 230.708 0 0 0 255
377.879 232.208 0 0 0 255
377.129 232.007 0 0 0 255
377.879 230.708 0 0 0 255
377.129 232.007 0 0 0 255
376.58 231.458 0 0 0 255
377.879 230.708 0 0 0 255
376.58 231.458 0 0 0 255
376.379 230.708 0 0 0 255
377.879 230.708 0 0 0 255
376.379 230.708 0 0 0 255
376.58 229.958 0 0 0 255
377.879 230.708 0 0 0 255
376.58 229.958 0 0 0 255
377.129 229.409 0 0 0 255
377.879 230.708 0 0 0 255
377.129 229.409 0 0 0 255
377.879 229.208 0 0 0 255
377.879 230.708 0 0 0 255
377.879 229.208 0 0 0 255
378.629 229.409 0 0 0 255
377.879 230.708 0 0 0 255
378.629 229.409 0 0 0 255
379.178 229.958 0 0 0 255
377.879 230.708 0 0 0 255
379.178 229.958 0 0 0 255
379.379 230.708 0 0 0 255
376.684 231.614 0 0 0 255
379.074 229.801 0 0 0 255
377.687 232.937 0 0 0 255
379.074 229.801 0 0 0 255
380.077 231.124 0 0 0 255
377.687 232.937 0 0 0 255
378.882 232.03 0 0 0 255
380.382 232.03 0 0 0 255
380.181 232.78 0 0 0 255
378.882 232.03 0 0 0 255
380.181 232.78 0 0 0 255
379.632 233.329 0 0 0 255
378.882 232.03 0 0 0 255
379.632 233.329 0 0 0 255
378.882 233.53 0 0 0 255
378.882 232.03 0 0 0 255
378.882 233.53 0 0 0 255
378.132 233.329 0 0 0 255
378.882 232.03 0 0 0 255
378.132 233.329 0 0 0 255
377.583 232.78 0 0 0 255
378.882 232.03 0 0 0 255
377.583 232.78 0 0 0 255
377.382 232.03 0 0 0 255
378.882 232.03 0 0 0 255
377.382 232.03 0 0 0 255
377.583 231.28 0 0 0 255
378.882 232.03 0 0 0 255
377.583 231.28 0 0 0 255
378.132 230.731 0 0 0 255
378.882 232.03 0 0 0 255
378.132 230.731 0 0 0 255
378.882 230.53 0 0 0 255
378.882 232.03 0 0 0 255
378.882 230.53 0 0 0 255
379.632 230.731 0 0 0 255
378.882 232.03 0 0 0 255
379.632 230.731 0 0 0 255
380.181 231.28 0 0 0 255
378.882 232.03 0 0 0 255
380.181 231.28 0 0 0 255
380.382 232.03 0 0 0 255
377.726 232.987 0 0 0 255
380.037 231.074 0 0 0 255
378.822 234.311 0 0 0 255
380.037 231.074 0 0 0 255
381.133 232.398 0 0 0 255
378.822 234.311 0 0 0 255
379.978 233.354 0 0 0 255
381.478 233.354 0 0 0 255
381.277 234.104 0 0 0 255
379.978 233.354 0 0 0 255
381.277 234.104 0 0 0 255
380.728 234.653 0 0 0 255
379.978 233.354 0 0 0 255
380.728 234.653 0 0 0 255
379.978 234.854 0 0 0 255
379.978 233.354 0 0 0 255
379.978 234.854 0 0 0 255
379.228 234.653 0 0 0 255
379.978 233.354 0 0 0 255
379.228 234.653 0 0 0 255
378.679 234.104 0 0 0 255
379.978 233.354 0 0 0 255
378.679 234.104 0 0 0 255
378.478 233.354 0 0 0 255
379.978 233.354 0 0 0 255
378.478 233.354 0 0 0 255
378.679 232.604 0 0 0 255
379.978 233.354 0 0 0 255
378.679 232.604 0 0 0 255
379.228 232.055 0 0 0 255
379.978 233.354 0 0 0 255
379.228 232.055 0 0 0 255
379.978 231.854 0 0 0 255
379.978 233.354 0 0 0 255
379.978 231.854 0 0 0 255
380.728 232.055 0 0 0 255
379.978 233.354 0 0 0 255
380.728 232.055 0 0 0 255
381.277 232.604 0 0 0 255
379.978 233.354 0 0 0 255
381.277 232.604 0 0 0 255
381.478 233.354 0 0 0 255
378.861 234.356 0 0 0 255
381.094 232.352 0 0 0 255
380.05 235.681 0 0 0 255
381.094 232.352 0 0 0 255
382.283 233.678 0 0 0 255
380.05 235.681 0 0 0 255
381.167 234.679 0 0 0 255
382.667 234.679 0 0 0 255
382.466 235.429 0 0 0 255
381.167 234.679 0 0 0 255
382.466 235.429 0 0 0 255
381.917 235.979 0 0 0 255
381.167 234.679 0 0 0 255
381.917 235.979 0 0 0 255
381.167 236.179 0 0 0 255
381.167 234.679 0 0 0 255
381.167 236.179 0 0 0 255
380.417 235.979 0 0 0 255
381.167 234.679 0 0 0 255
380.417 235.979 0 0 0 255
379.868 235.429 0 0 0 255
381.167 234.679 0 0 0 255
379.868 235.429 0 0 0 255
379.667 234.679 0 0 0 255
381.167 234.679 0 0 0 255
379.667 234.679 0 0 0 255
379.868 233.929 0 0 0 255
381.167 234.679 0 0 0 255
379.868 233.929 0 0 0 255
380.417 233.38 0 0 0 255
381.167 234.679 0 0 0 255
380.417 233.38 0 0 0 255
381.167 233.179 0 0 0 255
381.167 234.679 0 0 0 255
381.167 233.179 0 0 0 255
381.917 233.38 0 0 0 255
381.167 234.679 0 0 0 255
381.917 233.38 0 0 0 255
382.466 233.929 0 0 0 255
381.167 234.679 0 0 0 255
382.466 233.929 0 0 0 255
382.667 234.679 0 0 0 255
380.088 235.722 0 0 0 255
382.245 233.637 0 0 0 255
381.37 237.048 0 0 0 255
382.245 233.637 0 0 0 255
383.527 234.964 0 0 0 255
381.37 237.048 0 0 0 255
382.449 236.006 0 0 0 255
383.949 236.006 0 0 0 255
383.748 236.756 0 0 0 255
382.449 236.006 0 0 0 255
383.748 236.756 0 0 0 255
383.199 237.305 0 0 0 255
382.449 236.006 0 0 0 255
383.199 237.305 0 0 0 255
382.449 237.506 0 0 0 255
382.449 236.006 0 0 0 255
382.449 237.506 0 0 0 255
381.699 237.305 0 0 0 255
382.449 236.006 0 0 0 255
381.699 237.305 0 0 0 255
381.15 236.756 0 0 0 255
382.449 236.006 0 0 0 255
381.15 236.756 0 0 0 255
380.949 236.006 0 0 0 255
382.449 236.006 0 0 0 255
380.949 236.006 0 0 0 255
381.15 235.256 0 0 0 255
382.449 236.006 0 0 0 255
381.15 235.256 0 0 0 255
381.699 234.707 0 0 0 255
382.449 236.006 0 0 0 255
381.699 234.707 0 0 0 255
382.449 234.506 0 0 0 255
382.449 236.006 0 0 0 255
382.449 234.506 0 0 0 255
383.199 234.707 0 0 0 255
382.449 236.006 0 0 0 255
383.199 234.707 0 0 0 255
383.748 235.256 0 0 0 255
382.449 236.006 0 0 0 255
383.748 235.256 0 0 0 255
383.949 236.006 0 0 0 255
381.406 237.085 0 0 0 255
383.491 234.927 0 0 0 255
382.781 238.413 0 0 0 255
383.491 234.927 0 0 0 255
384.866 236.255 0 0 0 255
382.781 238.413 0 0 0 255
383.824 237.334 0 0 0 255
385.324 237.334 0 0 0 255
385.123 238.084 0 0 0 255
383.824 237.334 0 0 0 255
385.123 238.084 0 0 0 255
384.574 238.633 0 0 0 255
383.824 237.334 0 0 0 255
384.574 238.633 0 0 0 255
383.824 238.834 0 0 0 255
383.824 237.334 0 0 0 255
383.824 238.834 0 0 0 255
383.074 238.633 0 0 0 255
383.824 237.334 0 0 0 255
383.074 238.633 0 0 0 255
382.524 238.084 0 0 0 255
383.824 237.334 0 0 0 255
382.524 238.084 0 0 0 255
382.324 237.334 0 0 0 255
383.824 237.334 0 0 0 255
382.324 237.334 0 0 0 255
382.524 236.584 0 0 0 255
383.824 237.334 0 0 0 255
382.524 236.584 0 0 0 255
383.074 236.035 0 0 0 255
383.824 237.334 0 0 0 255
383.074 236.035 0 0 0 255
383.824 235.834 0 0 0 255
383.824 237.334 0 0 0 255
383.824 235.834 0 0 0 255
384.574 236.035 0 0 0 255
383.824 237.334 0 0 0 255
384.574 236.035 0 0 0 255
385.123 236.584 0 0 0 255
383.824 237.334 0 0 0 255
385.123 236.584 0 0 0 255
385.324 237.334 0 0 0 255
382.817 238.446 0 0 0 255
384.831 236.223 0 0 0 255
384.284 239.776 0 0 0 255
384.831 236.223 0 0 0 255
386.298 237.552 0 0 0 255
384.284 239.776 0 0 0 255
385.291 238.664 0 0 0 255
386.791 238.664 0 0 0 255
386.59 239.414 0 0 0 255
385.291 238.664 0 0 0 255
386.59 239.414 0 0 0 255
386.041 239.963 0 0 0 255
385.291 238.664 0 0 0 255
386.041 239.963 0 0 0 255
385.291 240.164 0 0 0 255
385.291 238.664 0 0 0 255
385.291 240.164 0 0 0 255
384.541 239.963 0 0 0 255
385.291 238.664 0 0 0 255
384.541 239.963 0 0 0 255
383.992 239.414 0 0 0 255
385.291 238.664 0 0 0 255
383.992 239.414 0 0 0 255
383.791 238.664 0 0 0 255
385.291 238.664 0 0 0 255
383.791 238.664 0 0 0 255
383.992 237.914 0 0 0 255
385.291 238.664 0 0 0 255
383.992 237.914 0 0 0 255
384.541 237.365 0 0 0 255
385.291 238.664 0 0 0 255
384.541 237.365 0 0 0 255
385.291 237.164 0 0 0 255
385.291 238.664 0 0 0 255
385.291 237.164 0 0 0 255
386.041 237.365 0 0 0 255
385.291 238.664 0 0 0 255
386.041 237.365 0 0 0 255
386.59 237.914 0 0 0 255
385.291 238.664 0 0 0 255
386.59 237.914 0 0 0 255
386.791 238.664 0 0 0 255
384.325 239.811 0 0 0 255
386.258 237.517 0 0 0 255
385.927 241.16 0 0 0 255
386.258 237.517 0 0 0 255
387.86 238.866 0 0 0 255
385.927 241.16 0 0 0 255
386.893 240.013 0 0 0 255
388.393 240.013 0 0 0 255
388.192 240.763 0 0 0 255
386.893 240.013 0 0 0 255
388.192 240.763 0 0 0 255
387.643 241.312 0 0 0 255
386.893 240.013 0 0 0 255
387.643 241.312 0 0 0 255
386.893 241.513 0 0 0 255
386.893 240.013 0 0 0 255
386.893 241.513 0 0 0 255
386.143 241.312 0 0 0 255
386.893 240.013 0 0 0 255
386.143 241.312 0 0 0 255
385.594 240.763 0 0 0 255
386.893 240.013 0 0 0 255
385.594 240.763 0 0 0 255
385.393 240.013 0 0 0 255
386.893 240.013 0 0 0 255
385.393 240.013 0 0 0 255
385.594 239.263 0 0 0 255
386.893 240.013 0 0 0 255
385.594 239.263 0 0 0 255
386.143 238.714 0 0 0 255
386.893 240.013 0 0 0 255
386.143 238.714 0 0 0 255
386.893 238.513 0 0 0 255
386.893 240.013 0 0 0 255
386.893 238.513 0 0 0 255
387.643 238.714 0 0 0 255
386.893 240.013 0 0 0 255
387.643 238.714 0 0 0 255
388.192 239.263 0 0 0 255
386.893 240.013 0 0 0 255
388.192 239.263 0 0 0 255
388.393 240.013 0 0 0 255
385.97 241.195 0 0 0 255
387.816 238.831 0 0 0 255
387.747 242.583 0 0 0 255
387.816 238.831 0 0 0 255
389.593 240.219 0 0 0 255
387.747 242.583 0 0 0 255
388.67 241.401 0 0 0 255
390.17 241.401 0 0 0 255
389.969 242.151 0 0 0 255
388.67 241.401 0 0 0 255
389.969 242.151 0 0 0 255
389.42 242.7 0 0 0 255
388.67 241.401 0 0 0 255
389.42 242.7 0 0 0 255
388.67 242.901 0 0 0 255
388.67 241.401 0 0 0 255
388.67 242.901 0 0 0 255
387.92 242.7 0 0 0 255
388.67 241.401 0 0 0 255
387.92 242.7 0 0 0 255
387.371 242.151 0 0 0 255
388.67 241.401 0 0 0 255
387.371 242.151 0 0 0 255
387.17 241.401 0 0 0 255
388.67 241.401 0 0 0 255
387.17 241.401 0 0 0 255
387.371 240.651 0 0 0 255
388.67 241.401 0 0 0 255
387.371 240.651 0 0 0 255
387.92 240.102 0 0 0 255
388.67 241.401 0 0 0 255
387.92 240.102 0 0 0 255
388.67 239.901 0 0 0 255
388.67 241.401 0 0 0 255
388.67 239.901 0 0 0 255
389.42 240.102 0 0 0 255
388.67 241.401 0 0 0 255
389.42 240.102 0 0 0 255
389.969 240.651 0 0 0 255
388.67 241.401 0 0 0 255
389.969 240.651 0 0 0 255
390.17 241.401 0 0 0 255
387.785 242.612 0 0 0 255
389.555 240.19 0 0 0 255
389.737 244.038 0 0 0 255
389.555 240.19 0 0 0 255
391.507 241.616 0 0 0 255
389.737 244.038 0 0 0 255
390.622 242.827 0 0 0 255
392.122 242.827 0 0 0 255
391.921 243.577 0 0 0 255
390.622 242.827 0 0 0 255
391.921 243.577 0 0 0 255
391.372 244.126 0 0 0 255
390.622 242.827 0 0 0 255
391.372 244.126 0 0 0 255
390.622 244.327 0 0 0 255
390.622 242.827 0 0 0 255
390.622 244.327 0 0 0 255
389.872 244.126 0 0 0 255
390.622 242.827 0 0 0 255
389.872 244.126 0 0 0 255
389.323 243.577 0 0 0 255
390.622 242.827 0 0 0 255
389.323 243.577 0 0 0 255
389.122 242.827 0 0 0 255
390.622 242.827 0 0 0 255
389.122 242.827 0 0 0 255
389.323 242.077 0 0 0 255
390.622 242.827 0 0 0 255
389.323 242.077 0 0 0 255
389.872 241.528 0 0 0 255
390.622 242.827 0 0 0 255
389.872 241.528 0 0 0 255
390.622 241.327 0 0 0 255
390.622 242.827 0 0 0 255
390.622 241.327 0 0 0 255
391.372 241.528 0 0 0 255
390.622 242.827 0 0 0 255
391.372 241.528 0 0 0 255
391.921 242.077 0 0 0 255
390.622 242.827 0 0 0 255
391.921 242.077 0 0 0 255
392.122 242.827 0 0 0 255
389.771 244.062 0 0 0 255
391.473 241.591 0 0 0 255
391.898 245.527 0 0 0 255
391.473 241.591 0 0 0 255
393.6 243.056 0 0 0 255
391.898 245.527 0 0 0 255
392.749 244.291 0 0 0 255
394.249 244.291 0 0 0 255
394.048 245.041 0 0 0 255
392.749 244.291 0 0 0 255
394.048 245.041 0 0 0 255
393.499 245.59 0 0 0 255
392.749 244.291 0 0 0 255
393.499 245.59 0 0 0 255
392.749 245.791 0 0 0 255
392.749 244.291 0 0 0 255
392.749 245.791 0 0 0 255
391.999 245.59 0 0 0 255
392.749 244.291 0 0 0 255
391.999 245.59 0 0 0 255
391.45 245.041 0 0 0 255
392.749 244.291 0 0 0 255
391.45 245.041 0 0 0 255
391.249 244.291 0 0 0 255
392.749 244.291 0 0 0 255
391.249 244.291 0 0 0 255
391.45 243.541 0 0 0 255
392.749 244.291 0 0 0 255
391.45 243.541 0 0 0 255
391.999 242.992 0 0 0 255
392.749 244.291 0 0 0 255
391.999 242.992 0 0 0 255
392.749 242.791 0 0 0 255
392.749 244.291 0 0 0 255
392.749 242.791 0 0 0 255
393.499 242.992 0 0 0 255
392.749 244.291 0 0 0 255
393.499 242.992 0 0 0 255
394.048 243.541 0 0 0 255
392.749 244.291 0 0 0 255
394.048 243.541 0 0 0 255
394.249 244.291 0 0 0 255
391.929 245.547 0 0 0 255
393.569 243.035 0 0 0 255
394.231 247.05 0 0 0 255
393.569 243.035 0 0 0 255
395.871 244.538 0 0 0 255
394.231 247.05 0 0 0 255
395.051 245.794 0 0 0 255
396.551 245.794 0 0 0 255
396.35 246.544 0 0 0 255
395.051 245.794 0 0 0 255
396.35 246.544 0 0 0 255
395.801 247.093 0 0 0 255
395.051 245.794 0 0 0 255
395.801 247.093 0 0 0 255
395.051 247.294 0 0 0 255
395.051 245.794 0 0 0 255
395.051 247.294 0 0 0 255
394.301 247.093 0 0 0 255
395.051 245.794 0 0 0 255
394.301 247.093 0 0 0 255
393.752 246.544 0 0 0 255
395.051 245.794 0 0 0 255
393.752 246.544 0 0 0 255
393.551 245.794 0 0 0 255
395.051 245.794 0 0 0 255
393.551 245.794 0 0 0 255
393.752 245.044 0 0 0 255
395.051 245.794 0 0 0 255
393.752 245.044 0 0 0 255
394.301 244.495 0 0 0 255
395.051 245.794 0 0 0 255
394.301 244.495 0 0 0 255
395.051 244.294 0 0 0 255
395.051 245.794 0 0 0 255
395.051 244.294 0 0 0 255
395.801 244.495 0 0 0 255
395.051 245.794 0 0 0 255
395.801 244.495 0 0 0 255
396.35 245.044 0 0 0 255
395.051 245.794 0 0 0 255
396.35 245.044 0 0 0 255
396.551 245.794 0 0 0 255
394.259 247.068 0 0 0 255
395.844 244.521 0 0 0 255
396.736 248.609 0 0 0 255
395.844 244.521 0 0 0 255
398.321 246.062 0 0 0 255
396.736 248.609 0 0 0 255
397.528 247.335 0 0 0 255
399.028 247.335 0 0 0 255
398.827 248.085 0 0 0 255
397.528 247.335 0 0 0 255
398.827 248.085 0 0 0 255
398.278 248.634 0 0 0 255
397.528 247.335 0 0 0 255
398.278 248.634 0 0 0 255
397.528 248.835 0 0 0 255
397.528 247.335 0 0 0 255
397.528 248.835 0 0 0 255
396.778 248.634 0 0 0 255
397.528 247.335 0 0 0 255
396.778 248.634 0 0 0 255
396.229 248.085 0 0 0 255
397.528 247.335 0 0 0 255
396.229 248.085 0 0 0 255
396.028 247.335 0 0 0 255
397.528 247.335 0 0 0 255
396.028 247.335 0 0 0 255
396.229 246.585 0 0 0 255
397.528 247.335 0 0 0 255
396.229 246.585 0 0 0 255
396.778 246.036 0 0 0 255
397.528 247.335 0 0 0 255
396.778 246.036 0 0 0 255
397.528 245.835 0 0 0 255
397.528 247.335 0 0 0 255
397.528 245.835 0 0 0 255
398.278 246.036 0 0 0 255
397.528 247.335 0 0 0 255
398.278 246.036 0 0 0 255
398.827 246.585 0 0 0 255
397.528 247.335 0 0 0 255
398.827 246.585 0 0 0 255
399.028 247.335 0 0 0 255
396.795 248.644 0 0 0 255
398.262 246.027 0 0 0 255
399.552 250.188 0 0 0 255
398.262 246.027 0 0 0 255
401.018 247.571 0 0 0 255
399.552 250.188 0 0 0 255
400.285 248.879 0 0 0 255
401.785 248.879 0 0 0 255
401.584 249.629 0 0 0 255
400.285 248.879 0 0 0 255
401.584 249.629 0 0 0 255
401.035 250.178 0 0 0 255
400.285 248.879 0 0 0 255
401.035 250.178 0 0 0 255
400.285 250.379 0 0 0 255
400.285 248.879 0 0 0 255
400.285 250.379 0 0 0 255
399.535 250.178 0 0 0 255
400.285 248.879 0 0 0 255
399.535 250.178 0 0 0 255
398.986 249.629 0 0 0 255
400.285 248.879 0 0 0 255
398.986 249.629 0 0 0 255
398.785 248.879 0 0 0 255
400.285 248.879 0 0 0 255
398.785 248.879 0 0 0 255
398.986 248.129 0 0 0 255
400.285 248.879 0 0 0 255
398.986 248.129 0 0 0 255
399.535 247.58 0 0 0 255
400.285 248.879 0 0 0 255
399.535 247.58 0 0 0 255
400.285 247.379 0 0 0 255
400.285 248.879 0 0 0 255
400.285 247.379 0 0 0 255
401.035 247.58 0 0 0 255
400.285 248.879 0 0 0 255
401.035 247.58 0 0 0 255
401.584 248.129 0 0 0 255
400.285 248.879 0 0 0 255
401.584 248.129 0 0 0 255
401.785 248.879 0 0 0 255
399.634 250.231 0 0 0 255
400.935 247.528 0 0 0 255
402.774 251.742 0 0 0 255
400.935 247.528 0 0 0 255
404.075 249.039 0 0 0 255
402.774 251.742 0 0 0 255
403.424 250.391 0 0 0 255
404.924 250.391 0 0 0 255
404.723 251.141 0 0 0 255
403.424 250.391 0 0 0 255
404.723 251.141 0 0 0 255
404.174 251.69 0 0 0 255
403.424 250.391 0 0 0 255
404.174 251.69 0 0 0 255
403.424 251.891 0 0 0 255
403.424 250.391 0 0 0 255
403.424 251.891 0 0 0 255
402.674 251.69 0 0 0 255
403.424 250.391 0 0 0 255
402.674 251.69 0 0 0 255
402.125 251.141 0 0 0 255
403.424 250.391 0 0 0 255
402.125 251.141 0 0 0 255
401.924 250.391 0 0 0 255
403.424 250.391 0 0 0 255
401.924 250.391 0 0 0 255
402.125 249.641 0 0 0 255
403.424 250.391 0 0 0 255
402.125 249.641 0 0 0 255
402.674 249.092 0 0 0 255
403.424 250.391 0 0 0 255
402.674 249.092 0 0 0 255
403.424 248.891 0 0 0 255
403.424 250.391 0 0 0 255
403.424 248.891 0 0 0 255
404.174 249.092 0 0 0 255
403.424 250.391 0 0 0 255
404.174 249.092 0 0 0 255
404.723 249.641 0 0 0 255
403.424 250.391 0 0 0 255
404.723 249.641 0 0 0 255
404.924 250.391 0 0 0 255
402.844 251.774 0 0 0 255
404.005 249.008 0 0 0 255
406.367 253.252 0 0 0 255
404.005 249.008 0 0 0 255
407.528 250.486 0 0 0 255
406.367 253.252 0 0 0 255
406.947 251.869 0 0 0 255
408.447 251.869 0 0 0 255
408.246 252.619 0 0 0 255
406.947 251.869 0 0 0 255
408.246 252.619 0 0 0 255
407.697 253.168 0 0 0 255
406.947 251.869 0 0 0 255
407.697 253.168 0 0 0 255
406.947 253.369 0 0 0 255
406.947 251.869 0 0 0 255
406.947 253.369 0 0 0 255
406.197 253.168 0 0 0 255
406.947 251.869 0 0 0 255
406.197 253.168 0 0 0 255
405.648 252.619 0 0 0 255
406.947 251.869 0 0 0 255
405.648 252.619 0 0 0 255
405.447 251.869 0 0 0 255
406.947 251.869 0 0 0 255
405.447 251.869 0 0 0 255
405.648 251.119 0 0 0 255
406.947 251.869 0 0 0 255
405.648 251.119 0 0 0 255
406.197 250.57 0 0 0 255
406.947 251.869 0 0 0 255
406.197 250.57 0 0 0 255
406.947 250.369 0 0 0 255
406.947 251.869 0 0 0 255
406.947 250.369 0 0 0 255
407.697 250.57 0 0 0 255
406.947 251.869 0 0 0 255
407.697 250.57 0 0 0 255
408.246 251.119 0 0 0 255
406.947 251.869 0 0 0 255
408.246 251.119 0 0 0 255
408.447 251.869 0 0 0 255
406.426 253.276 0 0 0 255
407.468 250.462 0 0 0 255
410.332 254.722 0 0 0 255
407.468 250.462 0 0 0 255
411.374 251.908 0 0 0 255
410.332 254.722 0 0 0 255
410.853 253.315 0 0 0 255
412.353 253.315 0 0 0 255
412.152 254.065 0 0 0 255
410.853 253.315 0 0 0 255
412.152 254.065 0 0 0 255
411.603 254.614 0 0 0 255
410.853 253.315 0 0 0 255
411.603 254.614 0 0 0 255
410.853 254.815 0 0 0 255
410.853 253.315 0 0 0 255
410.853 254.815 0 0 0 255
410.103 254.614 0 0 0 255
410.853 253.315 0 0 0 255
410.103 254.614 0 0 0 255
409.554 254.065 0 0 0 255
410.853 253.315 0 0 0 255
409.554 254.065 0 0 0 255
409.353 253.315 0 0 0 255
410.853 253.315 0 0 0 255
409.353 253.315 0 0 0 255
409.554 252.565 0 0 0 255
410.853 253.315 0 0 0 255
409.554 252.565 0 0 0 255
410.103 252.016 0 0 0 255
410.853 253.315 0 0 0 255
410.103 252.016 0 0 0 255
410.853 251.815 0 0 0 255
410.853 253.315 0 0 0 255
410.853 251.815 0 0 0 255
411.603 252.016 0 0 0 255
410.853 253.315 0 0 0 255
411.603 252.016 0 0 0 255
412.152 252.565 0 0 0 255
410.853 253.315 0 0 0 255
412.152 252.565 0 0 0 255
412.353 253.315 0 0 0 255
410.384 254.74 0 0 0 255
411.322 251.89 0 0 0 255
414.673 256.152 0 0 0 255
411.322 251.89 0 0 0 255
415.612 253.303 0 0 0 255
414.673 256.152 0 0 0 255
415.142 254.728 0 0 0 255
416.642 254.728 0 0 0 255
416.441 255.478 0 0 0 255
415.142 254.728 0 0 0 255
416.441 255.478 0 0 0 255
415.892 256.027 0 0 0 255
415.142 254.728 0 0 0 255
415.892 256.027 0 0 0 255
415.142 256.228 0 0 0 255
415.142 254.728 0 0 0 255
415.142 256.228 0 0 0 255
414.392 256.027 0 0 0 255
415.142 254.728 0 0 0 255
414.392 256.027 0 0 0 255
413.843 255.478 0 0 0 255
415.142 254.728 0 0 0 255
413.843 255.478 0 0 0 255
413.642 254.728 0 0 0 255
415.142 254.728 0 0 0 255
413.642 254.728 0 0 0 255
413.843 253.978 0 0 0 255
415.142 254.728 0 0 0 255
413.843 253.978 0 0 0 255
414.392 253.429 0 0 0 255
415.142 254.728 0 0 0 255
414.392 253.429 0 0 0 255
415.142 253.228 0 0 0 255
415.142 254.728 0 0 0 255
415.142 253.228 0 0 0 255
415.892 253.429 0 0 0 255
415.142 254.728 0 0 0 255
415.892 253.429 0 0 0 255
416.441 253.978 0 0 0 255
415.142 254.728 0 0 0 255
416.441 253.978 0 0 0 255
416.642 254.728 0 0 0 255
414.717 256.166 0 0 0 255
415.567 253.289 0 0 0 255
419.39 257.547 0 0 0 255
415.567 253.289 0 0 0 255
420.24 254.669 0 0 0 255
419.39 257.547 0 0 0 255
419.815 256.108 0 0 0 255
421.315 256.108 0 0 0 255
421.114 256.858 0 0 0 255
419.815 256.108 0 0 0 255
421.114 256.858 0 0 0 255
420.565 257.407 0 0 0 255
419.815 256.108 0 0 0 255
420.565 257.407 0 0 0 255
419.815 257.608 0 0 0 255
419.815 256.108 0 0 0 255
419.815 257.608 0 0 0 255
419.065 257.407 0 0 0 255
419.815 256.108 0 0 0 255
419.065 257.407 0 0 0 255
418.516 256.858 0 0 0 255
419.815 256.108 0 0 0 255
418.516 256.858 0 0 0 255
418.315 256.108 0 0 0 255
419.815 256.108 0 0 0 255
418.315 256.108 0 0 0 255
418.516 255.358 0 0 0 255
419.815 256.108 0 0 0 255
418.516 255.358 0 0 0 255
419.065 254.809 0 0 0 255
419.815 256.108 0 0 0 255
419.065 254.809 0 0 0 255
419.815 254.608 0 0 0 255
419.815 256.108 0 0 0 255
419.815 254.608 0 0 0 255
420.565 254.809 0 0 0 255
419.815 256.108 0 0 0 255
420.565 254.809 0 0 0 255
421.114 255.358 0 0 0 255
419.815 256.108 0 0 0 255
421.114 255.358 0 0 0 255
421.315 256.108 0 0 0 255
419.429 257.557 0 0 0 255
420.2 254.658 0 0 0 255
424.376 258.874 0 0 0 255
420.2 254.658 0 0 0 255
425.148 255.975 0 0 0 255
424.376 258.874 0 0 0 255
424.762 257.424 0 0 0 255
426.262 257.424 0 0 0 255
426.061 258.174 0 0 0 255
424.762 257.424 0 0 0 255
426.061 258.174 0 0 0 255
425.512 258.723 0 0 0 255
424.762 257.424 0 0 0 255
425.512 258.723 0 0 0 255
424.762 258.924 0 0 0 255
424.762 257.424 0 0 0 255
424.762 258.924 0 0 0 255
424.012 258.723 0 0 0 255
424.762 257.424 0 0 0 255
424.012 258.723 0 0 0 255
423.463 258.174 0 0 0 255
424.762 257.424 0 0 0 255
423.463 258.174 0 0 0 255
423.262 257.424 0 0 0 255
424.762 257.424 0 0 0 255
423.262 257.424 0 0 0 255
423.463 256.674 0 0 0 255
424.762 257.424 0 0 0 255
423.463 256.674 0 0 0 255
424.012 256.125 0 0 0 255
424.762 257.424 0 0 0 255
424.012 256.125 0 0 0 255
424.762 255.924 0 0 0 255
424.762 257.424 0 0 0 255
424.762 255.924 0 0 0 255
425.512 256.125 0 0 0 255
424.762 257.424 0 0 0 255
425.512 256.125 0 0 0 255
426.061 256.674 0 0 0 255
424.762 257.424 0 0 0 255
426.061 256.674 0 0 0 255
426.262 257.424 0 0 0 255
424.413 258.883 0 0 0 255
425.11 255.965 0 0 0 255
429.527 260.105 0 0 0 255
425.11 255.965 0 0 0 255
430.224 257.187 0 0 0 255
429.527 260.105 0 0 0 255
429.875 258.646 0 0 0 255
431.375 258.646 0 0 0 255
431.174 259.396 0 0 0 255
429.875 258.646 0 0 0 255
431.174 259.396 0 0 0 255
430.625 259.945 0 0 0 255
429.875 258.646 0 0 0 255
430.625 259.945 0 0 0 255
429.875 260.146 0 0 0 255
429.875 258.646 0 0 0 255
429.875 260.146 0 0 0 255
429.125 259.945 0 0 0 255
429.875 258.646 0 0 0 255
429.125 259.945 0 0 0 255
428.576 259.396 0 0 0 255
429.875 258.646 0 0 0 255
428.576 259.396 0 0 0 255
428.375 258.646 0 0 0 255
429.875 258.646 0 0 0 255
428.375 258.646 0 0 0 255
428.576 257.896 0 0 0 255
429.875 258.646 0 0 0 255
428.576 257.896 0 0 0 255
429.125 257.347 0 0 0 255
429.875 258.646 0 0 0 255
429.125 257.347 0 0 0 255
429.875 257.146 0 0 0 255
429.875 258.646 0 0 0 255
429.875 257.146 0 0 0 255
430.625 257.347 0 0 0 255
429.875 258.646 0 0 0 255
430.625 257.347 0 0 0 255
431.174 257.896 0 0 0 255
429.875 258.646 0 0 0 255
431.174 257.896 0 0 0 255
431.375 258.646 0 0 0 255
429.562 260.113 0 0 0 255
430.188 257.179 0 0 0 255
434.842 261.24 0 0 0 255
430.188 257.179 0 0 0 255
435.468 258.306 0 0 0 255
434.842 261.24 0 0 0 255
435.155 259.773 0 0 0 255
436.655 259.773 0 0 0 255
436.454 260.523 0 0 0 255
435.155 259.773 0 0 0 255
436.454 260.523 0 0 0 255
435.905 261.072 0 0 0 255
435.155 259.773 0 0 0 255
435.905 261.072 0 0 0 255
435.155 261.273 0 0 0 255
435.155 259.773 0 0 0 255
435.155 261.273 0 0 0 255
434.405 261.072 0 0 0 255
435.155 259.773 0 0 0 255
434.405 261.072 0 0 0 255
433.856 260.523 0 0 0 255
435.155 259.773 0 0 0 255
433.856 260.523 0 0 0 255
433.655 259.773 0 0 0 255
435.155 259.773 0 0 0 255
433.655 259.773 0 0 0 255
433.856 259.023 0 0 0 255
435.155 259.773 0 0 0 255
433.856 259.023 0 0 0 255
434.405 258.474 0 0 0 255
435.155 259.773 0 0 0 255
434.405 258.474 0 0 0 255
435.155 258.273 0 0 0 255
435.155 259.773 0 0 0 255
435.155 258.273 0 0 0 255
435.905 258.474 0 0 0 255
435.155 259.773 0 0 0 255
435.905 258.474 0 0 0 255
436.454 259.023 0 0 0 255
435.155 259.773 0 0 0 255
436.454 259.023 0 0 0 255
436.655 259.773 0 0 0 255
434.876 261.247 0 0 0 255
435.434 258.299 0 0 0 255
440.322 262.279 0 0 0 255
435.434 258.299 0 0 0 255
440.88 259.331 0 0 0 255
440.322 262.279 0 0 0 255
440.601 260.805 0 0 0 255
442.101 260.805 0 0 0 255
441.9 261.555 0 0 0 255
440.601 260.805 0 0 0 255
441.9 261.555 0 0 0 255
441.351 262.104 0 0 0 255
440.601 260.805 0 0 0 255
441.351 262.104 0 0 0 255
440.601 262.305 0 0 0 255
440.601 260.805 0 0 0 255
440.601 262.305 0 0 0 255
439.851 262.104 0 0 0 255
440.601 260.805 0 0 0 255
439.851 262.104 0 0 0 255
439.302 261.555 0 0 0 255
440.601 260.805 0 0 0 255
439.302 261.555 0 0 0 255
439.101 260.805 0 0 0 255
440.601 260.805 0 0 0 255
439.101 260.805 0 0 0 255
439.302 260.055 0 0 0 255
440.601 260.805 0 0 0 255
439.302 260.055 0 0 0 255
439.851 259.506 0 0 0 255
440.601 260.805 0 0 0 255
439.851 259.506 0 0 0 255
440.601 259.305 0 0 0 255
440.601 260.805 0 0 0 255
440.601 259.305 0 0 0 255
441.351 259.506 0 0 0 255
440.601 260.805 0 0 0 255
441.351 259.506 0 0 0 255
441.9 260.055 0 0 0 255
440.601 260.805 0 0 0 255
441.9 260.055 0 0 0 255
442.101 260.805 0 0 0 255
440.354 262.284 0 0 0 255
440.848 259.325 0 0 0 255
445.966 263.222 0 0 0 255
440.848 259.325 0 0 0 255
446.461 260.263 0 0 0 255
445.966 263.222 0 0 0 255
446.214 261.742 0 0 0 255
447.714 261.742 0 0 0 255
447.513 262.492 0 0 0 255
446.214 261.742 0 0 0 255
447.513 262.492 0 0 0 255
446.964 263.041 0 0 0 255
446.214 261.742 0 0 0 255
446.964 263.041 0 0 0 255
446.214 263.242 0 0 0 255
446.214 261.742 0 0 0 255
446.214 263.242 0 0 0 255
445.464 263.041 0 0 0 255
446.214 261.742 0 0 0 255
445.464 263.041 0 0 0 255
444.915 262.492 0 0 0 255
446.214 261.742 0 0 0 255
444.915 262.492 0 0 0 255
444.714 261.742 0 0 0 255
446.214 261.742 0 0 0 255
444.714 261.742 0 0 0 255
444.915 260.992 0 0 0 255
446.214 261.742 0 0 0 255
444.915 260.992 0 0 0 255
445.464 260.443 0 0 0 255
446.214 261.742 0 0 0 255
445.464 260.443 0 0 0 255
446.214 260.242 0 0 0 255
446.214 261.742 0 0 0 255
446.214 260.242 0 0 0 255
446.964 260.443 0 0 0 255
446.214 261.742 0 0 0 255
446.964 260.443 0 0 0 255
447.513 260.992 0 0 0 255
446.214 261.742 0 0 0 255
447.513 260.992 0 0 0 255
447.714 261.742 0 0 0 255
445.997 263.227 0 0 0 255
446.43 260.258 0 0 0 255
451.776 264.069 0 0 0 255
446.43 260.258 0 0 0 255
452.209 261.101 0 0 0 255
451.776 264.069 0 0 0 255
451.992 262.585 0 0 0 255
453.492 262.585 0 0 0 255
453.291 263.335 0 0 0 255
451.992 262.585 0 0 0 255
453.291 263.335 0 0 0 255
452.742 263.884 0 0 0 255
451.992 262.585 0 0 0 255
452.742 263.884 0 0 0 255
451.992 264.085 0 0 0 255
451.992 262.585 0 0 0 255
451.992 264.085 0 0 0 255
451.242 263.884 0 0 0 255
451.992 262.585 0 0 0 255
451.242 263.884 0 0 0 255
450.693 263.335 0 0 0 255
451.992 262.585 0 0 0 255
450.693 263.335 0 0 0 255
450.492 262.585 0 0 0 255
451.992 262.585 0 0 0 255
450.492 262.585 0 0 0 255
450.693 261.835 0 0 0 255
451.992 262.585 0 0 0 255
450.693 261.835 0 0 0 255
451.242 261.286 0 0 0 255
451.992 262.585 0 0 0 255
451.242 261.286 0 0 0 255
451.992 261.085 0 0 0 255
451.992 262.585 0 0 0 255
451.992 261.085 0 0 0 255
452.742 261.286 0 0 0 255
451.992 262.585 0 0 0 255
452.742 261.286 0 0 0 255
453.291 261.835 0 0 0 255
451.992 262.585 0 0 0 255
453.291 261.835 0 0 0 255
453.492 262.585 0 0 0 255
451.803 264.073 0 0 0 255
452.182 261.097 0 0 0 255
457.655 264.818 0 0 0 255
452.182 261.097 0 0 0 255
458.034 261.842 0 0 0 255
457.655 264.818 0 0 0 255
457.844 263.33 0 0 0 255
459.344 263.33 0 0 0 255
459.143 264.08 0 0 0 255
457.844 263.33 0 0 0 255
459.143 264.08 0 0 0 255
458.594 264.629 0 0 0 255
457.844 263.33 0 0 0 255
458.594 264.629 0 0 0 255
457.844 264.83 0 0 0 255
457.844 263.33 0 0 0 255
457.844 264.83 0 0 0 255
457.094 264.629 0 0 0 255
457.844 263.33 0 0 0 255
457.094 264.629 0 0 0 255
456.545 264.08 0 0 0 255
457.844 263.33 0 0 0 255
456.545 264.08 0 0 0 255
456.344 263.33 0 0 0 255
457.844 263.33 0 0 0 255
456.344 263.33 0 0 0 255
456.545 262.58 0 0 0 255
457.844 263.33 0 0 0 255
456.545 262.58 0 0 0 255
457.094 262.031 0 0 0 255
457.844 263.33 0 0 0 255
457.094 262.031 0 0 0 255
457.844 261.83 0 0 0 255
457.844 263.33 0 0 0 255
457.844 261.83 0 0 0 255
458.594 262.031 0 0 0 255
457.844 263.33 0 0 0 255
458.594 262.031 0 0 0 255
459.143 262.58 0 0 0 255
457.844 263.33 0 0 0 255
459.143 262.58 0 0 0 255
459.344 263.33 0 0 0 255
457.68 264.821 0 0 0 255
458.009 261.839 0 0 0 255
463.511 265.464 0 0 0 255
458.009 261.839 0 0 0 255
463.841 262.483 0 0 0 255
463.511 265.464 0 0 0 255
463.676 263.974 0 0 0 255
465.176 263.974 0 0 0 255
464.975 264.724 0 0 0 255
463.676 263.974 0 0 0 255
464.975 264.724 0 0 0 255
464.426 265.273 0 0 0 255
463.676 263.974 0 0 0 255
464.426 265.273 0 0 0 255
463.676 265.474 0 0 0 255
463.676 263.974 0 0 0 255
463.676 265.474 0 0 0 255
462.926 265.273 0 0 0 255
463.676 263.974 0 0 0 255
462.926 265.273 0 0 0 255
462.377 264.724 0 0 0 255
463.676 263.974 0 0 0 255
462.377 264.724 0 0 0 255
462.176 263.974 0 0 0 255
463.676 263.974 0 0 0 255
462.176 263.974 0 0 0 255
462.377 263.224 0 0 0 255
463.676 263.974 0 0 0 255
462.377 263.224 0 0 0 255
462.926 262.674 0 0 0 255
463.676 263.974 0 0 0 255
462.926 262.674 0 0 0 255
463.676 262.474 0 0 0 255
463.676 263.974 0 0 0 255
463.676 262.474 0 0 0 255
464.426 262.674 0 0 0 255
463.676 263.974 0 0 0 255
464.426 262.674 0 0 0 255
464.975 263.224 0 0 0 255
463.676 263.974 0 0 0 255
464.975 263.224 0 0 0 255
465.176 263.974 0 0 0 255
463.537 265.467 0 0 0 255
463.816 262.48 0 0 0 255
469.349 266.01 0 0 0 255
463.816 262.48 0 0 0 255
469.628 263.023 0 0 0 255
469.349 266.01 0 0 0 255
469.488 264.516 0 0 0 255
470.988 264.516 0 0 0 255
470.787 265.266 0 0 0 255
469.488 264.516 0 0 0 255
470.787 265.266 0 0 0 255
470.238 265.815 0 0 0 255
469.488 264.516 0 0 0 255
470.238 265.815 0 0 0 255
469.488 266.016 0 0 0 255
469.488 264.516 0 0 0 255
469.488 266.016 0 0 0 255
468.738 265.815 0 0 0 255
469.488 264.516 0 0 0 255
468.738 265.815 0 0 0 255
468.189 265.266 0 0 0 255
469.488 264.516 0 0 0 255
468.189 265.266 0 0 0 255
467.988 264.516 0 0 0 255
469.488 264.516 0 0 0 255
467.988 264.516 0 0 0 255
468.189 263.766 0 0 0 255
469.488 264.516 0 0 0 255
468.189 263.766 0 0 0 255
468.738 263.217 0 0 0 255
469.488 264.516 0 0 0 255
468.738 263.217 0 0 0 255
469.488 263.016 0 0 0 255
469.488 264.516 0 0 0 255
469.488 263.016 0 0 0 255
470.238 263.217 0 0 0 255
469.488 264.516 0 0 0 255
470.238 263.217 0 0 0 255
470.787 263.766 0 0 0 255
469.488 264.516 0 0 0 255
470.787 263.766 0 0 0 255
470.988 264.516 0 0 0 255
469.374 266.012 0 0 0 255
469.602 263.021 0 0 0 255
475.166 266.454 0 0 0 255
469.602 263.021 0 0 0 255
475.394 263.463 0 0 0 255
475.166 266.454 0 0 0 255
475.28 264.958 0 0 0 255
476.78 264.958 0 0 0 255
476.579 265.708 0 0 0 255
475.28 264.958 0 0 0 255
476.579 265.708 0 0 0 255
476.03 266.257 0 0 0 255
475.28 264.958 0 0 0 255
476.03 266.257 0 0 0 255
475.28 266.458 0 0 0 255
475.28 264.958 0 0 0 255
475.28 266.458 0 0 0 255
474.53 266.257 0 0 0 255
475.28 264.958 0 0 0 255
474.53 266.257 0 0 0 255
473.981 265.708 0 0 0 255
475.28 264.958 0 0 0 255
473.981 265.708 0 0 0 255
473.78 264.958 0 0 0 255
475.28 264.958 0 0 0 255
473.78 264.958 0 0 0 255
473.981 264.208 0 0 0 255
475.28 264.958 0 0 0 255
473.981 264.208 0 0 0 255
474.53 263.659 0 0 0 255
475.28 264.958 0 0 0 255
474.53 263.659 0 0 0 255
475.28 263.458 0 0 0 255
475.28 264.958 0 0 0 255
475.28 263.458 0 0 0 255
476.03 263.659 0 0 0 255
475.28 264.958 0 0 0 255
476.03 263.659 0 0 0 255
476.579 264.208 0 0 0 255
475.28 264.958 0 0 0 255
476.579 264.208 0 0 0 255
476.78 264.958 0 0 0 255
475.192 266.456 0 0 0 255
475.368 263.461 0 0 0 255
480.964 266.797 0 0 0 255
475.368 263.461 0 0 0 255
481.141 263.802 0 0 0 255
480.964 266.797 0 0 0 255
481.052 265.299 0 0 0 255
482.552 265.299 0 0 0 255
482.351 266.049 0 0 0 255
481.052 265.299 0 0 0 255
482.351 266.049 0 0 0 255
481.802 266.599 0 0 0 255
481.052 265.299 0 0 0 255
481.802 266.599 0 0 0 255
481.052 266.799 0 0 0 255
481.052 265.299 0 0 0 255
481.052 266.799 0 0 0 255
480.302 266.599 0 0 0 255
481.052 265.299 0 0 0 255
480.302 266.599 0 0 0 255
479.753 266.049 0 0 0 255
481.052 265.299 0 0 0 255
479.753 266.049 0 0 0 255
479.552 265.299 0 0 0 255
481.052 265.299 0 0 0 255
479.552 265.299 0 0 0 255
479.753 264.549 0 0 0 255
481.052 265.299 0 0 0 255
479.753 264.549 0 0 0 255
480.302 264 0 0 0 255
481.052 265.299 0 0 0 255
480.302 264 0 0 0 255
481.052 263.799 0 0 0 255
481.052 265.299 0 0 0 255
481.052 263.799 0 0 0 255
481.802 264 0 0 0 255
481.052 265.299 0 0 0 255
481.802 264 0 0 0 255
482.351 264.549 0 0 0 255
481.052 265.299 0 0 0 255
482.351 264.549 0 0 0 255
482.552 265.299 0 0 0 255
480.99 266.798 0 0 0 255
481.115 263.801 0 0 0 255
486.742 267.038 0 0 0 255
481.115 263.801 0 0 0 255
486.867 264.041 0 0 0 255
486.742 267.038 0 0 0 255
486.804 265.54 0 0 0 255
488.304 265.54 0 0 0 255
488.103 266.29 0 0 0 255
486.804 265.54 0 0 0 255
488.103 266.29 0 0 0 255
487.554 266.839 0 0 0 255
486.804 265.54 0 0 0 255
487.554 266.839 0 0 0 255
486.804 267.04 0 0 0 255
486.804 265.54 0 0 0 255
486.804 267.04 0 0 0 255
486.054 266.839 0 0 0 255
486.804 265.54 0 0 0 255
486.054 266.839 0 0 0 255
485.505 266.29 0 0 0 255
486.804 265.54 0 0 0 255
485.505 266.29 0 0 0 255
485.304 265.54 0 0 0 255
486.804 265.54 0 0 0 255
485.304 265.54 0 0 0 255
485.505 264.79 0 0 0 255
486.804 265.54 0 0 0 255
485.505 264.79 0 0 0 255
486.054 264.241 0 0 0 255
486.804 265.54 0 0 0 255
486.054 264.241 0 0 0 255
486.804 264.04 0 0 0 255
486.804 265.54 0 0 0 255
486.804 264.04 0 0 0 255
487.554 264.241 0 0 0 255
486.804 265.54 0 0 0 255
487.554 264.241 0 0 0 255
488.103 264.79 0 0 0 255
486.804 265.54 0 0 0 255
488.103 264.79 0 0 0 255
488.304 265.54 0 0 0 255
486.77 267.039 0 0 0 255
486.838 264.04 0 0 0 255
492.502 267.169 0 0 0 255
486.838 264.04 0 0 0 255
492.57 264.17 0 0 0 255
492.502 267.169 0 0 0 255
492.536 265.669 0 0 0 255
494.036 265.669 0 0 0 255
493.835 266.419 0 0 0 255
492.536 265.669 0 0 0 255
493.835 266.419 0 0 0 255
493.286 266.968 0 0 0 255
492.536 265.669 0 0 0 255
493.286 266.968 0 0 0 255
492.536 267.169 0 0 0 255
492.536 265.669 0 0 0 255
492.536 267.169 0 0 0 255
491.786 266.968 0 0 0 255
492.536 265.669 0 0 0 255
491.786 266.968 0 0 0 255
491.237 266.419 0 0 0 255
492.536 265.669 0 0 0 255
491.237 266.419 0 0 0 255
491.036 265.669 0 0 0 255
492.536 265.669 0 0 0 255
491.036 265.669 0 0 0 255
491.237 264.919 0 0 0 255
492.536 265.669 0 0 0 255
491.237 264.919 0 0 0 255
491.786 264.37 0 0 0 255
492.536 265.669 0 0 0 255
491.786 264.37 0 0 0 255
492.536 264.169 0 0 0 255
492.536 265.669 0 0 0 255
492.536 264.169 0 0 0 255
493.286 264.37 0 0 0 255
492.536 265.669 0 0 0 255
493.286 264.37 0 0 0 255
493.835 264.919 0 0 0 255
492.536 265.669 0 0 0 255
493.835 264.919 0 0 0 255
494.036 265.669 0 0 0 255
492.533 267.169 0 0 0 255
492.539 264.169 0 0 0 255
498.245 267.179 0 0 0 255
492.539 264.169 0 0 0 255
498.25 264.179 0 0 0 255
498.245 267.179 0 0 0 255
498.248 265.679 0 0 0 255
499.748 265.679 0 0 0 255
499.547 266.429 0 0 0 255
498.248 265.679 0 0 0 255
499.547 266.429 0 0 0 255
498.998 266.978 0 0 0 255
498.248 265.679 0 0 0 255
498.998 266.978 0 0 0 255
498.248 267.179 0 0 0 255
498.248 265.679 0 0 0 255
498.248 267.179 0 0 0 255
497.498 266.978 0 0 0 255
498.248 265.679 0 0 0 255
497.498 266.978 0 0 0 255
496.949 266.429 0 0 0 255
498.248 265.679 0 0 0 255
496.949 266.429 0 0 0 255
496.748 265.679 0 0 0 255
498.248 265.679 0 0 0 255
496.748 265.679 0 0 0 255
496.949 264.929 0 0 0 255
498.248 265.679 0 0 0 255
496.949 264.929 0 0 0 255
497.498 264.38 0 0 0 255
498.248 265.679 0 0 0 255
497.498 264.38 0 0 0 255
498.248 264.179 0 0 0 255
498.248 265.679 0 0 0 255
498.248 264.179 0 0 0 255
498.998 264.38 0 0 0 255
498.248 265.679 0 0 0 255
498.998 264.38 0 0 0 255
499.547 264.929 0 0 0 255
498.248 265.679 0 0 0 255
499.547 264.929 0 0 0 255
499.748 265.679 0 0 0 255
498.277 267.179 0 0 0 255
498.219 264.18 0 0 0 255
503.968 267.069 0 0 0 255
498.219 264.18 0 0 0 255
503.91 264.07 0 0 0 255
503.968 267.069 0 0 0 255
503.939 265.569 0 0 0 255
505.439 265.569 0 0 0 255
505.238 266.319 0 0 0 255
503.939 265.569 0 0 0 255
505.238 266.319 0 0 0 255
504.689 266.868 0 0 0 255
503.939 265.569 0 0 0 255
504.689 266.868 0 0 0 255
503.939 267.069 0 0 0 255
503.939 265.569 0 0 0 255
503.939 267.069 0 0 0 255
503.189 266.868 0 0 0 255
503.939 265.569 0 0 0 255
503.189 266.868 0 0 0 255
502.64 266.319 0 0 0 255
503.939 265.569 0 0 0 255
502.64 266.319 0 0 0 255
502.439 265.569 0 0 0 255
503.939 265.569 0 0 0 255
502.439 265.569 0 0 0 255
502.64 264.819 0 0 0 255
503.939 265.569 0 0 0 255
502.64 264.819 0 0 0 255
503.189 264.27 0 0 0 255
503.939 265.569 0 0 0 255
503.189 264.27 0 0 0 255
503.939 264.069 0 0 0 255
503.939 265.569 0 0 0 255
503.939 264.069 0 0 0 255
504.689 264.27 0 0 0 255
503.939 265.569 0 0 0 255
504.689 264.27 0 0 0 255
505.238 264.819 0 0 0 255
503.939 265.569 0 0 0 255
505.238 264.819 0 0 0 255
505.439 265.569 0 0 0 255
504 267.068 0 0 0 255
503.878 264.071 0 0 0 255
509.671 266.839 0 0 0 255
503.878 264.071 0 0 0 255
509.55 263.841 0 0 0 255
509.671 266.839 0 0 0 255
509.61 265.34 0 0 0 255
511.11 265.34 0 0 0 255
510.909 266.09 0 0 0 255
509.61 265.34 0 0 0 255
510.909 266.09 0 0 0 255
510.36 266.639 0 0 0 255
509.61 265.34 0 0 0 255
510.36 266.639 0 0 0 255
509.61 266.84 0 0 0 255
509.61 265.34 0 0 0 255
509.61 266.84 0 0 0 255
508.86 266.639 0 0 0 255
509.61 265.34 0 0 0 255
508.86 266.639 0 0 0 255
508.311 266.09 0 0 0 255
509.61 265.34 0 0 0 255
508.311 266.09 0 0 0 255
508.11 265.34 0 0 0 255
509.61 265.34 0 0 0 255
508.11 265.34 0 0 0 255
508.311 264.59 0 0 0 255
509.61 265.34 0 0 0 255
508.311 264.59 0 0 0 255
508.86 264.041 0 0 0 255
509.61 265.34 0 0 0 255
508.86 264.041 0 0 0 255
509.61 263.84 0 0 0 255
509.61 265.34 0 0 0 255
509.61 263.84 0 0 0 255
510.36 264.041 0 0 0 255
509.61 265.34 0 0 0 255
510.36 264.041 0 0 0 255
510.909 264.59 0 0 0 255
509.61 265.34 0 0 0 255
510.909 264.59 0 0 0 255
511.11 265.34 0 0 0 255
509.703 266.837 0 0 0 255
509.518 263.843 0 0 0 255
515.354 266.487 0 0 0 255
509.518 263.843 0 0 0 255
515.168 263.493 0 0 0 255
515.354 266.487 0 0 0 255
515.261 264.99 0 0 0 255
516.761 264.99 0 0 0 255
516.56 265.74 0 0 0 255
515.261 264.99 0 0 0 255
516.56 265.74 0 0 0 255
516.011 266.289 0 0 0 255
515.261 264.99 0 0 0 255
516.011 266.289 0 0 0 255
515.261 266.49 0 0 0 255
515.261 264.99 0 0 0 255
515.261 266.49 0 0 0 255
514.511 266.289 0 0 0 255
515.261 264.99 0 0 0 255
514.511 266.289 0 0 0 255
513.962 265.74 0 0 0 255
515.261 264.99 0 0 0 255
513.962 265.74 0 0 0 255
513.761 264.99 0 0 0 255
515.261 264.99 0 0 0 255
513.761 264.99 0 0 0 255
513.962 264.24 0 0 0 255
515.261 264.99 0 0 0 255
513.962 264.24 0 0 0 255
514.511 263.691 0 0 0 255
515.261 264.99 0 0 0 255
514.511 263.691 0 0 0 255
515.261 263.49 0 0 0 255
515.261 264.99 0 0 0 255
515.261 263.49 0 0 0 255
516.011 263.691 0 0 0 255
515.261 264.99 0 0 0 255
516.011 263.691 0 0 0 255
516.56 264.24 0 0 0 255
515.261 264.99 0 0 0 255
516.56 264.24 0 0 0 255
516.761 264.99 0 0 0 255
515.386 266.485 0 0 0 255
515.136 263.495 0 0 0 255
521.016 266.016 0 0 0 255
515.136 263.495 0 0 0 255
520.767 263.026 0 0 0 255
521.016 266.016 0 0 0 255
520.892 264.521 0 0 0 255
522.392 264.521 0 0 0 255
522.191 265.271 0 0 0 255
520.892 264.521 0 0 0 255
522.191 265.271 0 0 0 255
521.642 265.82 0 0 0 255
520.892 264.521 0 0 0 255
521.642 265.82 0 0 0 255
520.892 266.021 0 0 0 255
520.892 264.521 0 0 0 255
520.892 266.021 0 0 0 255
520.142 265.82 0 0 0 255
520.892 264.521 0 0 0 255
520.142 265.82 0 0 0 255
519.593 265.271 0 0 0 255
520.892 264.521 0 0 0 255
519.593 265.271 0 0 0 255
519.392 264.521 0 0 0 255
520.892 264.521 0 0 0 255
519.392 264.521 0 0 0 255
519.593 263.771 0 0 0 255
520.892 264.521 0 0 0 255
519.593 263.771 0 0 0 255
520.142 263.222 0 0 0 255
520.892 264.521 0 0 0 255
520.142 263.222 0 0 0 255
520.892 263.021 0 0 0 255
520.892 264.521 0 0 0 255
520.892 263.021 0 0 0 255
521.642 263.222 0 0 0 255
520.892 264.521 0 0 0 255
521.642 263.222 0 0 0 255
522.191 263.771 0 0 0 255
520.892 264.521 0 0 0 255
522.191 263.771 0 0 0 255
522.392 264.521 0 0 0 255
521.045 266.013 0 0 0 255
520.738 263.029 0 0 0 255
526.509 265.45 0 0 0 255
520.738 263.029 0 0 0 255
526.202 262.466 0 0 0 255
526.509 265.45 0 0 0 255
526.355 263.958 0 0 0 255
527.855 263.958 0 0 0 255
527.654 264.708 0 0 0 255
526.355 263.958 0 0 0 255
527.654 264.708 0 0 0 255
527.105 265.257 0 0 0 255
526.355 263.958 0 0 0 255
527.105 265.257 0 0 0 255
526.355 265.458 0 0 0 255
526.355 263.958 0 0 0 255
526.355 265.458 0 0 0 255
525.605 265.257 0 0 0 255
526.355 263.958 0 0 0 255
525.605 265.257 0 0 0 255
525.056 264.708 0 0 0 255
526.355 263.958 0 0 0 255
525.056 264.708 0 0 0 255
524.855 263.958 0 0 0 255
526.355 263.958 0 0 0 255
524.855 263.958 0 0 0 255
525.056 263.208 0 0 0 255
526.355 263.958 0 0 0 255
525.056 263.208 0 0 0 255
525.605 262.659 0 0 0 255
526.355 263.958 0 0 0 255
525.605 262.659 0 0 0 255
526.355 262.458 0 0 0 255
526.355 263.958 0 0 0 255
526.355 262.458 0 0 0 255
527.105 262.659 0 0 0 255
526.355 263.958 0 0 0 255
527.105 262.659 0 0 0 255
527.654 263.208 0 0 0 255
526.355 263.958 0 0 0 255
527.654 263.208 0 0 0 255
527.855 263.958 0 0 0 255
526.537 265.447 0 0 0 255
526.174 262.469 0 0 0 255
531.688 264.818 0 0 0 255
526.174 262.469 0 0 0 255
531.325 261.84 0 0 0 255
531.688 264.818 0 0 0 255
531.506 263.329 0 0 0 255
533.006 263.329 0 0 0 255
532.805 264.079 0 0 0 255
531.506 263.329 0 0 0 255
532.805 264.079 0 0 0 255
532.256 264.628 0 0 0 255
531.506 263.329 0 0 0 255
532.256 264.628 0 0 0 255
531.506 264.829 0 0 0 255
531.506 263.329 0 0 0 255
531.506 264.829 0 0 0 255
530.756 264.628 0 0 0 255
531.506 263.329 0 0 0 255
530.756 264.628 0 0 0 255
530.207 264.079 0 0 0 255
531.506 263.329 0 0 0 255
530.207 264.079 0 0 0 255
530.006 263.329 0 0 0 255
531.506 263.329 0 0 0 255
530.006 263.329 0 0 0 255
530.207 262.579 0 0 0 255
531.506 263.329 0 0 0 255
530.207 262.579 0 0 0 255
530.756 262.03 0 0 0 255
531.506 263.329 0 0 0 255
530.756 262.03 0 0 0 255
531.506 261.829 0 0 0 255
531.506 263.329 0 0 0 255
531.506 261.829 0 0 0 255
532.256 262.03 0 0 0 255
531.506 263.329 0 0 0 255
532.256 262.03 0 0 0 255
532.805 262.579 0 0 0 255
531.506 263.329 0 0 0 255
532.805 262.579 0 0 0 255
533.006 263.329 0 0 0 255
531.72 264.813 0 0 0 255
531.293 261.844 0 0 0 255
536.558 264.117 0 0 0 255
531.293 261.844 0 0 0 255
536.131 261.148 0 0 0 255
536.558 264.117 0 0 0 255
536.345 262.632 0 0 0 255
537.845 262.632 0 0 0 255
537.644 263.382 0 0 0 255
536.345 262.632 0 0 0 255
537.644 263.382 0 0 0 255
537.095 263.931 0 0 0 255
536.345 262.632 0 0 0 255
537.095 263.931 0 0 0 255
536.345 264.132 0 0 0 255
536.345 262.632 0 0 0 255
536.345 264.132 0 0 0 255
535.595 263.931 0 0 0 255
536.345 262.632 0 0 0 255
535.595 263.931 0 0 0 255
535.046 263.382 0 0 0 255
536.345 262.632 0 0 0 255
535.046 263.382 0 0 0 255
534.845 262.632 0 0 0 255
536.345 262.632 0 0 0 255
534.845 262.632 0 0 0 255
535.046 261.882 0 0 0 255
536.345 262.632 0 0 0 255
535.046 261.882 0 0 0 255
535.595 261.333 0 0 0 255
536.345 262.632 0 0 0 255
535.595 261.333 0 0 0 255
536.345 261.132 0 0 0 255
536.345 262.632 0 0 0 255
536.345 261.132 0 0 0 255
537.095 261.333 0 0 0 255
536.345 262.632 0 0 0 255
537.095 261.333 0 0 0 255
537.644 261.882 0 0 0 255
536.345 262.632 0 0 0 255
537.644 261.882 0 0 0 255
537.845 262.632 0 0 0 255
536.594 264.111 0 0 0 255
536.095 261.153 0 0 0 255
541.119 263.348 0 0 0 255
536.095 261.153 0 0 0 255
540.62 260.39 0 0 0 255
541.119 263.348 0 0 0 255
540.87 261.869 0 0 0 255
542.37 261.869 0 0 0 255
542.169 262.619 0 0 0 255
540.87 261.869 0 0 0 255
542.169 262.619 0 0 0 255
541.62 263.168 0 0 0 255
540.87 261.869 0 0 0 255
541.62 263.168 0 0 0 255
540.87 263.369 0 0 0 255
540.87 261.869 0 0 0 255
540.87 263.369 0 0 0 255
540.12 263.168 0 0 0 255
540.87 261.869 0 0 0 255
540.12 263.168 0 0 0 255
539.571 262.619 0 0 0 255
540.87 261.869 0 0 0 255
539.571 262.619 0 0 0 255
539.37 261.869 0 0 0 255
540.87 261.869 0 0 0 255
539.37 261.869 0 0 0 255
539.571 261.119 0 0 0 255
540.87 261.869 0 0 0 255
539.571 261.119 0 0 0 255
540.12 260.57 0 0 0 255
540.87 261.869 0 0 0 255
540.12 260.57 0 0 0 255
540.87 260.369 0 0 0 255
540.87 261.869 0 0 0 255
540.87 260.369 0 0 0 255
541.62 260.57 0 0 0 255
540.87 261.869 0 0 0 255
541.62 260.57 0 0 0 255
542.169 261.119 0 0 0 255
540.87 261.869 0 0 0 255
542.169 261.119 0 0 0 255
542.37 261.869 0 0 0 255
541.16 263.341 0 0 0 255
540.58 260.397 0 0 0 255
545.372 262.511 0 0 0 255
540.58 260.397 0 0 0 255
544.792 259.567 0 0 0 255
545.372 262.511 0 0 0 255
545.082 261.039 0 0 0 255
546.582 261.039 0 0 0 255
546.381 261.789 0 0 0 255
545.082 261.039 0 0 0 255
546.381 261.789 0 0 0 255
545.832 262.338 0 0 0 255
545.082 261.039 0 0 0 255
545.832 262.338 0 0 0 255
545.082 262.539 0 0 0 255
545.082 261.039 0 0 0 255
545.082 262.539 0 0 0 255
544.332 262.338 0 0 0 255
545.082 261.039 0 0 0 255
544.332 262.338 0 0 0 255
543.783 261.789 0 0 0 255
545.082 261.039 0 0 0 255
543.783 261.789 0 0 0 255
543.582 261.039 0 0 0 255
545.082 261.039 0 0 0 255
543.582 261.039 0 0 0 255
543.783 260.289 0 0 0 255
545.082 261.039 0 0 0 255
543.783 260.289 0 0 0 255
544.332 259.74 0 0 0 255
545.082 261.039 0 0 0 255
544.332 259.74 0 0 0 255
545.082 259.539 0 0 0 255
545.082 261.039 0 0 0 255
545.082 259.539 0 0 0 255
545.832 259.74 0 0 0 255
545.082 261.039 0 0 0 255
545.832 259.74 0 0 0 255
546.381 260.289 0 0 0 255
545.082 261.039 0 0 0 255
546.381 260.289 0 0 0 255
546.582 261.039 0 0 0 255
545.419 262.501 0 0 0 255
544.746 259.577 0 0 0 255
549.318 261.604 0 0 0 255
544.746 259.577 0 0 0 255
548.646 258.68 0 0 0 255
549.318 261.604 0 0 0 255
548.982 260.142 0 0 0 255
550.482 260.142 0 0 0 255
550.281 260.892 0 0 0 255
548.982 260.142 0 0 0 255
550.281 260.892 0 0 0 255
549.732 261.441 0 0 0 255
548.982 260.142 0 0 0 255
549.732 261.441 0 0 0 255
548.982 261.642 0 0 0 255
548.982 260.142 0 0 0 255
548.982 261.642 0 0 0 255
548.232 261.441 0 0 0 255
548.982 260.142 0 0 0 255
548.232 261.441 0 0 0 255
547.683 260.892 0 0 0 255
548.982 260.142 0 0 0 255
547.683 260.892 0 0 0 255
547.482 260.142 0 0 0 255
548.982 260.142 0 0 0 255
547.482 260.142 0 0 0 255
547.683 259.392 0 0 0 255
548.982 260.142 0 0 0 255
547.683 259.392 0 0 0 255
548.232 258.843 0 0 0 255
548.982 260.142 0 0 0 255
548.232 258.843 0 0 0 255
548.982 258.642 0 0 0 255
548.982 260.142 0 0 0 255
548.982 258.642 0 0 0 255
549.732 258.843 0 0 0 255
548.982 260.142 0 0 0 255
549.732 258.843 0 0 0 255
550.281 259.392 0 0 0 255
548.982 260.142 0 0 0 255
550.281 259.392 0 0 0 255
550.482 260.142 0 0 0 255
549.367 261.592 0 0 0 255
548.596 258.693 0 0 0 255
553.049 260.612 0 0 0 255
548.596 258.693 0 0 0 255
552.278 257.713 0 0 0 255
553.049 260.612 0 0 0 255
552.664 259.163 0 0 0 255
554.164 259.163 0 0 0 255
553.963 259.913 0 0 0 255
552.664 259.163 0 0 0 255
553.963 259.913 0 0 0 255
553.414 260.462 0 0 0 255
552.664 259.163 0 0 0 255
553.414 260.462 0 0 0 255
552.664 260.663 0 0 0 255
552.664 259.163 0 0 0 255
552.664 260.663 0 0 0 255
551.914 260.462 0 0 0 255
552.664 259.163 0 0 0 255
551.914 260.462 0 0 0 255
551.365 259.913 0 0 0 255
552.664 259.163 0 0 0 255
551.365 259.913 0 0 0 255
551.164 259.163 0 0 0 255
552.664 259.163 0 0 0 255
551.164 259.163 0 0 0 255
551.365 258.413 0 0 0 255
552.664 259.163 0 0 0 255
551.365 258.413 0 0 0 255
551.914 257.864 0 0 0 255
552.664 259.163 0 0 0 255
551.914 257.864 0 0 0 255
552.664 257.663 0 0 0 255
552.664 259.163 0 0 0 255
552.664 257.663 0 0 0 255
553.414 257.864 0 0 0 255
552.664 259.163 0 0 0 255
553.414 257.864 0 0 0 255
553.963 258.413 0 0 0 255
552.664 259.163 0 0 0 255
553.963 258.413 0 0 0 255
554.164 259.163 0 0 0 255
553.098 260.598 0 0 0 255
552.229 257.727 0 0 0 255
556.657 259.521 0 0 0 255
552.229 257.727 0 0 0 255
555.788 256.65 0 0 0 255
556.657 259.521 0 0 0 255
556.223 258.085 0 0 0 255
557.723 258.085 0 0 0 255
557.522 258.835 0 0 0 255
556.223 258.085 0 0 0 255
557.522 258.835 0 0 0 255
556.973 259.384 0 0 0 255
556.223 258.085 0 0 0 255
556.973 259.384 0 0 0 255
556.223 259.585 0 0 0 255
556.223 258.085 0 0 0 255
556.223 259.585 0 0 0 255
555.473 259.384 0 0 0 255
556.223 258.085 0 0 0 255
555.473 259.384 0 0 0 255
554.924 258.835 0 0 0 255
556.223 258.085 0 0 0 255
554.924 258.835 0 0 0 255
554.723 258.085 0 0 0 255
556.223 258.085 0 0 0 255
554.723 258.085 0 0 0 255
554.924 257.335 0 0 0 255
556.223 258.085 0 0 0 255
554.924 257.335 0 0 0 255
555.473 256.786 0 0 0 255
556.223 258.085 0 0 0 255
555.473 256.786 0 0 0 255
556.223 256.585 0 0 0 255
556.223 258.085 0 0 0 255
556.223 256.585 0 0 0 255
556.973 256.786 0 0 0 255
556.223 258.085 0 0 0 255
556.973 256.786 0 0 0 255
557.522 257.335 0 0 0 255
556.223 258.085 0 0 0 255
557.522 257.335 0 0 0 255
557.723 258.085 0 0 0 255
556.708 259.504 0 0 0 255
555.737 256.666 0 0 0 255
560.144 258.329 0 0 0 255
555.737 256.666 0 0 0 255
559.173 255.49 0 0 0 255
560.144 258.329 0 0 0 255
559.659 256.91 0 0 0 255
561.159 256.91 0 0 0 255
560.958 257.66 0 0 0 255
559.659 256.91 0 0 0 255
560.958 257.66 0 0 0 255
560.409 258.209 0 0 0 255
559.659 256.91 0 0 0 255
560.409 258.209 0 0 0 255
559.659 258.41 0 0 0 255
559.659 256.91 0 0 0 255
559.659 258.41 0 0 0 255
558.909 258.209 0 0 0 255
559.659 256.91 0 0 0 255
558.909 258.209 0 0 0 255
558.36 257.66 0 0 0 255
559.659 256.91 0 0 0 255
558.36 257.66 0 0 0 255
558.159 256.91 0 0 0 255
559.659 256.91 0 0 0 255
558.159 256.91 0 0 0 255
558.36 256.16 0 0 0 255
559.659 256.91 0 0 0 255
558.36 256.16 0 0 0 255
558.909 255.611 0 0 0 255
559.659 256.91 0 0 0 255
558.909 255.611 0 0 0 255
559.659 255.41 0 0 0 255
559.659 256.91 0 0 0 255
559.659 255.41 0 0 0 255
560.409 255.611 0 0 0 255
559.659 256.91 0 0 0 255
560.409 255.611 0 0 0 255
560.958 256.16 0 0 0 255
559.659 256.91 0 0 0 255
560.958 256.16 0 0 0 255
561.159 256.91 0 0 0 255
560.197 258.31 0 0 0 255
559.121 255.51 0 0 0 255
563.511 257.036 0 0 0 255
559.121 255.51 0 0 0 255
562.434 254.236 0 0 0 255
563.511 257.036 0 0 0 255
562.973 255.636 0 0 0 255
564.473 255.636 0 0 0 255
564.272 256.386 0 0 0 255
562.973 255.636 0 0 0 255
564.272 256.386 0 0 0 255
563.723 256.935 0 0 0 255
562.973 255.636 0 0 0 255
563.723 256.935 0 0 0 255
562.973 257.136 0 0 0 255
562.973 255.636 0 0 0 255
562.973 257.136 0 0 0 255
562.223 256.935 0 0 0 255
562.973 255.636 0 0 0 255
562.223 256.935 0 0 0 255
561.674 256.386 0 0 0 255
562.973 255.636 0 0 0 255
561.674 256.386 0 0 0 255
561.473 255.636 0 0 0 255
562.973 255.636 0 0 0 255
561.473 255.636 0 0 0 255
561.674 254.886 0 0 0 255
562.973 255.636 0 0 0 255
561.674 254.886 0 0 0 255
562.223 254.337 0 0 0 255
562.973 255.636 0 0 0 255
562.223 254.337 0 0 0 255
562.973 254.136 0 0 0 255
562.973 255.636 0 0 0 255
562.973 254.136 0 0 0 255
563.723 254.337 0 0 0 255
562.973 255.636 0 0 0 255
563.723 254.337 0 0 0 255
564.272 254.886 0 0 0 255
562.973 255.636 0 0 0 255
564.272 254.886 0 0 0 255
564.473 255.636 0 0 0 255
563.565 257.014 0 0 0 255
562.38 254.258 0 0 0 255
566.756 255.642 0 0 0 255
562.38 254.258 0 0 0 255
565.571 252.886 0 0 0 255
566.756 255.642 0 0 0 255
566.163 254.264 0 0 0 255
567.663 254.264 0 0 0 255
567.462 255.014 0 0 0 255
566.163 254.264 0 0 0 255
567.462 255.014 0 0 0 255
566.913 255.563 0 0 0 255
566.163 254.264 0 0 0 255
566.913 255.563 0 0 0 255
566.163 255.764 0 0 0 255
566.163 254.264 0 0 0 255
566.163 255.764 0 0 0 255
565.413 255.563 0 0 0 255
566.163 254.264 0 0 0 255
565.413 255.563 0 0 0 255
564.864 255.014 0 0 0 255
566.163 254.264 0 0 0 255
564.864 255.014 0 0 0 255
564.663 254.264 0 0 0 255
566.163 254.264 0 0 0 255
564.663 254.264 0 0 0 255
564.864 253.514 0 0 0 255
566.163 254.264 0 0 0 255
564.864 253.514 0 0 0 255
565.413 252.965 0 0 0 255
566.163 254.264 0 0 0 255
565.413 252.965 0 0 0 255
566.163 252.764 0 0 0 255
566.163 254.264 0 0 0 255
566.163 252.764 0 0 0 255
566.913 252.965 0 0 0 255
566.163 254.264 0 0 0 255
566.913 252.965 0 0 0 255
567.462 253.514 0 0 0 255
566.163 254.264 0 0 0 255
567.462 253.514 0 0 0 255
567.663 254.264 0 0 0 255
566.811 255.617 0 0 0 255
565.515 252.911 0 0 0 255
569.88 254.147 0 0 0 255
565.515 252.911 0 0 0 255
568.584 251.441 0 0 0 255
569.88 254.147 0 0 0 255
569.232 252.794 0 0 0 255
570.732 252.794 0 0 0 255
570.531 253.544 0 0 0 255
569.232 252.794 0 0 0 255
570.531 253.544 0 0 0 255
569.982 254.093 0 0 0 255
569.232 252.794 0 0 0 255
569.982 254.093 0 0 0 255
569.232 254.294 0 0 0 255
569.232 252.794 0 0 0 255
569.232 254.294 0 0 0 255
568.482 254.093 0 0 0 255
569.232 252.794 0 0 0 255
568.482 254.093 0 0 0 255
567.933 253.544 0 0 0 255
569.232 252.794 0 0 0 255
567.933 253.544 0 0 0 255
567.732 252.794 0 0 0 255
569.232 252.794 0 0 0 255
567.732 252.794 0 0 0 255
567.933 252.044 0 0 0 255
569.232 252.794 0 0 0 255
567.933 252.044 0 0 0 255
568.482 251.495 0 0 0 255
569.232 252.794 0 0 0 255
568.482 251.495 0 0 0 255
569.232 251.294 0 0 0 255
569.232 252.794 0 0 0 255
569.232 251.294 0 0 0 255
569.982 251.495 0 0 0 255
569.232 252.794 0 0 0 255
569.982 251.495 0 0 0 255
570.531 252.044 0 0 0 255
569.232 252.794 0 0 0 255
570.531 252.044 0 0 0 255
570.732 252.794 0 0 0 255
569.928 254.123 0 0 0 255
568.535 251.466 0 0 0 255
572.783 252.626 0 0 0 255
568.535 251.466 0 0 0 255
571.39 249.969 0 0 0 255
572.783 252.626 0 0 0 255
572.086 251.298 0 0 0 255
573.586 251.298 0 0 0 255
573.385 252.048 0 0 0 255
572.086 251.298 0 0 0 255
573.385 252.048 0 0 0 255
572.836 252.597 0 0 0 255
572.086 251.298 0 0 0 255
572.836 252.597 0 0 0 255
572.086 252.798 0 0 0 255
572.086 251.298 0 0 0 255
572.086 252.798 0 0 0 255
571.336 252.597 0 0 0 255
572.086 251.298 0 0 0 255
571.336 252.597 0 0 0 255
570.787 252.048 0 0 0 255
572.086 251.298 0 0 0 255
570.787 252.048 0 0 0 255
570.586 251.298 0 0 0 255
572.086 251.298 0 0 0 255
570.586 251.298 0 0 0 255
570.787 250.548 0 0 0 255
572.086 251.298 0 0 0 255
570.787 250.548 0 0 0 255
571.336 249.999 0 0 0 255
572.086 251.298 0 0 0 255
571.336 249.999 0 0 0 255
572.086 249.798 0 0 0 255
572.086 251.298 0 0 0 255
572.086 249.798 0 0 0 255
572.836 249.999 0 0 0 255
572.086 251.298 0 0 0 255
572.836 249.999 0 0 0 255
573.385 250.548 0 0 0 255
572.086 251.298 0 0 0 255
573.385 250.548 0 0 0 255
573.586 251.298 0 0 0 255
572.828 252.601 0 0 0 255
571.344 249.994 0 0 0 255
575.378 251.15 0 0 0 255
571.344 249.994 0 0 0 255
573.893 248.543 0 0 0 255
575.378 251.15 0 0 0 255
574.636 249.846 0 0 0 255
576.136 249.846 0 0 0 255
575.935 250.596 0 0 0 255
574.636 249.846 0 0 0 255
575.935 250.596 0 0 0 255
575.386 251.145 0 0 0 255
574.636 249.846 0 0 0 255
575.386 251.145 0 0 0 255
574.636 251.346 0 0 0 255
574.636 249.846 0 0 0 255
574.636 251.346 0 0 0 255
573.886 251.145 0 0 0 255
574.636 249.846 0 0 0 255
573.886 251.145 0 0 0 255
573.337 250.596 0 0 0 255
574.636 249.846 0 0 0 255
573.337 250.596 0 0 0 255
573.136 249.846 0 0 0 255
574.636 249.846 0 0 0 255
573.136 249.846 0 0 0 255
573.337 249.096 0 0 0 255
574.636 249.846 0 0 0 255
573.337 249.096 0 0 0 255
573.886 248.547 0 0 0 255
574.636 249.846 0 0 0 255
573.886 248.547 0 0 0 255
574.636 248.346 0 0 0 255
574.636 249.846 0 0 0 255
574.636 248.346 0 0 0 255
575.386 248.547 0 0 0 255
574.636 249.846 0 0 0 255
575.386 248.547 0 0 0 255
575.935 249.096 0 0 0 255
574.636 249.846 0 0 0 255
575.935 249.096 0 0 0 255
576.136 249.846 0 0 0 255
575.432 251.117 0 0 0 255
573.839 248.575 0 0 0 255
577.677 249.711 0 0 0 255
573.839 248.575 0 0 0 255
576.084 247.169 0 0 0 255
577.677 249.711 0 0 0 255
576.881 248.44 0 0 0 255
578.381 248.44 0 0 0 255
578.18 249.19 0 0 0 255
576.881 248.44 0 0 0 255
578.18 249.19 0 0 0 255
577.631 249.739 0 0 0 255
576.881 248.44 0 0 0 255
577.631 249.739 0 0 0 255
576.881 249.94 0 0 0 255
576.881 248.44 0 0 0 255
576.881 249.94 0 0 0 255
576.131 249.739 0 0 0 255
576.881 248.44 0 0 0 255
576.131 249.739 0 0 0 255
575.582 249.19 0 0 0 255
576.881 248.44 0 0 0 255
575.582 249.19 0 0 0 255
575.381 248.44 0 0 0 255
576.881 248.44 0 0 0 255
575.381 248.44 0 0 0 255
575.582 247.69 0 0 0 255
576.881 248.44 0 0 0 255
575.582 247.69 0 0 0 255
576.131 247.141 0 0 0 255
576.881 248.44 0 0 0 255
576.131 247.141 0 0 0 255
576.881 246.94 0 0 0 255
576.881 248.44 0 0 0 255
576.881 246.94 0 0 0 255
577.631 247.141 0 0 0 255
576.881 248.44 0 0 0 255
577.631 247.141 0 0 0 255
578.18 247.69 0 0 0 255
576.881 248.44 0 0 0 255
578.18 247.69 0 0 0 255
578.381 248.44 0 0 0 255
577.742 249.668 0 0 0 255
576.019 247.212 0 0 0 255
579.682 248.306 0 0 0 255
576.019 247.212 0 0 0 255
577.959 245.851 0 0 0 255
579.682 248.306 0 0 0 255
578.82 247.079 0 0 0 255
580.32 247.079 0 0 0 255
580.12 247.829 0 0 0 255
578.82 247.079 0 0 0 255
580.12 247.829 0 0 0 255
579.57 248.378 0 0 0 255
578.82 247.079 0 0 0 255
579.57 248.378 0 0 0 255
578.82 248.579 0 0 0 255
578.82 247.079 0 0 0 255
578.82 248.579 0 0 0 255
578.07 248.378 0 0 0 255
578.82 247.079 0 0 0 255
578.07 248.378 0 0 0 255
577.521 247.829 0 0 0 255
578.82 247.079 0 0 0 255
577.521 247.829 0 0 0 255
577.32 247.079 0 0 0 255
578.82 247.079 0 0 0 255
577.32 247.079 0 0 0 255
577.521 246.329 0 0 0 255
578.82 247.079 0 0 0 255
577.521 246.329 0 0 0 255
578.07 245.78 0 0 0 255
578.82 247.079 0 0 0 255
578.07 245.78 0 0 0 255
578.82 245.579 0 0 0 255
578.82 247.079 0 0 0 255
578.82 245.579 0 0 0 255
579.57 245.78 0 0 0 255
578.82 247.079 0 0 0 255
579.57 245.78 0 0 0 255
580.12 246.329 0 0 0 255
578.82 247.079 0 0 0 255
580.12 246.329 0 0 0 255
580.32 247.079 0 0 0 255
579.761 248.247 0 0 0 255
577.88 245.91 0 0 0 255
581.396 246.931 0 0 0 255
577.88 245.91 0 0 0 255
579.515 244.594 0 0 0 255
581.396 246.931 0 0 0 255
580.456 245.762 0 0 0 255
581.956 245.762 0 0 0 255
581.755 246.512 0 0 0 255
580.456 245.762 0 0 0 255
581.755 246.512 0 0 0 255
581.206 247.061 0 0 0 255
580.456 245.762 0 0 0 255
581.206 247.061 0 0 0 255
580.456 247.262 0 0 0 255
580.456 245.762 0 0 0 255
580.456 247.262 0 0 0 255
579.706 247.061 0 0 0 255
580.456 245.762 0 0 0 255
579.706 247.061 0 0 0 255
579.157 246.512 0 0 0 255
580.456 245.762 0 0 0 255
579.157 246.512 0 0 0 255
578.956 245.762 0 0 0 255
580.456 245.762 0 0 0 255
578.956 245.762 0 0 0 255
579.157 245.012 0 0 0 255
580.456 245.762 0 0 0 255
579.157 245.012 0 0 0 255
579.706 244.463 0 0 0 255
580.456 245.762 0 0 0 255
579.706 244.463 0 0 0 255
580.456 244.262 0 0 0 255
580.456 245.762 0 0 0 255
580.456 244.262 0 0 0 255
581.206 244.463 0 0 0 255
580.456 245.762 0 0 0 255
581.206 244.463 0 0 0 255
581.755 245.012 0 0 0 255
580.456 245.762 0 0 0 255
581.755 245.012 0 0 0 255
581.956 245.762 0 0 0 255
581.492 246.847 0 0 0 255
579.419 244.678 0 0 0 255
582.822 245.575 0 0 0 255
579.419 244.678 0 0 0 255
580.75 243.406 0 0 0 255
582.822 245.575 0 0 0 255
581.786 244.491 0 0 0 255
583.286 244.491 0 0 0 255
583.085 245.241 0 0 0 255
581.786 244.491 0 0 0 255
583.085 245.241 0 0 0 255
582.536 245.79 0 0 0 255
581.786 244.491 0 0 0 255
582.536 245.79 0 0 0 255
581.786 245.991 0 0 0 255
581.786 244.491 0 0 0 255
581.786 245.991 0 0 0 255
581.036 245.79 0 0 0 255
581.786 244.491 0 0 0 255
581.036 245.79 0 0 0 255
580.487 245.241 0 0 0 255
581.786 244.491 0 0 0 255
580.487 245.241 0 0 0 255
580.286 244.491 0 0 0 255
581.786 244.491 0 0 0 255
580.286 244.491 0 0 0 255
580.487 243.741 0 0 0 255
581.786 244.491 0 0 0 255
580.487 243.741 0 0 0 255
581.036 243.192 0 0 0 255
581.786 244.491 0 0 0 255
581.036 243.192 0 0 0 255
581.786 242.991 0 0 0 255
581.786 244.491 0 0 0 255
581.786 242.991 0 0 0 255
582.536 243.192 0 0 0 255
581.786 244.491 0 0 0 255
582.536 243.192 0 0 0 255
583.085 243.741 0 0 0 255
581.786 244.491 0 0 0 255
583.085 243.741 0 0 0 255
583.286 244.491 0 0 0 255
582.903 245.492 0 0 0 255
580.669 243.489 0 0 0 255
584.029 244.237 0 0 0 255
580.669 243.489 0 0 0 255
581.796 242.234 0 0 0 255
584.029 244.237 0 0 0 255
582.912 243.235 0 0 0 255
584.412 243.235 0 0 0 255
584.211 243.985 0 0 0 255
582.912 243.235 0 0 0 255
584.211 243.985 0 0 0 255
583.662 244.534 0 0 0 255
582.912 243.235 0 0 0 255
583.662 244.534 0 0 0 255
582.912 244.735 0 0 0 255
582.912 243.235 0 0 0 255
582.912 244.735 0 0 0 255
582.162 244.534 0 0 0 255
582.912 243.235 0 0 0 255
582.162 244.534 0 0 0 255
581.613 243.985 0 0 0 255
582.912 243.235 0 0 0 255
581.613 243.985 0 0 0 255
581.412 243.235 0 0 0 255
582.912 243.235 0 0 0 255
581.412 243.235 0 0 0 255
581.613 242.485 0 0 0 255
582.912 243.235 0 0 0 255
581.613 242.485 0 0 0 255
582.162 241.936 0 0 0 255
582.912 243.235 0 0 0 255
582.162 241.936 0 0 0 255
582.912 241.735 0 0 0 255
582.912 243.235 0 0 0 255
582.912 241.735 0 0 0 255
583.662 241.936 0 0 0 255
582.912 243.235 0 0 0 255
583.662 241.936 0 0 0 255
584.211 242.485 0 0 0 255
582.912 243.235 0 0 0 255
584.211 242.485 0 0 0 255
584.412 243.235 0 0 0 255
584.08 244.176 0 0 0 255
581.744 242.294 0 0 0 255
585.103 242.907 0 0 0 255
581.744 242.294 0 0 0 255
582.767 241.025 0 0 0 255
585.103 242.907 0 0 0 255
583.935 241.966 0 0 0 255
585.435 241.966 0 0 0 255
585.234 242.716 0 0 0 255
583.935 241.966 0 0 0 255
585.234 242.716 0 0 0 255
584.685 243.265 0 0 0 255
583.935 241.966 0 0 0 255
584.685 243.265 0 0 0 255
583.935 243.466 0 0 0 255
583.935 241.966 0 0 0 255
583.935 243.466 0 0 0 255
583.185 243.265 0 0 0 255
583.935 241.966 0 0 0 255
583.185 243.265 0 0 0 255
582.636 242.716 0 0 0 255
583.935 241.966 0 0 0 255
582.636 242.716 0 0 0 255
582.435 241.966 0 0 0 255
583.935 241.966 0 0 0 255
582.435 241.966 0 0 0 255
582.636 241.216 0 0 0 255
583.935 241.966 0 0 0 255
582.636 241.216 0 0 0 255
583.185 240.667 0 0 0 255
583.935 241.966 0 0 0 255
583.185 240.667 0 0 0 255
583.935 240.466 0 0 0 255
583.935 241.966 0 0 0 255
583.935 240.466 0 0 0 255
584.685 240.667 0 0 0 255
583.935 241.966 0 0 0 255
584.685 240.667 0 0 0 255
585.234 241.216 0 0 0 255
583.935 241.966 0 0 0 255
585.234 241.216 0 0 0 255
585.435 241.966 0 0 0 255
585.154 242.839 0 0 0 255
582.715 241.092 0 0 0 255
586.073 241.556 0 0 0 255
582.715 241.092 0 0 0 255
583.634 239.809 0 0 0 255
586.073 241.556 0 0 0 255
584.854 240.683 0 0 0 255
586.354 240.683 0 0 0 255
586.153 241.433 0 0 0 255
584.854 240.683 0 0 0 255
586.153 241.433 0 0 0 255
585.604 241.982 0 0 0 255
584.854 240.683 0 0 0 255
585.604 241.982 0 0 0 255
584.854 242.183 0 0 0 255
584.854 240.683 0 0 0 255
584.854 242.183 0 0 0 255
584.104 241.982 0 0 0 255
584.854 240.683 0 0 0 255
584.104 241.982 0 0 0 255
583.555 241.433 0 0 0 255
584.854 240.683 0 0 0 255
583.555 241.433 0 0 0 255
583.354 240.683 0 0 0 255
584.854 240.683 0 0 0 255
583.354 240.683 0 0 0 255
583.555 239.933 0 0 0 255
584.854 240.683 0 0 0 255
583.555 239.933 0 0 0 255
584.104 239.384 0 0 0 255
584.854 240.683 0 0 0 255
584.104 239.384 0 0 0 255
584.854 239.183 0 0 0 255
584.854 240.683 0 0 0 255
584.854 239.183 0 0 0 255
585.604 239.384 0 0 0 255
584.854 240.683 0 0 0 255
585.604 239.384 0 0 0 255
586.153 239.933 0 0 0 255
584.854 240.683 0 0 0 255
586.153 239.933 0 0 0 255
586.354 240.683 0 0 0 255
586.124 241.481 0 0 0 255
583.584 239.884 0 0 0 255
586.939 240.184 0 0 0 255
583.584 239.884 0 0 0 255
584.399 238.587 0 0 0 255
586.939 240.184 0 0 0 255
585.669 239.386 0 0 0 255
587.169 239.386 0 0 0 255
586.968 240.136 0 0 0 255
585.669 239.386 0 0 0 255
586.968 240.136 0 0 0 255
586.419 240.685 0 0 0 255
585.669 239.386 0 0 0 255
586.419 240.685 0 0 0 255
585.669 240.886 0 0 0 255
585.669 239.386 0 0 0 255
585.669 240.886 0 0 0 255
584.919 240.685 0 0 0 255
585.669 239.386 0 0 0 255
584.919 240.685 0 0 0 255
584.37 240.136 0 0 0 255
585.669 239.386 0 0 0 255
584.37 240.136 0 0 0 255
584.169 239.386 0 0 0 255
585.669 239.386 0 0 0 255
584.169 239.386 0 0 0 255
584.37 238.636 0 0 0 255
585.669 239.386 0 0 0 255
584.37 238.636 0 0 0 255
584.919 238.087 0 0 0 255
585.669 239.386 0 0 0 255
584.919 238.087 0 0 0 255
585.669 237.886 0 0 0 255
585.669 239.386 0 0 0 255
585.669 237.886 0 0 0 255
586.419 238.087 0 0 0 255
585.669 239.386 0 0 0 255
586.419 238.087 0 0 0 255
586.968 238.636 0 0 0 255
585.669 239.386 0 0 0 255
586.968 238.636 0 0 0 255
587.169 239.386 0 0 0 255
586.987 240.101 0 0 0 255
584.351 238.67 0 0 0 255
587.699 238.791 0 0 0 255
584.351 238.67 0 0 0 255
585.062 237.359 0 0 0 255
587.699 238.791 0 0 0 255
586.381 238.075 0 0 0 255
587.881 238.075 0 0 0 255
587.68 238.825 0 0 0 255
586.381 238.075 0 0 0 255
587.68 238.825 0 0 0 255
587.131 239.374 0 0 0 255
586.381 238.075 0 0 0 255
587.131 239.374 0 0 0 255
586.381 239.575 0 0 0 255
586.381 238.075 0 0 0 255
586.381 239.575 0 0 0 255
585.631 239.374 0 0 0 255
586.381 238.075 0 0 0 255
585.631 239.374 0 0 0 255
585.082 238.825 0 0 0 255
586.381 238.075 0 0 0 255
585.082 238.825 0 0 0 255
584.881 238.075 0 0 0 255
586.381 238.075 0 0 0 255
584.881 238.075 0 0 0 255
585.082 237.325 0 0 0 255
586.381 238.075 0 0 0 255
585.082 237.325 0 0 0 255
585.631 236.776 0 0 0 255
586.381 238.075 0 0 0 255
585.631 236.776 0 0 0 255
586.381 236.575 0 0 0 255
586.381 238.075 0 0 0 255
586.381 236.575 0 0 0 255
587.131 236.776 0 0 0 255
586.381 238.075 0 0 0 255
587.131 236.776 0 0 0 255
587.68 237.325 0 0 0 255
586.381 238.075 0 0 0 255
587.68 237.325 0 0 0 255
587.881 238.075 0 0 0 255
587.744 238.701 0 0 0 255
585.018 237.449 0 0 0 255
588.352 237.376 0 0 0 255
585.018 237.449 0 0 0 255
585.626 236.124 0 0 0 255
588.352 237.376 0 0 0 255
586.989 236.75 0 0 0 255
588.489 236.75 0 0 0 255
588.288 237.5 0 0 0 255
586.989 236.75 0 0 0 255
588.288 237.5 0 0 0 255
587.739 238.049 0 0 0 255
586.989 236.75 0 0 0 255
587.739 238.049 0 0 0 255
586.989 238.25 0 0 0 255
586.989 236.75 0 0 0 255
586.989 238.25 0 0 0 255
586.239 238.049 0 0 0 255
586.989 236.75 0 0 0 255
586.239 238.049 0 0 0 255
585.69 237.5 0 0 0 255
586.989 236.75 0 0 0 255
585.69 237.5 0 0 0 255
585.489 236.75 0 0 0 255
586.989 236.75 0 0 0 255
585.489 236.75 0 0 0 255
585.69 236 0 0 0 255
586.989 236.75 0 0 0 255
585.69 236 0 0 0 255
586.239 235.451 0 0 0 255
586.989 236.75 0 0 0 255
586.239 235.451 0 0 0 255
586.989 235.25 0 0 0 255
586.989 236.75 0 0 0 255
586.989 235.25 0 0 0 255
587.739 235.451 0 0 0 255
586.989 236.75 0 0 0 255
587.739 235.451 0 0 0 255
588.288 236 0 0 0 255
586.989 236.75 0 0 0 255
588.288 236 0 0 0 255
588.489 236.75 0 0 0 255
588.38 237.311 0 0 0 255
585.597 236.19 0 0 0 255
588.913 235.988 0 0 0 255
585.597 236.19 0 0 0 255
586.13 234.867 0 0 0 255
588.913 235.988 0 0 0 255
587.522 235.427 0 0 0 255
589.022 235.427 0 0 0 255
588.821 236.177 0 0 0 255
587.522 235.427 0 0 0 255
588.821 236.177 0 0 0 255
588.272 236.726 0 0 0 255
587.522 235.427 0 0 0 255
588.272 236.726 0 0 0 255
587.522 236.927 0 0 0 255
587.522 235.427 0 0 0 255
587.522 236.927 0 0 0 255
586.772 236.726 0 0 0 255
587.522 235.427 0 0 0 255
586.772 236.726 0 0 0 255
586.223 236.177 0 0 0 255
587.522 235.427 0 0 0 255
586.223 236.177 0 0 0 255
586.022 235.427 0 0 0 255
587.522 235.427 0 0 0 255
586.022 235.427 0 0 0 255
586.223 234.677 0 0 0 255
587.522 235.427 0 0 0 255
586.223 234.677 0 0 0 255
586.772 234.128 0 0 0 255
587.522 235.427 0 0 0 255
586.772 234.128 0 0 0 255
587.522 233.927 0 0 0 255
587.522 235.427 0 0 0 255
587.522 233.927 0 0 0 255
588.272 234.128 0 0 0 255
587.522 235.427 0 0 0 255
588.272 234.128 0 0 0 255
588.821 234.677 0 0 0 255
587.522 235.427 0 0 0 255
588.821 234.677 0 0 0 255
589.022 235.427 0 0 0 255
588.928 235.95 0 0 0 255
586.116 234.904 0 0 0 255
589.414 234.644 0 0 0 255
586.116 234.904 0 0 0 255
586.602 233.598 0 0 0 255
589.414 234.644 0 0 0 255
588.008 234.121 0 0 0 255
589.508 234.121 0 0 0 255
589.307 234.871 0 0 0 255
588.008 234.121 0 0 0 255
589.307 234.871 0 0 0 255
588.758 235.42 0 0 0 255
588.008 234.121 0 0 0 255
588.758 235.42 0 0 0 255
588.008 235.621 0 0 0 255
588.008 234.121 0 0 0 255
588.008 235.621 0 0 0 255
587.258 235.42 0 0 0 255
588.008 234.121 0 0 0 255
587.258 235.42 0 0 0 255
586.709 234.871 0 0 0 255
588.008 234.121 0 0 0 255
586.709 234.871 0 0 0 255
586.508 234.121 0 0 0 255
588.008 234.121 0 0 0 255
586.508 234.121 0 0 0 255
586.709 233.371 0 0 0 255
588.008 234.121 0 0 0 255
586.709 233.371 0 0 0 255
587.258 232.822 0 0 0 255
588.008 234.121 0 0 0 255
587.258 232.822 0 0 0 255
588.008 232.621 0 0 0 255
588.008 234.121 0 0 0 255
588.008 232.621 0 0 0 255
588.758 232.822 0 0 0 255
588.008 234.121 0 0 0 255
588.758 232.822 0 0 0 255
589.307 233.371 0 0 0 255
588.008 234.121 0 0 0 255
589.307 233.371 0 0 0 255
589.508 234.121 0 0 0 255
589.428 234.605 0 0 0 255
586.588 233.638 0 0 0 255
589.867 233.315 0 0 0 255
586.588 233.638 0 0 0 255
587.027 232.348 0 0 0 255
589.867 233.315 0 0 0 255
588.447 232.832 0 0 0 255
589.947 232.832 0 0 0 255
589.746 233.582 0 0 0 255
588.447 232.832 0 0 0 255
589.746 233.582 0 0 0 255
589.197 234.131 0 0 0 255
588.447 232.832 0 0 0 255
589.197 234.131 0 0 0 255
588.447 234.332 0 0 0 255
588.447 232.832 0 0 0 255
588.447 234.332 0 0 0 255
587.697 234.131 0 0 0 255
588.447 232.832 0 0 0 255
587.697 234.131 0 0 0 255
587.148 233.582 0 0 0 255
588.447 232.832 0 0 0 255
587.148 233.582 0 0 0 255
586.947 232.832 0 0 0 255
588.447 232.832 0 0 0 255
586.947 232.832 0 0 0 255
587.148 232.082 0 0 0 255
588.447 232.832 0 0 0 255
587.148 232.082 0 0 0 255
587.697 231.533 0 0 0 255
588.447 232.832 0 0 0 255
587.697 231.533 0 0 0 255
588.447 231.332 0 0 0 255
588.447 232.832 0 0 0 255
588.447 231.332 0 0 0 255
589.197 231.533 0 0 0 255
588.447 232.832 0 0 0 255
589.197 231.533 0 0 0 255
589.746 232.082 0 0 0 255
588.447 232.832 0 0 0 255
589.746 232.082 0 0 0 255
589.947 232.832 0 0 0 255
589.88 233.274 0 0 0 255
587.013 232.39 0 0 0 255
590.272 232.001 0 0 0 255
587.013 232.39 0 0 0 255
587.405 231.118 0 0 0 255
590.272 232.001 0 0 0 255
588.839 231.56 0 0 0 255
590.339 231.56 0 0 0 255
590.138 232.31 0 0 0 255
588.839 231.56 0 0 0 255
590.138 232.31 0 0 0 255
589.589 232.859 0 0 0 255
588.839 231.56 0 0 0 255
589.589 232.859 0 0 0 255
588.839 233.06 0 0 0 255
588.839 231.56 0 0 0 255
588.839 233.06 0 0 0 255
588.089 232.859 0 0 0 255
588.839 231.56 0 0 0 255
588.089 232.859 0 0 0 255
587.54 232.31 0 0 0 255
588.839 231.56 0 0 0 255
587.54 232.31 0 0 0 255
587.339 231.56 0 0 0 255
588.839 231.56 0 0 0 255
587.339 231.56 0 0 0 255
587.54 230.81 0 0 0 255
588.839 231.56 0 0 0 255
587.54 230.81 0 0 0 255
588.089 230.261 0 0 0 255
588.839 231.56 0 0 0 255
588.089 230.261 0 0 0 255
588.839 230.06 0 0 0 255
588.839 231.56 0 0 0 255
588.839 230.06 0 0 0 255
589.589 230.261 0 0 0 255
588.839 231.56 0 0 0 255
589.589 230.261 0 0 0 255
590.138 230.81 0 0 0 255
588.839 231.56 0 0 0 255
590.138 230.81 0 0 0 255
590.339 231.56 0 0 0 255
590.285 231.957 0 0 0 255
587.393 231.162 0 0 0 255
590.63 230.702 0 0 0 255
587.393 231.162 0 0 0 255
587.738 229.907 0 0 0 255
590.63 230.702 0 0 0 255
589.184 230.304 0 0 0 255
590.684 230.304 0 0 0 255
590.483 231.054 0 0 0 255
589.184 230.304 0 0 0 255
590.483 231.054 0 0 0 255
589.934 231.603 0 0 0 255
589.184 230.304 0 0 0 255
589.934 231.603 0 0 0 255
589.184 231.804 0 0 0 255
589.184 230.304 0 0 0 255
589.184 231.804 0 0 0 255
588.434 231.603 0 0 0 255
589.184 230.304 0 0 0 255
588.434 231.603 0 0 0 255
587.885 231.054 0 0 0 255
589.184 230.304 0 0 0 255
587.885 231.054 0 0 0 255
587.684 230.304 0 0 0 255
589.184 230.304 0 0 0 255
587.684 230.304 0 0 0 255
587.885 229.554 0 0 0 255
589.184 230.304 0 0 0 255
587.885 229.554 0 0 0 255
588.434 229.005 0 0 0 255
589.184 230.304 0 0 0 255
588.434 229.005 0 0 0 255
589.184 228.804 0 0 0 255
589.184 230.304 0 0 0 255
589.184 228.804 0 0 0 255
589.934 229.005 0 0 0 255
589.184 230.304 0 0 0 255
589.934 229.005 0 0 0 255
590.483 229.554 0 0 0 255
589.184 230.304 0 0 0 255
590.483 229.554 0 0 0 255
590.684 230.304 0 0 0 255
590.642 230.655 0 0 0 255
587.726 229.953 0 0 0 255
590.941 229.417 0 0 0 255
587.726 229.953 0 0 0 255
588.024 228.714 0 0 0 255
590.941 229.417 0 0 0 255
589.482 229.066 0 0 0 255
590.982 229.066 0 0 0 255
590.781 229.816 0 0 0 255
589.482 229.066 0 0 0 255
590.781 229.816 0 0 0 255
590.232 230.365 0 0 0 255
589.482 229.066 0 0 0 255
590.232 230.365 0 0 0 255
589.482 230.566 0 0 0 255
589.482 229.066 0 0 0 255
589.482 230.566 0 0 0 255
588.732 230.365 0 0 0 255
589.482 229.066 0 0 0 255
588.732 230.365 0 0 0 255
588.183 229.816 0 0 0 255
589.482 229.066 0 0 0 255
588.183 229.816 0 0 0 255
587.982 229.066 0 0 0 255
589.482 229.066 0 0 0 255
587.982 229.066 0 0 0 255
588.183 228.316 0 0 0 255
589.482 229.066 0 0 0 255
588.183 228.316 0 0 0 255
588.732 227.767 0 0 0 255
589.482 229.066 0 0 0 255
588.732 227.767 0 0 0 255
589.482 227.566 0 0 0 255
589.482 229.066 0 0 0 255
589.482 227.566 0 0 0 255
590.232 227.767 0 0 0 255
589.482 229.066 0 0 0 255
590.232 227.767 0 0 0 255
590.781 228.316 0 0 0 255
589.482 229.066 0 0 0 255
590.781 228.316 0 0 0 255
590.982 229.066 0 0 0 255
590.947 229.389 0 0 0 255
588.018 228.742 0 0 0 255
591.21 228.196 0 0 0 255
588.018 228.742 0 0 0 255
588.281 227.55 0 0 0 255
591.21 228.196 0 0 0 255
589.746 227.873 0 0 0 255
591.246 227.873 0 0 0 255
591.045 228.623 0 0 0 255
589.746 227.873 0 0 0 255
591.045 228.623 0 0 0 255
590.496 229.172 0 0 0 255
589.746 227.873 0 0 0 255
590.496 229.172 0 0 0 255
589.746 229.373 0 0 0 255
589.746 227.873 0 0 0 255
589.746 229.373 0 0 0 255
588.996 229.172 0 0 0 255
589.746 227.873 0 0 0 255
588.996 229.172 0 0 0 255
588.447 228.623 0 0 0 255
589.746 227.873 0 0 0 255
588.447 228.623 0 0 0 255
588.246 227.873 0 0 0 255
589.746 227.873 0 0 0 255
588.246 227.873 0 0 0 255
588.447 227.123 0 0 0 255
589.746 227.873 0 0 0 255
588.447 227.123 0 0 0 255
588.996 226.574 0 0 0 255
589.746 227.873 0 0 0 255
588.996 226.574 0 0 0 255
589.746 226.373 0 0 0 255
589.746 227.873 0 0 0 255
589.746 226.373 0 0 0 255
590.496 226.574 0 0 0 255
589.746 227.873 0 0 0 255
590.496 226.574 0 0 0 255
591.045 227.123 0 0 0 255
589.746 227.873 0 0 0 255
591.045 227.123 0 0 0 255
591.246 227.873 0 0 0 255
591.212 228.188 0 0 0 255
588.279 227.558 0 0 0 255
591.453 227.071 0 0 0 255
588.279 227.558 0 0 0 255
588.52 226.44 0 0 0 255
591.453 227.071 0 0 0 255
589.986 226.755 0 0 0 255
591.486 226.755 0 0 0 255
591.285 227.505 0 0 0 255
589.986 226.755 0 0 0 255
591.285 227.505 0 0 0 255
590.736 228.054 0 0 0 255
589.986 226.755 0 0 0 255
590.736 228.054 0 0 0 255
589.986 228.255 0 0 0 255
589.986 226.755 0 0 0 255
589.986 228.255 0 0 0 255
589.236 228.054 0 0 0 255
589.986 226.755 0 0 0 255
589.236 228.054 0 0 0 255
588.687 227.505 0 0 0 255
589.986 226.755 0 0 0 255
588.687 227.505 0 0 0 255
588.486 226.755 0 0 0 255
589.986 226.755 0 0 0 255
588.486 226.755 0 0 0 255
588.687 226.005 0 0 0 255
589.986 226.755 0 0 0 255
588.687 226.005 0 0 0 255
589.236 225.456 0 0 0 255
589.986 226.755 0 0 0 255
589.236 225.456 0 0 0 255
589.986 225.255 0 0 0 255
589.986 226.755 0 0 0 255
589.986 225.255 0 0 0 255
590.736 225.456 0 0 0 255
589.986 226.755 0 0 0 255
590.736 225.456 0 0 0 255
591.285 226.005 0 0 0 255
589.986 226.755 0 0 0 255
591.285 226.005 0 0 0 255
591.486 226.755 0 0 0 255
591.454 227.061 0 0 0 255
588.518 226.449 0 0 0 255
591.672 226.018 0 0 0 255
588.518 226.449 0 0 0 255
588.735 225.406 0 0 0 255
591.672 226.018 0 0 0 255
590.203 225.712 0 0 0 255
591.703 225.712 0 0 0 255
591.502 226.462 0 0 0 255
590.203 225.712 0 0 0 255
591.502 226.462 0 0 0 255
590.953 227.011 0 0 0 255
590.203 225.712 0 0 0 255
590.953 227.011 0 0 0 255
590.203 227.212 0 0 0 255
590.203 225.712 0 0 0 255
590.203 227.212 0 0 0 255
589.453 227.011 0 0 0 255
590.203 225.712 0 0 0 255
589.453 227.011 0 0 0 255
588.904 226.462 0 0 0 255
590.203 225.712 0 0 0 255
588.904 226.462 0 0 0 255
588.703 225.712 0 0 0 255
590.203 225.712 0 0 0 255
588.703 225.712 0 0 0 255
588.904 224.962 0 0 0 255
590.203 225.712 0 0 0 255
588.904 224.962 0 0 0 255
589.453 224.413 0 0 0 255
590.203 225.712 0 0 0 255
589.453 224.413 0 0 0 255
590.203 224.212 0 0 0 255
590.203 225.712 0 0 0 255
590.203 224.212 0 0 0 255
590.953 224.413 0 0 0 255
590.203 225.712 0 0 0 255
590.953 224.413 0 0 0 255
591.502 224.962 0 0 0 255
590.203 225.712 0 0 0 255
591.502 224.962 0 0 0 255
591.703 225.712 0 0 0 255
591.674 226.008 0 0 0 255
588.733 225.417 0 0 0 255
591.868 225.039 0 0 0 255
588.733 225.417 0 0 0 255
588.927 224.449 0 0 0 255
591.868 225.039 0 0 0 255
590.398 224.744 0 0 0 255
591.898 224.744 0 0 0 255
591.697 225.494 0 0 0 255
590.398 224.744 0 0 0 255
591.697 225.494 0 0 0 255
591.148 226.043 0 0 0 255
590.398 224.744 0 0 0 255
591.148 226.043 0 0 0 255
590.398 226.244 0 0 0 255
590.398 224.744 0 0 0 255
590.398 226.244 0 0 0 255
589.648 226.043 0 0 0 255
590.398 224.744 0 0 0 255
589.648 226.043 0 0 0 255
589.099 225.494 0 0 0 255
590.398 224.744 0 0 0 255
589.099 225.494 0 0 0 255
588.898 224.744 0 0 0 255
590.398 224.744 0 0 0 255
588.898 224.744 0 0 0 255
589.099 223.994 0 0 0 255
590.398 224.744 0 0 0 255
589.099 223.994 0 0 0 255
589.648 223.445 0 0 0 255
590.398 224.744 0 0 0 255
589.648 223.445 0 0 0 255
590.398 223.244 0 0 0 255
590.398 224.744 0 0 0 255
590.398 223.244 0 0 0 255
591.148 223.445 0 0 0 255
590.398 224.744 0 0 0 255
591.148 223.445 0 0 0 255
591.697 223.994 0 0 0 255
590.398 224.744 0 0 0 255
591.697 223.994 0 0 0 255
591.898 224.744 0 0 0 255
591.871 225.027 0 0 0 255
588.925 224.461 0 0 0 255
592.042 224.134 0 0 0 255
588.925 224.461 0 0 0 255
589.096 223.568 0 0 0 255
592.042 224.134 0 0 0 255
590.569 223.851 0 0 0 255
592.069 223.851 0 0 0 255
591.868 224.601 0 0 0 255
590.569 223.851 0 0 0 255
591.868 224.601 0 0 0 255
591.319 225.15 0 0 0 255
590.569 223.851 0 0 0 255
591.319 225.15 0 0 0 255
590.569 225.351 0 0 0 255
590.569 223.851 0 0 0 255
590.569 225.351 0 0 0 255
589.819 225.15 0 0 0 255
590.569 223.851 0 0 0 255
589.819 225.15 0 0 0 255
589.27 224.601 0 0 0 255
590.569 223.851 0 0 0 255
589.27 224.601 0 0 0 255
589.069 223.851 0 0 0 255
590.569 223.851 0 0 0 255
589.069 223.851 0 0 0 255
589.27 223.101 0 0 0 255
590.569 223.851 0 0 0 255
589.27 223.101 0 0 0 255
589.819 222.552 0 0 0 255
590.569 223.851 0 0 0 255
589.819 222.552 0 0 0 255
590.569 222.351 0 0 0 255
590.569 223.851 0 0 0 255
590.569 222.351 0 0 0 255
591.319 222.552 0 0 0 255
590.569 223.851 0 0 0 255
591.319 222.552 0 0 0 255
591.868 223.101 0 0 0 255
590.569 223.851 0 0 0 255
591.868 223.101 0 0 0 255
592.069 223.851 0 0 0 255
592.045 224.118 0 0 0 255
589.093 223.583 0 0 0 255
592.194 223.3 0 0 0 255
589.093 223.583 0 0 0 255
589.242 222.765 0 0 0 255
592.194 223.3 0 0 0 255
590.718 223.032 0 0 0 255
592.218 223.032 0 0 0 255
592.017 223.782 0 0 0 255
590.718 223.032 0 0 0 255
592.017 223.782 0 0 0 255
591.468 224.331 0 0 0 255
590.718 223.032 0 0 0 255
591.468 224.331 0 0 0 255
590.718 224.532 0 0 0 255
590.718 223.032 0 0 0 255
590.718 224.532 0 0 0 255
589.968 224.331 0 0 0 255
590.718 223.032 0 0 0 255
589.968 224.331 0 0 0 255
589.419 223.782 0 0 0 255
590.718 223.032 0 0 0 255
589.419 223.782 0 0 0 255
589.218 223.032 0 0 0 255
590.718 223.032 0 0 0 255
589.218 223.032 0 0 0 255
589.419 222.282 0 0 0 255
590.718 223.032 0 0 0 255
589.419 222.282 0 0 0 255
589.968 221.733 0 0 0 255
590.718 223.032 0 0 0 255
589.968 221.733 0 0 0 255
590.718 221.532 0 0 0 255
590.718 223.032 0 0 0 255
590.718 221.532 0 0 0 255
591.468 221.733 0 0 0 255
590.718 223.032 0 0 0 255
591.468 221.733 0 0 0 255
592.017 222.282 0 0 0 255
590.718 223.032 0 0 0 255
592.017 222.282 0 0 0 255
592.218 223.032 0 0 0 255
592.197 223.282 0 0 0 255
589.239 222.782 0 0 0 255
592.324 222.532 0 0 0 255
589.239 222.782 0 0 0 255
589.365 222.032 0 0 0 255
592.324 222.532 0 0 0 255
590.844 222.282 0 0 0 255
592.344 222.282 0 0 0 255
592.143 223.032 0 0 0 255
590.844 222.282 0 0 0 255
592.143 223.032 0 0 0 255
591.594 223.581 0 0 0 255
590.844 222.282 0 0 0 255
591.594 223.581 0 0 0 255
590.844 223.782 0 0 0 255
590.844 222.282 0 0 0 255
590.844 223.782 0 0 0 255
590.094 223.581 0 0 0 255
590.844 222.282 0 0 0 255
590.094 223.581 0 0 0 255
589.545 223.032 0 0 0 255
590.844 222.282 0 0 0 255
589.545 223.032 0 0 0 255
589.344 222.282 0 0 0 255
590.844 222.282 0 0 0 255
589.344 222.282 0 0 0 255
589.545 221.532 0 0 0 255
590.844 222.282 0 0 0 255
589.545 221.532 0 0 0 255
590.094 220.983 0 0 0 255
590.844 222.282 0 0 0 255
590.094 220.983 0 0 0 255
590.844 220.782 0 0 0 255
590.844 222.282 0 0 0 255
590.844 220.782 0 0 0 255
591.594 220.983 0 0 0 255
590.844 222.282 0 0 0 255
591.594 220.983 0 0 0 255
592.143 221.532 0 0 0 255
590.844 222.282 0 0 0 255
592.143 221.532 0 0 0 255
592.344 222.282 0 0 0 255
592.327 222.511 0 0 0 255
589.362 222.054 0 0 0 255
592.433 221.823 0 0 0 255
589.362 222.054 0 0 0 255
589.468 221.366 0 0 0 255
592.433 221.823 0 0 0 255
590.951 221.595 0 0 0 255
592.451 221.595 0 0 0 255
592.25 222.345 0 0 0 255
590.951 221.595 0 0 0 255
592.25 222.345 0 0 0 255
591.701 222.894 0 0 0 255
590.951 221.595 0 0 0 255
591.701 222.894 0 0 0 255
590.951 223.095 0 0 0 255
590.951 221.595 0 0 0 255
590.951 223.095 0 0 0 255
590.201 222.894 0 0 0 255
590.951 221.595 0 0 0 255
590.201 222.894 0 0 0 255
589.652 222.345 0 0 0 255
590.951 221.595 0 0 0 255
589.652 222.345 0 0 0 255
589.451 221.595 0 0 0 255
590.951 221.595 0 0 0 255
589.451 221.595 0 0 0 255
589.652 220.845 0 0 0 255
590.951 221.595 0 0 0 255
589.652 220.845 0 0 0 255
590.201 220.296 0 0 0 255
590.951 221.595 0 0 0 255
590.201 220.296 0 0 0 255
590.951 220.095 0 0 0 255
590.951 221.595 0 0 0 255
590.951 220.095 0 0 0 255
591.701 220.296 0 0 0 255
590.951 221.595 0 0 0 255
591.701 220.296 0 0 0 255
592.25 220.845 0 0 0 255
590.951 221.595 0 0 0 255
592.25 220.845 0 0 0 255
592.451 221.595 0 0 0 255
592.437 221.798 0 0 0 255
589.464 221.391 0 0 0 255
592.522 221.173 0 0 0 255
589.464 221.391 0 0 0 255
589.55 220.766 0 0 0 255
592.522 221.173 0 0 0 255
591.036 220.969 0 0 0 255
592.536 220.969 0 0 0 255
592.335 221.719 0 0 0 255
591.036 220.969 0 0 0 255
592.335 221.719 0 0 0 255
591.786 222.268 0 0 0 255
591.036 220.969 0 0 0 255
591.786 222.268 0 0 0 255
591.036 222.469 0 0 0 255
591.036 220.969 0 0 0 255
591.036 222.469 0 0 0 255
590.286 222.268 0 0 0 255
591.036 220.969 0 0 0 255
590.286 222.268 0 0 0 255
589.737 221.719 0 0 0 255
591.036 220.969 0 0 0 255
589.737 221.719 0 0 0 255
589.536 220.969 0 0 0 255
591.036 220.969 0 0 0 255
589.536 220.969 0 0 0 255
589.737 220.219 0 0 0 255
591.036 220.969 0 0 0 255
589.737 220.219 0 0 0 255
590.286 219.67 0 0 0 255
591.036 220.969 0 0 0 255
590.286 219.67 0 0 0 255
591.036 219.469 0 0 0 255
591.036 220.969 0 0 0 255
591.036 219.469 0 0 0 255
591.786 219.67 0 0 0 255
591.036 220.969 0 0 0 255
591.786 219.67 0 0 0 255
592.335 220.219 0 0 0 255
591.036 220.969 0 0 0 255
592.335 220.219 0 0 0 255
592.536 220.969 0 0 0 255
592.526 221.141 0 0 0 255
589.546 220.797 0 0 0 255
592.591 220.578 0 0 0 255
589.546 220.797 0 0 0 255
589.611 220.234 0 0 0 255
592.591 220.578 0 0 0 255
591.101 220.406 0 0 0 255
592.601 220.406 0 0 0 255
592.4 221.156 0 0 0 255
591.101 220.406 0 0 0 255
592.4 221.156 0 0 0 255
591.851 221.705 0 0 0 255
591.101 220.406 0 0 0 255
591.851 221.705 0 0 0 255
591.101 221.906 0 0 0 255
591.101 220.406 0 0 0 255
591.101 221.906 0 0 0 255
590.351 221.705 0 0 0 255
591.101 220.406 0 0 0 255
590.351 221.705 0 0 0 255
589.802 221.156 0 0 0 255
591.101 220.406 0 0 0 255
589.802 221.156 0 0 0 255
589.601 220.406 0 0 0 255
591.101 220.406 0 0 0 255
589.601 220.406 0 0 0 255
589.802 219.656 0 0 0 255
591.101 220.406 0 0 0 255
589.802 219.656 0 0 0 255
590.351 219.107 0 0 0 255
591.101 220.406 0 0 0 255
590.351 219.107 0 0 0 255
591.101 218.906 0 0 0 255
591.101 220.406 0 0 0 255
591.101 218.906 0 0 0 255
591.851 219.107 0 0 0 255
591.101 220.406 0 0 0 255
591.851 219.107 0 0 0 255
592.4 219.656 0 0 0 255
591.101 220.406 0 0 0 255
592.4 219.656 0 0 0 255
592.601 220.406 0 0 0 255
592.595 220.539 0 0 0 255
589.607 220.274 0 0 0 255
592.64 220.038 0 0 0 255
589.607 220.274 0 0 0 255
589.651 219.773 0 0 0 255
592.64 220.038 0 0 0 255
591.146 219.906 0 0 0 255
592.646 219.906 0 0 0 255
592.445 220.656 0 0 0 255
591.146 219.906 0 0 0 255
592.445 220.656 0 0 0 255
591.896 221.205 0 0 0 255
591.146 219.906 0 0 0 255
591.896 221.205 0 0 0 255
591.146 221.406 0 0 0 255
591.146 219.906 0 0 0 255
591.146 221.406 0 0 0 255
590.396 221.205 0 0 0 255
591.146 219.906 0 0 0 255
590.396 221.205 0 0 0 255
589.847 220.656 0 0 0 255
591.146 219.906 0 0 0 255
589.847 220.656 0 0 0 255
589.646 219.906 0 0 0 255
591.146 219.906 0 0 0 255
589.646 219.906 0 0 0 255
589.847 219.156 0 0 0 255
591.146 219.906 0 0 0 255
589.847 219.156 0 0 0 255
590.396 218.607 0 0 0 255
591.146 219.906 0 0 0 255
590.396 218.607 0 0 0 255
591.146 218.406 0 0 0 255
591.146 219.906 0 0 0 255
591.146 218.406 0 0 0 255
591.896 218.607 0 0 0 255
591.146 219.906 0 0 0 255
591.896 218.607 0 0 0 255
592.445 219.156 0 0 0 255
591.146 219.906 0 0 0 255
592.445 219.156 0 0 0 255
592.646 219.906 0 0 0 255
592.643 219.987 0 0 0 255
589.648 219.824 0 0 0 255
592.667 219.549 0 0 0 255
589.648 219.824 0 0 0 255
589.672 219.386 0 0 0 255
592.667 219.549 0 0 0 255
591.169 219.467 0 0 0 255
592.669 219.467 0 0 0 255
592.468 220.217 0 0 0 255
591.169 219.467 0 0 0 255
592.468 220.217 0 0 0 255
591.919 220.767 0 0 0 255
591.169 219.467 0 0 0 255
591.919 220.767 0 0 0 255
591.169 220.967 0 0 0 255
591.169 219.467 0 0 0 255
591.169 220.967 0 0 0 255
590.419 220.767 0 0 0 255
591.169 219.467 0 0 0 255
590.419 220.767 0 0 0 255
589.87 220.217 0 0 0 255
591.169 219.467 0 0 0 255
589.87 220.217 0 0 0 255
589.669 219.467 0 0 0 255
591.169 219.467 0 0 0 255
589.669 219.467 0 0 0 255
589.87 218.717 0 0 0 255
591.169 219.467 0 0 0 255
589.87 218.717 0 0 0 255
590.419 218.168 0 0 0 255
591.169 219.467 0 0 0 255
590.419 218.168 0 0 0 255
591.169 217.967 0 0 0 255
591.169 219.467 0 0 0 255
591.169 217.967 0 0 0 255
591.919 218.168 0 0 0 255
591.169 219.467 0 0 0 255
591.919 218.168 0 0 0 255
592.468 218.717 0 0 0 255
591.169 219.467 0 0 0 255
592.468 218.717 0 0 0 255
592.669 219.467 0 0 0 255
592.669 219.515 0 0 0 255
589.67 219.42 0 0 0 255
592.681 219.12 0 0 0 255
589.67 219.42 0 0 0 255
589.683 219.025 0 0 0 255
592.681 219.12 0 0 0 255
591.182 219.073 0 0 0 255
592.682 219.073 0 0 0 255
592.481 219.823 0 0 0 255
591.182 219.073 0 0 0 255
592.481 219.823 0 0 0 255
591.932 220.372 0 0 0 255
591.182 219.073 0 0 0 255
591.932 220.372 0 0 0 255
591.182 220.573 0 0 0 255
591.182 219.073 0 0 0 255
591.182 220.573 0 0 0 255
590.432 220.372 0 0 0 255
591.182 219.073 0 0 0 255
590.432 220.372 0 0 0 255
589.883 219.823 0 0 0 255
591.182 219.073 0 0 0 255
589.883 219.823 0 0 0 255
589.682 219.073 0 0 0 255
591.182 219.073 0 0 0 255
589.682 219.073 0 0 0 255
589.883 218.323 0 0 0 255
591.182 219.073 0 0 0 255
589.883 218.323 0 0 0 255
590.432 217.774 0 0 0 255
591.182 219.073 0 0 0 255
590.432 217.774 0 0 0 255
591.182 217.573 0 0 0 255
591.182 219.073 0 0 0 255
591.182 217.573 0 0 0 255
591.932 217.774 0 0 0 255
591.182 219.073 0 0 0 255
591.932 217.774 0 0 0 255
592.481 218.323 0 0 0 255
591.182 219.073 0 0 0 255
592.481 218.323 0 0 0 255
592.682 219.073 0 0 0 255
592.681 219.115 0 0 0 255
589.683 219.03 0 0 0 255
592.692 218.744 0 0 0 255
589.683 219.03 0 0 0 255
589.693 218.66 0 0 0 255
592.692 218.744 0 0 0 255
591.192 218.702 0 0 0 255
592.692 218.702 0 0 0 255
592.491 219.452 0 0 0 255
591.192 218.702 0 0 0 255
592.491 219.452 0 0 0 255
591.942 220.001 0 0 0 255
591.192 218.702 0 0 0 255
591.942 220.001 0 0 0 255
591.192 220.202 0 0 0 255
591.192 218.702 0 0 0 255
591.192 220.202 0 0 0 255
590.442 220.001 0 0 0 255
591.192 218.702 0 0 0 255
590.442 220.001 0 0 0 255
589.893 219.452 0 0 0 255
591.192 218.702 0 0 0 255
589.893 219.452 0 0 0 255
589.692 218.702 0 0 0 255
591.192 218.702 0 0 0 255
589.692 218.702 0 0 0 255
589.893 217.952 0 0 0 255
591.192 218.702 0 0 0 255
589.893 217.952 0 0 0 255
590.442 217.403 0 0 0 255
591.192 218.702 0 0 0 255
590.442 217.403 0 0 0 255
591.192 217.202 0 0 0 255
591.192 218.702 0 0 0 255
591.192 217.202 0 0 0 255
591.942 217.403 0 0 0 255
591.192 218.702 0 0 0 255
591.942 217.403 0 0 0 255
592.491 217.952 0 0 0 255
591.192 218.702 0 0 0 255
592.491 217.952 0 0 0 255
592.692 218.702 0 0 0 255
592.692 218.739 0 0 0 255
589.693 218.666 0 0 0 255
592.7 218.393 0 0 0 255
589.693 218.666 0 0 0 255
589.701 218.32 0 0 0 255
592.7 218.393 0 0 0 255
591.201 218.356 0 0 0 255
592.701 218.356 0 0 0 255
592.5 219.106 0 0 0 255
591.201 218.356 0 0 0 255
592.5 219.106 0 0 0 255
591.951 219.655 0 0 0 255
591.201 218.356 0 0 0 255
591.951 219.655 0 0 0 255
591.201 219.856 0 0 0 255
591.201 218.356 0 0 0 255
591.201 219.856 0 0 0 255
590.451 219.655 0 0 0 255
591.201 218.356 0 0 0 255
590.451 219.655 0 0 0 255
589.902 219.106 0 0 0 255
591.201 218.356 0 0 0 255
589.902 219.106 0 0 0 255
589.701 218.356 0 0 0 255
591.201 218.356 0 0 0 255
589.701 218.356 0 0 0 255
589.902 217.606 0 0 0 255
591.201 218.356 0 0 0 255
589.902 217.606 0 0 0 255
590.451 217.057 0 0 0 255
591.201 218.356 0 0 0 255
590.451 217.057 0 0 0 255
591.201 216.856 0 0 0 255
591.201 218.356 0 0 0 255
591.201 216.856 0 0 0 255
591.951 217.057 0 0 0 255
591.201 218.356 0 0 0 255
591.951 217.057 0 0 0 255
592.5 217.606 0 0 0 255
591.201 218.356 0 0 0 255
592.5 217.606 0 0 0 255
592.701 218.356 0 0 0 255
592.701 218.386 0 0 0 255
589.701 218.327 0 0 0 255
592.707 218.065 0 0 0 255
589.701 218.327 0 0 0 255
589.707 218.005 0 0 0 255
592.707 218.065 0 0 0 255
591.207 218.035 0 0 0 255
592.707 218.035 0 0 0 255
592.506 218.785 0 0 0 255
591.207 218.035 0 0 0 255
592.506 218.785 0 0 0 255
591.957 219.334 0 0 0 255
591.207 218.035 0 0 0 255
591.957 219.334 0 0 0 255
591.207 219.535 0 0 0 255
591.207 218.035 0 0 0 255
591.207 219.535 0 0 0 255
590.457 219.334 0 0 0 255
591.207 218.035 0 0 0 255
590.457 219.334 0 0 0 255
589.908 218.785 0 0 0 255
591.207 218.035 0 0 0 255
589.908 218.785 0 0 0 255
589.707 218.035 0 0 0 255
591.207 218.035 0 0 0 255
589.707 218.035 0 0 0 255
589.908 217.285 0 0 0 255
591.207 218.035 0 0 0 255
589.908 217.285 0 0 0 255
590.457 216.736 0 0 0 255
591.207 218.035 0 0 0 255
590.457 216.736 0 0 0 255
591.207 216.535 0 0 0 255
591.207 218.035 0 0 0 255
591.207 216.535 0 0 0 255
591.957 216.736 0 0 0 255
591.207 218.035 0 0 0 255
591.957 216.736 0 0 0 255
592.506 217.285 0 0 0 255
591.207 218.035 0 0 0 255
592.506 217.285 0 0 0 255
592.707 218.035 0 0 0 255
592.707 218.057 0 0 0 255
589.707 218.013 0 0 0 255
592.711 217.76 0 0 0 255
589.707 218.013 0 0 0 255
589.712 217.716 0 0 0 255
592.711 217.76 0 0 0 255
591.211 217.738 0 0 0 255
592.711 217.738 0 0 0 255
592.51 218.488 0 0 0 255
591.211 217.738 0 0 0 255
592.51 218.488 0 0 0 255
591.961 219.037 0 0 0 255
591.211 217.738 0 0 0 255
591.961 219.037 0 0 0 255
591.211 219.238 0 0 0 255
591.211 217.738 0 0 0 255
591.211 219.238 0 0 0 255
590.461 219.037 0 0 0 255
591.211 217.738 0 0 0 255
590.461 219.037 0 0 0 255
589.912 218.488 0 0 0 255
591.211 217.738 0 0 0 255
589.912 218.488 0 0 0 255
589.711 217.738 0 0 0 255
591.211 217.738 0 0 0 255
589.711 217.738 0 0 0 255
589.912 216.988 0 0 0 255
591.211 217.738 0 0 0 255
589.912 216.988 0 0 0 255
590.461 216.439 0 0 0 255
591.211 217.738 0 0 0 255
590.461 216.439 0 0 0 255
591.211 216.238 0 0 0 255
591.211 217.738 0 0 0 255
591.211 216.238 0 0 0 255
591.961 216.439 0 0 0 255
591.211 217.738 0 0 0 255
591.961 216.439 0 0 0 255
592.51 216.988 0 0 0 255
591.211 217.738 0 0 0 255
592.51 216.988 0 0 0 255
592.711 217.738 0 0 0 255
592.711 217.751 0 0 0 255
589.712 217.726 0 0 0 255
592.714 217.478 0 0 0 255
589.712 217.726 0 0 0 255
589.714 217.454 0 0 0 255
592.714 217.478 0 0 0 255
591.214 217.466 0 0 0 255
592.714 217.466 0 0 0 255
592.513 218.216 0 0 0 255
591.214 217.466 0 0 0 255
592.513 218.216 0 0 0 255
591.964 218.765 0 0 0 255
591.214 217.466 0 0 0 255
591.964 218.765 0 0 0 255
591.214 218.966 0 0 0 255
591.214 217.466 0 0 0 255
591.214 218.966 0 0 0 255
590.464 218.765 0 0 0 255
591.214 217.466 0 0 0 255
590.464 218.765 0 0 0 255
589.915 218.216 0 0 0 255
591.214 217.466 0 0 0 255
589.915 218.216 0 0 0 255
589.714 217.466 0 0 0 255
591.214 217.466 0 0 0 255
589.714 217.466 0 0 0 255
589.915 216.716 0 0 0 255
591.214 217.466 0 0 0 255
589.915 216.716 0 0 0 255
590.464 216.167 0 0 0 255
591.214 217.466 0 0 0 255
590.464 216.167 0 0 0 255
591.214 215.966 0 0 0 255
591.214 217.466 0 0 0 255
591.214 215.966 0 0 0 255
591.964 216.167 0 0 0 255
591.214 217.466 0 0 0 255
591.964 216.167 0 0 0 255
592.513 216.716 0 0 0 255
591.214 217.466 0 0 0 255
592.513 216.716 0 0 0 255
592.714 217.466 0 0 0 255
592.559 216.803 0 0 0 255
589.868 218.129 0 0 0 255
592.441 216.562 0 0 0 255
589.868 218.129 0 0 0 255
589.75 217.888 0 0 0 255
592.441 216.562 0 0 0 255
591.095 217.225 0 0 0 255
592.595 217.225 0 0 0 255
592.394 217.975 0 0 0 255
591.095 217.225 0 0 0 255
592.394 217.975 0 0 0 255
591.845 218.524 0 0 0 255
591.095 217.225 0 0 0 255
591.845 218.524 0 0 0 255
591.095 218.725 0 0 0 255
591.095 217.225 0 0 0 255
591.095 218.725 0 0 0 255
590.345 218.524 0 0 0 255
591.095 217.225 0 0 0 255
590.345 218.524 0 0 0 255
589.796 217.975 0 0 0 255
591.095 217.225 0 0 0 255
589.796 217.975 0 0 0 255
589.595 217.225 0 0 0 255
591.095 217.225 0 0 0 255
589.595 217.225 0 0 0 255
589.796 216.475 0 0 0 255
591.095 217.225 0 0 0 255
589.796 216.475 0 0 0 255
590.345 215.926 0 0 0 255
591.095 217.225 0 0 0 255
590.345 215.926 0 0 0 255
591.095 215.725 0 0 0 255
591.095 217.225 0 0 0 255
591.095 215.725 0 0 0 255
591.845 215.926 0 0 0 255
591.095 217.225 0 0 0 255
591.845 215.926 0 0 0 255
592.394 216.475 0 0 0 255
591.095 217.225 0 0 0 255
592.394 216.475 0 0 0 255
592.595 217.225 0 0 0 255
591.832 215.919 0 0 0 255
590.358 218.532 0 0 0 255
591.474 215.717 0 0 0 255
590.358 218.532 0 0 0 255
590 218.33 0 0 0 255
591.474 215.717 0 0 0 255
590.737 217.023 0 0 0 255
592.237 217.023 0 0 0 255
592.036 217.773 0 0 0 255
590.737 217.023 0 0 0 255
592.036 217.773 0 0 0 255
591.487 218.322 0 0 0 255
590.737 217.023 0 0 0 255
591.487 218.322 0 0 0 255
590.737 218.523 0 0 0 255
590.737 217.023 0 0 0 255
590.737 218.523 0 0 0 255
589.987 218.322 0 0 0 255
590.737 217.023 0 0 0 255
589.987 218.322 0 0 0 255
589.438 217.773 0 0 0 255
590.737 217.023 0 0 0 255
589.438 217.773 0 0 0 255
589.237 217.023 0 0 0 255
590.737 217.023 0 0 0 255
589.237 217.023 0 0 0 255
589.438 216.273 0 0 0 255
590.737 217.023 0 0 0 255
589.438 216.273 0 0 0 255
589.987 215.724 0 0 0 255
590.737 217.023 0 0 0 255
589.987 215.724 0 0 0 255
590.737 215.523 0 0 0 255
590.737 217.023 0 0 0 255
590.737 215.523 0 0 0 255
591.487 215.724 0 0 0 255
590.737 217.023 0 0 0 255
591.487 215.724 0 0 0 255
592.036 216.273 0 0 0 255
590.737 217.023 0 0 0 255
592.036 216.273 0 0 0 255
592.237 217.023 0 0 0 255
591.132 215.576 0 0 0 255
590.341 218.47 0 0 0 255
590.534 215.413 0 0 0 255
590.341 218.47 0 0 0 255
589.743 218.306 0 0 0 255
590.534 215.413 0 0 0 255
590.139 216.86 0 0 0 255
591.639 216.86 0 0 0 255
591.438 217.61 0 0 0 255
590.139 216.86 0 0 0 255
591.438 217.61 0 0 0 255
590.889 218.159 0 0 0 255
590.139 216.86 0 0 0 255
590.889 218.159 0 0 0 255
590.139 218.36 0 0 0 255
590.139 216.86 0 0 0 255
590.139 218.36 0 0 0 255
589.389 218.159 0 0 0 255
590.139 216.86 0 0 0 255
589.389 218.159 0 0 0 255
588.84 217.61 0 0 0 255
590.139 216.86 0 0 0 255
588.84 217.61 0 0 0 255
588.639 216.86 0 0 0 255
590.139 216.86 0 0 0 255
588.639 216.86 0 0 0 255
588.84 216.11 0 0 0 255
590.139 216.86 0 0 0 255
588.84 216.11 0 0 0 255
589.389 215.56 0 0 0 255
590.139 216.86 0 0 0 255
589.389 215.56 0 0 0 255
590.139 215.36 0 0 0 255
590.139 216.86 0 0 0 255
590.139 215.36 0 0 0 255
590.889 215.56 0 0 0 255
590.139 216.86 0 0 0 255
590.889 215.56 0 0 0 255
591.438 216.11 0 0 0 255
590.139 216.86 0 0 0 255
591.438 216.11 0 0 0 255
591.639 216.86 0 0 0 255
590.36 215.376 0 0 0 255
589.917 218.343 0 0 0 255
589.522 215.251 0 0 0 255
589.917 218.343 0 0 0 255
589.079 218.218 0 0 0 255
589.522 215.251 0 0 0 255
589.301 216.735 0 0 0 255
590.801 216.735 0 0 0 255
590.6 217.485 0 0 0 255
589.301 216.735 0 0 0 255
590.6 217.485 0 0 0 255
590.051 218.034 0 0 0 255
589.301 216.735 0 0 0 255
590.051 218.034 0 0 0 255
589.301 218.235 0 0 0 255
589.301 216.735 0 0 0 255
589.301 218.235 0 0 0 255
588.551 218.034 0 0 0 255
589.301 216.735 0 0 0 255
588.551 218.034 0 0 0 255
588.002 217.485 0 0 0 255
589.301 216.735 0 0 0 255
588.002 217.485 0 0 0 255
587.801 216.735 0 0 0 255
589.301 216.735 0 0 0 255
587.801 216.735 0 0 0 255
588.002 215.985 0 0 0 255
589.301 216.735 0 0 0 255
588.002 215.985 0 0 0 255
588.551 215.436 0 0 0 255
589.301 216.735 0 0 0 255
588.551 215.436 0 0 0 255
589.301 215.235 0 0 0 255
589.301 216.735 0 0 0 255
589.301 215.235 0 0 0 255
590.051 215.436 0 0 0 255
589.301 216.735 0 0 0 255
590.051 215.436 0 0 0 255
590.6 215.985 0 0 0 255
589.301 216.735 0 0 0 255
590.6 215.985 0 0 0 255
590.801 216.735 0 0 0 255
589.42 215.239 0 0 0 255
589.181 218.23 0 0 0 255
588.343 215.153 0 0 0 255
589.181 218.23 0 0 0 255
588.103 218.143 0 0 0 255
588.343 215.153 0 0 0 255
588.223 216.648 0 0 0 255
589.723 216.648 0 0 0 255
589.522 217.398 0 0 0 255
588.223 216.648 0 0 0 255
589.522 217.398 0 0 0 255
588.973 217.947 0 0 0 255
588.223 216.648 0 0 0 255
588.973 217.947 0 0 0 255
588.223 218.148 0 0 0 255
588.223 216.648 0 0 0 255
588.223 218.148 0 0 0 255
587.473 217.947 0 0 0 255
588.223 216.648 0 0 0 255
587.473 217.947 0 0 0 255
586.924 217.398 0 0 0 255
588.223 216.648 0 0 0 255
586.924 217.398 0 0 0 255
586.723 216.648 0 0 0 255
588.223 216.648 0 0 0 255
586.723 216.648 0 0 0 255
586.924 215.898 0 0 0 255
588.223 216.648 0 0 0 255
586.924 215.898 0 0 0 255
587.473 215.349 0 0 0 255
588.223 216.648 0 0 0 255
587.473 215.349 0 0 0 255
588.223 215.148 0 0 0 255
588.223 216.648 0 0 0 255
588.223 215.148 0 0 0 255
588.973 215.349 0 0 0 255
588.223 216.648 0 0 0 255
588.973 215.349 0 0 0 255
589.522 215.898 0 0 0 255
588.223 216.648 0 0 0 255
589.522 215.898 0 0 0 255
589.723 216.648 0 0 0 255
588.277 215.149 0 0 0 255
588.169 218.147 0 0 0 255
586.96 215.101 0 0 0 255
588.169 218.147 0 0 0 255
586.851 218.099 0 0 0 255
586.96 215.101 0 0 0 255
586.906 216.6 0 0 0 255
588.406 216.6 0 0 0 255
588.205 217.35 0 0 0 255
586.906 216.6 0 0 0 255
588.205 217.35 0 0 0 255
587.656 217.9 0 0 0 255
586.906 216.6 0 0 0 255
587.656 217.9 0 0 0 255
586.906 218.1 0 0 0 255
586.906 216.6 0 0 0 255
586.906 218.1 0 0 0 255
586.156 217.9 0 0 0 255
586.906 216.6 0 0 0 255
586.156 217.9 0 0 0 255
585.607 217.35 0 0 0 255
586.906 216.6 0 0 0 255
585.607 217.35 0 0 0 255
585.406 216.6 0 0 0 255
586.906 216.6 0 0 0 255
585.406 216.6 0 0 0 255
585.607 215.85 0 0 0 255
586.906 216.6 0 0 0 255
585.607 215.85 0 0 0 255
586.156 215.301 0 0 0 255
586.906 216.6 0 0 0 255
586.156 215.301 0 0 0 255
586.906 215.1 0 0 0 255
586.906 216.6 0 0 0 255
586.906 215.1 0 0 0 255
587.656 215.301 0 0 0 255
586.906 216.6 0 0 0 255
587.656 215.301 0 0 0 255
588.205 215.85 0 0 0 255
586.906 216.6 0 0 0 255
588.205 215.85 0 0 0 255
588.406 216.6 0 0 0 255
586.935 215.101 0 0 0 255
586.876 218.1 0 0 0 255
582.624 215.015 0 0 0 255
586.876 218.1 0 0 0 255
582.564 218.015 0 0 0 255
582.624 215.015 0 0 0 255
582.594 216.515 0 0 0 255
584.094 216.515 0 0 0 255
583.893 217.265 0 0 0 255
582.594 216.515 0 0 0 255
583.893 217.265 0 0 0 255
583.344 217.814 0 0 0 255
582.594 216.515 0 0 0 255
583.344 217.814 0 0 0 255
582.594 218.015 0 0 0 255
582.594 216.515 0 0 0 255
582.594 218.015 0 0 0 255
581.844 217.814 0 0 0 255
582.594 216.515 0 0 0 255
581.844 217.814 0 0 0 255
581.295 217.265 0 0 0 255
582.594 216.515 0 0 0 255
581.295 217.265 0 0 0 255
581.094 216.515 0 0 0 255
582.594 216.515 0 0 0 255
581.094 216.515 0 0 0 255
581.295 215.765 0 0 0 255
582.594 216.515 0 0 0 255
581.295 215.765 0 0 0 255
581.844 215.216 0 0 0 255
582.594 216.515 0 0 0 255
581.844 215.216 0 0 0 255
582.594 215.015 0 0 0 255
582.594 216.515 0 0 0 255
582.594 215.015 0 0 0 255
583.344 215.216 0 0 0 255
582.594 216.515 0 0 0 255
583.344 215.216 0 0 0 255
583.893 215.765 0 0 0 255
582.594 216.515 0 0 0 255
583.893 215.765 0 0 0 255
584.094 216.515 0 0 0 255
582.594 218.015 0 0 0 255
582.594 215.015 0 0 0 255
589.754 218.013 0 0 0 255
582.594 215.015 0 0 0 255
589.754 215.013 0 0 0 255
589.754 218.013 0 0 0 255
589.754 216.513 0 0 0 255
591.254 216.513 0 0 0 255
591.053 217.263 0 0 0 255
589.754 216.513 0 0 0 255
591.053 217.263 0 0 0 255
590.504 217.812 0 0 0 255
589.754 216.513 0 0 0 255
590.504 217.812 0 0 0 255
589.754 218.013 0 0 0 255
589.754 216.513 0 0 0 255
589.754 218.013 0 0 0 255
589.004 217.812 0 0 0 255
589.754 216.513 0 0 0 255
589.004 217.812 0 0 0 255
588.455 217.263 0 0 0 255
589.754 216.513 0 0 0 255
588.455 217.263 0 0 0 255
588.254 216.513 0 0 0 255
589.754 216.513 0 0 0 255
588.254 216.513 0 0 0 255
588.455 215.763 0 0 0 255
589.754 216.513 0 0 0 255
588.455 215.763 0 0 0 255
589.004 215.214 0 0 0 255
589.754 216.513 0 0 0 255
589.004 215.214 0 0 0 255
589.754 215.013 0 0 0 255
589.754 216.513 0 0 0 255
589.754 215.013 0 0 0 255
590.504 215.214 0 0 0 255
589.754 216.513 0 0 0 255
590.504 215.214 0 0 0 255
591.053 215.763 0 0 0 255
589.754 216.513 0 0 0 255
591.053 215.763 0 0 0 255
591.254 216.513 0 0 0 255
589.754 216.513 0 0 0 255
591.254 216.513 0 0 0 255
591.14 217.087 0 0 0 255
589.754 216.513 0 0 0 255
591.14 217.087 0 0 0 255
590.815 217.574 0 0 0 255
589.754 216.513 0 0 0 255
590.815 217.574 0 0 0 255
590.328 217.899 0 0 0 255
589.754 216.513 0 0 0 255
590.328 217.899 0 0 0 255
589.754 218.013 0 0 0 255
589.754 216.513 0 0 0 255
589.754 218.013 0 0 0 255
589.18 217.899 0 0 0 255
589.754 216.513 0 0 0 255
589.18 217.899 0 0 0 255
588.693 217.574 0 0 0 255
589.754 216.513 0 0 0 255
588.693 217.574 0 0 0 255
588.368 217.087 0 0 0 255
589.754 216.513 0 0 0 255
588.368 217.087 0 0 0 255
588.254 216.513 0 0 0 255
589.754 216.513 0 0 0 255
588.254 216.513 0 0 0 255
588.368 215.939 0 0 0 255
589.754 216.513 0 0 0 255
588.368 215.939 0 0 0 255
588.693 215.453 0 0 0 255
589.754 216.513 0 0 0 255
588.693 215.453 0 0 0 255
589.18 215.128 0 0 0 255
589.754 216.513 0 0 0 255
589.18 215.128 0 0 0 255
589.754 215.013 0 0 0 255
589.754 216.513 0 0 0 255
589.754 215.013 0 0 0 255
590.328 215.128 0 0 0 255
589.754 216.513 0 0 0 255
590.328 215.128 0 0 0 255
590.815 215.453 0 0 0 255
589.754 216.513 0 0 0 255
590.815 215.453 0 0 0 255
591.14 215.939 0 0 0 255
589.754 216.513 0 0 0 255
591.14 215.939 0 0 0 255
591.254 216.513 0 0 0 255
